solid stdin
  facet normal 5.329933167e-01 8.418976068e-01 -8.441831917e-02
    outer loop
      vertex 1.235230118e-01 1.945817232e+00 -4.013505951e-02
      vertex 1.298797727e-01 1.945817232e+00 0.000000000e+00
      vertex 6.583782285e-02 1.986361265e+00 0.000000000e+00
    endloop
  endfacet
  facet normal 4.808204472e-01 8.418983817e-01 -2.449870408e-01
    outer loop
      vertex 1.050749421e-01 1.945817232e+00 -7.634141296e-02
      vertex 1.235230118e-01 1.945817232e+00 -4.013505951e-02
      vertex 6.261549145e-02 1.986361265e+00 -2.034500614e-02
    endloop
  endfacet
  facet normal 3.815809488e-01 8.418977857e-01 -3.815809488e-01
    outer loop
      vertex 7.634141296e-02 1.945817232e+00 -1.050749421e-01
      vertex 1.050749421e-01 1.945817232e+00 -7.634141296e-02
      vertex 5.326391384e-02 1.986361265e+00 -3.869849816e-02
    endloop
  endfacet
  facet normal 2.449904680e-01 8.418989182e-01 -4.808178246e-01
    outer loop
      vertex 4.013505206e-02 1.945817232e+00 -1.235230118e-01
      vertex 7.634141296e-02 1.945817232e+00 -1.050749421e-01
      vertex 3.869849816e-02 1.986361265e+00 -5.326391384e-02
    endloop
  endfacet
  facet normal 8.441767097e-02 8.418990374e-01 -5.329914689e-01
    outer loop
      vertex -5.677225356e-09 1.945817232e+00 -1.298797727e-01
      vertex 4.013505206e-02 1.945817232e+00 -1.235230118e-01
      vertex 2.034500428e-02 1.986361265e+00 -6.261549145e-02
    endloop
  endfacet
  facet normal -8.441796899e-02 8.418973088e-01 -5.329940915e-01
    outer loop
      vertex -4.013506323e-02 1.945817232e+00 -1.235229969e-01
      vertex -5.677225356e-09 1.945817232e+00 -1.298797727e-01
      vertex -2.877862393e-09 1.986361265e+00 -6.583782285e-02
    endloop
  endfacet
  facet normal -2.449901700e-01 8.418977857e-01 -4.808200002e-01
    outer loop
      vertex -7.634141296e-02 1.945817232e+00 -1.050749421e-01
      vertex -4.013506323e-02 1.945817232e+00 -1.235229969e-01
      vertex -2.034500800e-02 1.986361265e+00 -6.261548400e-02
    endloop
  endfacet
  facet normal -3.815818131e-01 8.418993354e-01 -3.815767765e-01
    outer loop
      vertex -1.050749570e-01 1.945817232e+00 -7.634141296e-02
      vertex -7.634141296e-02 1.945817232e+00 -1.050749421e-01
      vertex -3.869849443e-02 1.986361265e+00 -5.326391384e-02
    endloop
  endfacet
  facet normal -4.808200002e-01 8.418974280e-01 -2.449915409e-01
    outer loop
      vertex -1.235230193e-01 1.945817232e+00 -4.013503343e-02
      vertex -1.050749570e-01 1.945817232e+00 -7.634141296e-02
      vertex -5.326392129e-02 1.986361265e+00 -3.869849443e-02
    endloop
  endfacet
  facet normal -5.329931974e-01 8.418977261e-01 -8.441825956e-02
    outer loop
      vertex -1.298797727e-01 1.945817232e+00 4.232020601e-08
      vertex -1.235230193e-01 1.945817232e+00 -4.013503343e-02
      vertex -6.261549145e-02 1.986361265e+00 -2.034499310e-02
    endloop
  endfacet
  facet normal -5.329931974e-01 8.418977261e-01 8.441827446e-02
    outer loop
      vertex -1.235229895e-01 1.945817232e+00 4.013511166e-02
      vertex -1.298797727e-01 1.945817232e+00 4.232020601e-08
      vertex -6.583782285e-02 1.986361265e+00 2.145268496e-08
    endloop
  endfacet
  facet normal -4.808198214e-01 8.418974280e-01 2.449915409e-01
    outer loop
      vertex -1.050748974e-01 1.945817232e+00 7.634147257e-02
      vertex -1.235229895e-01 1.945817232e+00 4.013511166e-02
      vertex -6.261547655e-02 1.986361265e+00 2.034503222e-02
    endloop
  endfacet
  facet normal -3.815807998e-01 8.418979049e-01 3.815807998e-01
    outer loop
      vertex -7.634134591e-02 1.945817232e+00 1.050750017e-01
      vertex -1.050748974e-01 1.945817232e+00 7.634147257e-02
      vertex -5.326389149e-02 1.986361265e+00 3.869853169e-02
    endloop
  endfacet
  facet normal -2.449899018e-01 8.418989778e-01 4.808179140e-01
    outer loop
      vertex -4.013495520e-02 1.945817232e+00 1.235230342e-01
      vertex -7.634134591e-02 1.945817232e+00 1.050750017e-01
      vertex -3.869846091e-02 1.986361265e+00 5.326394364e-02
    endloop
  endfacet
  facet normal -8.441754431e-02 8.418979645e-01 5.329930186e-01
    outer loop
      vertex 1.254118018e-07 1.945817232e+00 1.298797727e-01
      vertex -4.013495520e-02 1.945817232e+00 1.235230342e-01
      vertex -2.034495212e-02 1.986361265e+00 6.261550635e-02
    endloop
  endfacet
  facet normal 8.441845328e-02 8.418964148e-01 5.329953432e-01
    outer loop
      vertex 4.013519362e-02 1.945817232e+00 1.235229596e-01
      vertex 1.254118018e-07 1.945817232e+00 1.298797727e-01
      vertex 6.357294069e-08 1.986361265e+00 6.583782285e-02
    endloop
  endfacet
  facet normal 2.449913472e-01 8.418998718e-01 4.808159173e-01
    outer loop
      vertex 7.634154707e-02 1.945817232e+00 1.050748453e-01
      vertex 4.013519362e-02 1.945817232e+00 1.235229596e-01
      vertex 2.034507506e-02 1.986361265e+00 6.261546910e-02
    endloop
  endfacet
  facet normal 3.815813661e-01 8.418977261e-01 3.815807402e-01
    outer loop
      vertex 1.050750539e-01 1.945817232e+00 7.634127885e-02
      vertex 7.634154707e-02 1.945817232e+00 1.050748453e-01
      vertex 3.869856521e-02 1.986361265e+00 5.326386914e-02
    endloop
  endfacet
  facet normal 4.808203280e-01 8.418971896e-01 2.449915558e-01
    outer loop
      vertex 1.235230565e-01 1.945817232e+00 4.013487697e-02
      vertex 1.050750539e-01 1.945817232e+00 7.634127885e-02
      vertex 5.326396972e-02 1.986361265e+00 3.869843110e-02
    endloop
  endfacet
  facet normal 5.329932570e-01 8.418977261e-01 8.441869915e-02
    outer loop
      vertex 1.298797727e-01 1.945817232e+00 0.000000000e+00
      vertex 1.235230565e-01 1.945817232e+00 4.013487697e-02
      vertex 6.261551380e-02 1.986361265e+00 2.034491301e-02
    endloop
  endfacet
  facet normal 7.338947654e-01 6.692439318e-01 -1.162371784e-01
    outer loop
      vertex 1.810611337e-01 1.879473686e+00 -5.883032829e-02
      vertex 1.903789490e-01 1.879473686e+00 0.000000000e+00
      vertex 1.298797727e-01 1.945817232e+00 0.000000000e+00
    endloop
  endfacet
  facet normal 6.620557308e-01 6.692435145e-01 -3.373356760e-01
    outer loop
      vertex 1.540198028e-01 1.879473686e+00 -1.119019315e-01
      vertex 1.810611337e-01 1.879473686e+00 -5.883032829e-02
      vertex 1.235230118e-01 1.945817232e+00 -4.013505951e-02
    endloop
  endfacet
  facet normal 5.254104733e-01 6.692437530e-01 -5.254108310e-01
    outer loop
      vertex 1.119019315e-01 1.879473686e+00 -1.540198028e-01
      vertex 1.540198028e-01 1.879473686e+00 -1.119019315e-01
      vertex 1.050749421e-01 1.945817232e+00 -7.634141296e-02
    endloop
  endfacet
  facet normal 3.373340070e-01 6.692433953e-01 -6.620566845e-01
    outer loop
      vertex 5.883032084e-02 1.879473686e+00 -1.810611337e-01
      vertex 1.119019315e-01 1.879473686e+00 -1.540198028e-01
      vertex 7.634141296e-02 1.945817232e+00 -1.050749421e-01
    endloop
  endfacet
  facet normal 1.162374467e-01 6.692435741e-01 -7.338950038e-01
    outer loop
      vertex -8.321728195e-09 1.879473686e+00 -1.903789490e-01
      vertex 5.883032084e-02 1.879473686e+00 -1.810611337e-01
      vertex 4.013505206e-02 1.945817232e+00 -1.235230118e-01
    endloop
  endfacet
  facet normal -1.162376031e-01 6.692445278e-01 -7.338941097e-01
    outer loop
      vertex -5.883033201e-02 1.879473686e+00 -1.810611337e-01
      vertex -8.321728195e-09 1.879473686e+00 -1.903789490e-01
      vertex -5.677225356e-09 1.945817232e+00 -1.298797727e-01
    endloop
  endfacet
  facet normal -3.373343647e-01 6.692432165e-01 -6.620566845e-01
    outer loop
      vertex -1.119019166e-01 1.879473686e+00 -1.540198028e-01
      vertex -5.883033201e-02 1.879473686e+00 -1.810611337e-01
      vertex -4.013506323e-02 1.945817232e+00 -1.235229969e-01
    endloop
  endfacet
  facet normal -5.254098177e-01 6.692429781e-01 -5.254126191e-01
    outer loop
      vertex -1.540198177e-01 1.879473686e+00 -1.119019166e-01
      vertex -1.119019166e-01 1.879473686e+00 -1.540198028e-01
      vertex -7.634141296e-02 1.945817232e+00 -1.050749421e-01
    endloop
  endfacet
  facet normal -6.620556712e-01 6.692436337e-01 -3.373354375e-01
    outer loop
      vertex -1.810611486e-01 1.879473686e+00 -5.883029103e-02
      vertex -1.540198177e-01 1.879473686e+00 -1.119019166e-01
      vertex -1.050749570e-01 1.945817232e+00 -7.634141296e-02
    endloop
  endfacet
  facet normal -7.338946462e-01 6.692439914e-01 -1.162370965e-01
    outer loop
      vertex -1.903789490e-01 1.879473686e+00 6.203333669e-08
      vertex -1.810611486e-01 1.879473686e+00 -5.883029103e-02
      vertex -1.235230193e-01 1.945817232e+00 -4.013503343e-02
    endloop
  endfacet
  facet normal -7.338943481e-01 6.692438722e-01 1.162398830e-01
    outer loop
      vertex -1.810611039e-01 1.879473686e+00 5.883041024e-02
      vertex -1.903789490e-01 1.879473686e+00 6.203333669e-08
      vertex -1.298797727e-01 1.945817232e+00 4.232020601e-08
    endloop
  endfacet
  facet normal -6.620556712e-01 6.692435145e-01 3.373355865e-01
    outer loop
      vertex -1.540197432e-01 1.879473686e+00 1.119020209e-01
      vertex -1.810611039e-01 1.879473686e+00 5.883041024e-02
      vertex -1.235229895e-01 1.945817232e+00 4.013511166e-02
    endloop
  endfacet
  facet normal -5.254095197e-01 6.692430973e-01 5.254127979e-01
    outer loop
      vertex -1.119018346e-01 1.879473686e+00 1.540198773e-01
      vertex -1.540197432e-01 1.879473686e+00 1.119020209e-01
      vertex -1.050748974e-01 1.945817232e+00 7.634147257e-02
    endloop
  endfacet
  facet normal -3.373340070e-01 6.692435145e-01 6.620566249e-01
    outer loop
      vertex -5.883017927e-02 1.879473686e+00 1.810611933e-01
      vertex -1.119018346e-01 1.879473686e+00 1.540198773e-01
      vertex -7.634134591e-02 1.945817232e+00 1.050750017e-01
    endloop
  endfacet
  facet normal -1.162368357e-01 6.692445874e-01 7.338941693e-01
    outer loop
      vertex 1.838297408e-07 1.879473686e+00 1.903789490e-01
      vertex -5.883017927e-02 1.879473686e+00 1.810611933e-01
      vertex -4.013495520e-02 1.945817232e+00 1.235230342e-01
    endloop
  endfacet
  facet normal 1.162383482e-01 6.692451239e-01 7.338934541e-01
    outer loop
      vertex 5.883052945e-02 1.879473686e+00 1.810610741e-01
      vertex 1.838297408e-07 1.879473686e+00 1.903789490e-01
      vertex 1.254118018e-07 1.945817232e+00 1.298797727e-01
    endloop
  endfacet
  facet normal 3.373345435e-01 6.692433953e-01 6.620563269e-01
    outer loop
      vertex 1.119021326e-01 1.879473686e+00 1.540196687e-01
      vertex 5.883052945e-02 1.879473686e+00 1.810610741e-01
      vertex 4.013519362e-02 1.945817232e+00 1.235229596e-01
    endloop
  endfacet
  facet normal 5.254109502e-01 6.692436337e-01 5.254105926e-01
    outer loop
      vertex 1.540199518e-01 1.879473686e+00 1.119017228e-01
      vertex 1.119021326e-01 1.879473686e+00 1.540196687e-01
      vertex 7.634154707e-02 1.945817232e+00 1.050748453e-01
    endloop
  endfacet
  facet normal 6.620565653e-01 6.692441702e-01 3.373329341e-01
    outer loop
      vertex 1.810612231e-01 1.879473686e+00 5.883006379e-02
      vertex 1.540199518e-01 1.879473686e+00 1.119017228e-01
      vertex 1.050750539e-01 1.945817232e+00 7.634127885e-02
    endloop
  endfacet
  facet normal 7.338946462e-01 6.692439914e-01 1.162376776e-01
    outer loop
      vertex 1.903789490e-01 1.879473686e+00 0.000000000e+00
      vertex 1.810612231e-01 1.879473686e+00 5.883006379e-02
      vertex 1.235230565e-01 1.945817232e+00 4.013487697e-02
    endloop
  endfacet
  facet normal 8.451752067e-01 5.174549818e-01 -1.338634044e-01
    outer loop
      vertex 2.336603850e-01 1.789140463e+00 -7.592087239e-02
      vertex 2.456850857e-01 1.789140463e+00 0.000000000e+00
      vertex 1.903789490e-01 1.879473686e+00 0.000000000e+00
    endloop
  endfacet
  facet normal 7.624436021e-01 5.174550414e-01 -3.884842098e-01
    outer loop
      vertex 1.987634152e-01 1.789140463e+00 -1.444100589e-01
      vertex 2.336603850e-01 1.789140463e+00 -7.592087239e-02
      vertex 1.810611337e-01 1.879473686e+00 -5.883032829e-02
    endloop
  endfacet
  facet normal 6.050791144e-01 5.174555182e-01 -6.050777435e-01
    outer loop
      vertex 1.444100589e-01 1.789140463e+00 -1.987634152e-01
      vertex 1.987634152e-01 1.789140463e+00 -1.444100589e-01
      vertex 1.540198028e-01 1.879473686e+00 -1.119019315e-01
    endloop
  endfacet
  facet normal 3.884844482e-01 5.174552798e-01 -7.624432445e-01
    outer loop
      vertex 7.592085749e-02 1.789140463e+00 -2.336603850e-01
      vertex 1.444100589e-01 1.789140463e+00 -1.987634152e-01
      vertex 1.119019315e-01 1.879473686e+00 -1.540198028e-01
    endloop
  endfacet
  facet normal 1.338621676e-01 5.174536705e-01 -8.451760411e-01
    outer loop
      vertex -1.073923617e-08 1.789140463e+00 -2.456850857e-01
      vertex 7.592085749e-02 1.789140463e+00 -2.336603850e-01
      vertex 5.883032084e-02 1.879473686e+00 -1.810611337e-01
    endloop
  endfacet
  facet normal -1.338627487e-01 5.174542069e-01 -8.451756835e-01
    outer loop
      vertex -7.592087239e-02 1.789140463e+00 -2.336603850e-01
      vertex -1.073923617e-08 1.789140463e+00 -2.456850857e-01
      vertex -8.321728195e-09 1.879473686e+00 -1.903789490e-01
    endloop
  endfacet
  facet normal -3.884853125e-01 5.174562931e-01 -7.624422312e-01
    outer loop
      vertex -1.444100589e-01 1.789140463e+00 -1.987634152e-01
      vertex -7.592087239e-02 1.789140463e+00 -2.336603850e-01
      vertex -5.883033201e-02 1.879473686e+00 -1.810611337e-01
    endloop
  endfacet
  facet normal -6.050783992e-01 5.174549818e-01 -6.050788760e-01
    outer loop
      vertex -1.987634152e-01 1.789140463e+00 -1.444100589e-01
      vertex -1.444100589e-01 1.789140463e+00 -1.987634152e-01
      vertex -1.119019166e-01 1.879473686e+00 -1.540198028e-01
    endloop
  endfacet
  facet normal -7.624439001e-01 5.174549222e-01 -3.884839416e-01
    outer loop
      vertex -2.336604148e-01 1.789140463e+00 -7.592081279e-02
      vertex -1.987634152e-01 1.789140463e+00 -1.444100589e-01
      vertex -1.540198177e-01 1.879473686e+00 -1.119019166e-01
    endloop
  endfacet
  facet normal -8.451754451e-01 5.174549818e-01 -1.338615566e-01
    outer loop
      vertex -2.456850857e-01 1.789140463e+00 8.005436314e-08
      vertex -2.336604148e-01 1.789140463e+00 -7.592081279e-02
      vertex -1.810611486e-01 1.879473686e+00 -5.883029103e-02
    endloop
  endfacet
  facet normal -8.451753855e-01 5.174550414e-01 1.338615716e-01
    outer loop
      vertex -2.336603701e-01 1.789140463e+00 7.592096925e-02
      vertex -2.456850857e-01 1.789140463e+00 8.005436314e-08
      vertex -1.903789490e-01 1.879473686e+00 6.203333669e-08
    endloop
  endfacet
  facet normal -7.624436021e-01 5.174553394e-01 3.884840906e-01
    outer loop
      vertex -1.987633109e-01 1.789140463e+00 1.444101781e-01
      vertex -2.336603701e-01 1.789140463e+00 7.592096925e-02
      vertex -1.810611039e-01 1.879473686e+00 5.883041024e-02
    endloop
  endfacet
  facet normal -6.050782800e-01 5.174549222e-01 6.050789356e-01
    outer loop
      vertex -1.444099396e-01 1.789140463e+00 1.987635046e-01
      vertex -1.987633109e-01 1.789140463e+00 1.444101781e-01
      vertex -1.540197432e-01 1.879473686e+00 1.119020209e-01
    endloop
  endfacet
  facet normal -3.884841204e-01 5.174551606e-01 7.624435425e-01
    outer loop
      vertex -7.592067122e-02 1.789140463e+00 2.336604595e-01
      vertex -1.444099396e-01 1.789140463e+00 1.987635046e-01
      vertex -1.119018346e-01 1.879473686e+00 1.540198773e-01
    endloop
  endfacet
  facet normal -1.338619292e-01 5.174545646e-01 8.451755643e-01
    outer loop
      vertex 2.372333086e-07 1.789140463e+00 2.456850857e-01
      vertex -7.592067122e-02 1.789140463e+00 2.336604595e-01
      vertex -5.883017927e-02 1.879473686e+00 1.810611933e-01
    endloop
  endfacet
  facet normal 1.338633001e-01 5.174548030e-01 8.451752067e-01
    outer loop
      vertex 7.592112571e-02 1.789140463e+00 2.336603254e-01
      vertex 2.372333086e-07 1.789140463e+00 2.456850857e-01
      vertex 1.838297408e-07 1.879473686e+00 1.903789490e-01
    endloop
  endfacet
  facet normal 3.884852827e-01 5.174549818e-01 7.624431252e-01
    outer loop
      vertex 1.444103122e-01 1.789140463e+00 1.987632364e-01
      vertex 7.592112571e-02 1.789140463e+00 2.336603254e-01
      vertex 5.883052945e-02 1.879473686e+00 1.810610741e-01
    endloop
  endfacet
  facet normal 6.050797105e-01 5.174552202e-01 6.050774455e-01
    outer loop
      vertex 1.987635940e-01 1.789140463e+00 1.444098055e-01
      vertex 1.444103122e-01 1.789140463e+00 1.987632364e-01
      vertex 1.119021326e-01 1.879473686e+00 1.540196687e-01
    endloop
  endfacet
  facet normal 7.624440193e-01 5.174547434e-01 3.884839118e-01
    outer loop
      vertex 2.336605042e-01 1.789140463e+00 7.592052221e-02
      vertex 1.987635940e-01 1.789140463e+00 1.444098055e-01
      vertex 1.540199518e-01 1.879473686e+00 1.119017228e-01
    endloop
  endfacet
  facet normal 8.451750875e-01 5.174549222e-01 1.338640004e-01
    outer loop
      vertex 2.456850857e-01 1.789140463e+00 0.000000000e+00
      vertex 2.336605042e-01 1.789140463e+00 7.592052221e-02
      vertex 1.810612231e-01 1.879473686e+00 5.883006379e-02
    endloop
  endfacet
  facet normal 9.076332450e-01 3.943815529e-01 -1.437543780e-01
    outer loop
      vertex 2.798859775e-01 1.677281618e+00 -9.094046801e-02
      vertex 2.942895591e-01 1.677281618e+00 0.000000000e+00
      vertex 2.456850857e-01 1.789140463e+00 0.000000000e+00
    endloop
  endfacet
  facet normal 8.187875748e-01 3.943808973e-01 -4.171938896e-01
    outer loop
      vertex 2.380852550e-01 1.677281618e+00 -1.729790419e-01
      vertex 2.798859775e-01 1.677281618e+00 -9.094046801e-02
      vertex 2.336603850e-01 1.789140463e+00 -7.592087239e-02
    endloop
  endfacet
  facet normal 6.497938037e-01 3.943810463e-01 -6.497935057e-01
    outer loop
      vertex 1.729790419e-01 1.677281618e+00 -2.380852550e-01
      vertex 2.380852550e-01 1.677281618e+00 -1.729790419e-01
      vertex 1.987634152e-01 1.789140463e+00 -1.444100589e-01
    endloop
  endfacet
  facet normal 4.171927273e-01 3.943813145e-01 -8.187879324e-01
    outer loop
      vertex 9.094046801e-02 1.677281618e+00 -2.798859775e-01
      vertex 1.729790419e-01 1.677281618e+00 -2.380852550e-01
      vertex 1.444100589e-01 1.789140463e+00 -1.987634152e-01
    endloop
  endfacet
  facet normal 1.437550187e-01 3.943812251e-01 -9.076332450e-01
    outer loop
      vertex -1.286380513e-08 1.677281618e+00 -2.942895591e-01
      vertex 9.094046801e-02 1.677281618e+00 -2.798859775e-01
      vertex 7.592085749e-02 1.789140463e+00 -2.336603850e-01
    endloop
  endfacet
  facet normal -1.437548697e-01 3.943808377e-01 -9.076333046e-01
    outer loop
      vertex -9.094048291e-02 1.677281618e+00 -2.798859775e-01
      vertex -1.286380513e-08 1.677281618e+00 -2.942895591e-01
      vertex -1.073923617e-08 1.789140463e+00 -2.456850857e-01
    endloop
  endfacet
  facet normal -4.171926677e-01 3.943809271e-01 -8.187881112e-01
    outer loop
      vertex -1.729790419e-01 1.677281618e+00 -2.380852550e-01
      vertex -9.094048291e-02 1.677281618e+00 -2.798859775e-01
      vertex -7.592087239e-02 1.789140463e+00 -2.336603850e-01
    endloop
  endfacet
  facet normal -6.497934461e-01 3.943810761e-01 -6.497937441e-01
    outer loop
      vertex -2.380852699e-01 1.677281618e+00 -1.729790419e-01
      vertex -1.729790419e-01 1.677281618e+00 -2.380852550e-01
      vertex -1.444100589e-01 1.789140463e+00 -1.987634152e-01
    endloop
  endfacet
  facet normal -8.187879920e-01 3.943813741e-01 -4.171924591e-01
    outer loop
      vertex -2.798860073e-01 1.677281618e+00 -9.094040841e-02
      vertex -2.380852699e-01 1.677281618e+00 -1.729790419e-01
      vertex -1.987634152e-01 1.789140463e+00 -1.444100589e-01
    endloop
  endfacet
  facet normal -9.076332450e-01 3.943813145e-01 -1.437543184e-01
    outer loop
      vertex -2.942895591e-01 1.677281618e+00 9.589171412e-08
      vertex -2.798860073e-01 1.677281618e+00 -9.094040841e-02
      vertex -2.336604148e-01 1.789140463e+00 -7.592081279e-02
    endloop
  endfacet
  facet normal -9.076332450e-01 3.943808377e-01 1.437556595e-01
    outer loop
      vertex -2.798859477e-01 1.677281618e+00 9.094059467e-02
      vertex -2.942895591e-01 1.677281618e+00 9.589171412e-08
      vertex -2.456850857e-01 1.789140463e+00 8.005436314e-08
    endloop
  endfacet
  facet normal -8.187878728e-01 3.943815827e-01 4.171925485e-01
    outer loop
      vertex -2.380851358e-01 1.677281618e+00 1.729791909e-01
      vertex -2.798859477e-01 1.677281618e+00 9.094059467e-02
      vertex -2.336603701e-01 1.789140463e+00 7.592096925e-02
    endloop
  endfacet
  facet normal -6.497935653e-01 3.943814039e-01 6.497935653e-01
    outer loop
      vertex -1.729788929e-01 1.677281618e+00 2.380853742e-01
      vertex -2.380851358e-01 1.677281618e+00 1.729791909e-01
      vertex -1.987633109e-01 1.789140463e+00 1.444101781e-01
    endloop
  endfacet
  facet normal -4.171922207e-01 3.943810761e-01 8.187882304e-01
    outer loop
      vertex -9.094023705e-02 1.677281618e+00 2.798860669e-01
      vertex -1.729788929e-01 1.677281618e+00 2.380853742e-01
      vertex -1.444099396e-01 1.789140463e+00 1.987635046e-01
    endloop
  endfacet
  facet normal -1.437544078e-01 3.943805695e-01 9.076335430e-01
    outer loop
      vertex 2.841657363e-07 1.677281618e+00 2.942895591e-01
      vertex -9.094023705e-02 1.677281618e+00 2.798860669e-01
      vertex -7.592067122e-02 1.789140463e+00 2.336604595e-01
    endloop
  endfacet
  facet normal 1.437559426e-01 3.943821192e-01 9.076326489e-01
    outer loop
      vertex 9.094078094e-02 1.677281618e+00 2.798858881e-01
      vertex 2.841657363e-07 1.677281618e+00 2.942895591e-01
      vertex 2.372333086e-07 1.789140463e+00 2.456850857e-01
    endloop
  endfacet
  facet normal 4.171938598e-01 3.943809271e-01 8.187875152e-01
    outer loop
      vertex 1.729793400e-01 1.677281618e+00 2.380850315e-01
      vertex 9.094078094e-02 1.677281618e+00 2.798858881e-01
      vertex 7.592112571e-02 1.789140463e+00 2.336603254e-01
    endloop
  endfacet
  facet normal 6.497945189e-01 3.943809271e-01 6.497928500e-01
    outer loop
      vertex 2.380854636e-01 1.677281618e+00 1.729787439e-01
      vertex 1.729793400e-01 1.677281618e+00 2.380850315e-01
      vertex 1.444103122e-01 1.789140463e+00 1.987632364e-01
    endloop
  endfacet
  facet normal 8.187881708e-01 3.943811357e-01 4.171923697e-01
    outer loop
      vertex 2.798861265e-01 1.677281618e+00 9.094005823e-02
      vertex 2.380854636e-01 1.677281618e+00 1.729787439e-01
      vertex 1.987635940e-01 1.789140463e+00 1.444098055e-01
    endloop
  endfacet
  facet normal 9.076331854e-01 3.943816721e-01 1.437536925e-01
    outer loop
      vertex 2.942895591e-01 1.677281618e+00 0.000000000e+00
      vertex 2.798861265e-01 1.677281618e+00 9.094005823e-02
      vertex 2.336605042e-01 1.789140463e+00 7.592052221e-02
    endloop
  endfacet
  facet normal 9.440631270e-01 2.939172983e-01 -1.495243311e-01
    outer loop
      vertex 3.184770346e-01 1.546948195e+00 -1.034794673e-01
      vertex 3.348665833e-01 1.546948195e+00 0.000000000e+00
      vertex 2.942895591e-01 1.677281618e+00 0.000000000e+00
    endloop
  endfacet
  facet normal 8.516513109e-01 2.939178348e-01 -4.339381456e-01
    outer loop
      vertex 2.709127367e-01 1.546948195e+00 -1.968296319e-01
      vertex 3.184770346e-01 1.546948195e+00 -1.034794673e-01
      vertex 2.798859775e-01 1.677281618e+00 -9.094046801e-02
    endloop
  endfacet
  facet normal 6.758740544e-01 2.939172983e-01 -6.758748293e-01
    outer loop
      vertex 1.968296319e-01 1.546948195e+00 -2.709127367e-01
      vertex 2.709127367e-01 1.546948195e+00 -1.968296319e-01
      vertex 2.380852550e-01 1.677281618e+00 -1.729790419e-01
    endloop
  endfacet
  facet normal 4.339389801e-01 2.939175665e-01 -8.516510129e-01
    outer loop
      vertex 1.034794599e-01 1.546948195e+00 -3.184770346e-01
      vertex 1.968296319e-01 1.546948195e+00 -2.709127367e-01
      vertex 1.729790419e-01 1.677281618e+00 -2.380852550e-01
    endloop
  endfacet
  facet normal 1.495245099e-01 2.939179242e-01 -9.440628886e-01
    outer loop
      vertex -1.463748323e-08 1.546948195e+00 -3.348665833e-01
      vertex 1.034794599e-01 1.546948195e+00 -3.184770346e-01
      vertex 9.094046801e-02 1.677281618e+00 -2.798859775e-01
    endloop
  endfacet
  facet normal -1.495243758e-01 2.939175665e-01 -9.440629482e-01
    outer loop
      vertex -1.034794673e-01 1.546948195e+00 -3.184770346e-01
      vertex -1.463748323e-08 1.546948195e+00 -3.348665833e-01
      vertex -1.286380513e-08 1.677281618e+00 -2.942895591e-01
    endloop
  endfacet
  facet normal -4.339386523e-01 2.939176261e-01 -8.516511321e-01
    outer loop
      vertex -1.968296021e-01 1.546948195e+00 -2.709127367e-01
      vertex -1.034794673e-01 1.546948195e+00 -3.184770346e-01
      vertex -9.094048291e-02 1.677281618e+00 -2.798859775e-01
    endloop
  endfacet
  facet normal -6.758747101e-01 2.939176559e-01 -6.758741736e-01
    outer loop
      vertex -2.709127665e-01 1.546948195e+00 -1.968296021e-01
      vertex -1.968296021e-01 1.546948195e+00 -2.709127367e-01
      vertex -1.729790419e-01 1.677281618e+00 -2.380852550e-01
    endloop
  endfacet
  facet normal -8.516517878e-01 2.939173877e-01 -4.339376688e-01
    outer loop
      vertex -3.184770644e-01 1.546948195e+00 -1.034794003e-01
      vertex -2.709127665e-01 1.546948195e+00 -1.968296021e-01
      vertex -2.380852699e-01 1.677281618e+00 -1.729790419e-01
    endloop
  endfacet
  facet normal -9.440628886e-01 2.939178944e-01 -1.495242566e-01
    outer loop
      vertex -3.348665833e-01 1.546948195e+00 1.091133868e-07
      vertex -3.184770644e-01 1.546948195e+00 -1.034794003e-01
      vertex -2.798860073e-01 1.677281618e+00 -9.094040841e-02
    endloop
  endfacet
  facet normal -9.440630078e-01 2.939172685e-01 1.495253295e-01
    outer loop
      vertex -3.184770048e-01 1.546948195e+00 1.034796014e-01
      vertex -3.348665833e-01 1.546948195e+00 1.091133868e-07
      vertex -2.942895591e-01 1.677281618e+00 9.589171412e-08
    endloop
  endfacet
  facet normal -8.516510725e-01 2.939178646e-01 4.339384139e-01
    outer loop
      vertex -2.709126174e-01 1.546948195e+00 1.968297809e-01
      vertex -3.184770048e-01 1.546948195e+00 1.034796014e-01
      vertex -2.798859477e-01 1.677281618e+00 9.094059467e-02
    endloop
  endfacet
  facet normal -6.758740544e-01 2.939173877e-01 6.758748293e-01
    outer loop
      vertex -1.968294531e-01 1.546948195e+00 2.709128857e-01
      vertex -2.709126174e-01 1.546948195e+00 1.968297809e-01
      vertex -2.380851358e-01 1.677281618e+00 1.729791909e-01
    endloop
  endfacet
  facet normal -4.339371920e-01 2.939171791e-01 8.516521454e-01
    outer loop
      vertex -1.034791991e-01 1.546948195e+00 3.184771240e-01
      vertex -1.968294531e-01 1.546948195e+00 2.709128857e-01
      vertex -1.729788929e-01 1.677281618e+00 2.380853742e-01
    endloop
  endfacet
  facet normal -1.495247632e-01 2.939174473e-01 9.440629482e-01
    outer loop
      vertex 3.233468817e-07 1.546948195e+00 3.348665833e-01
      vertex -1.034791991e-01 1.546948195e+00 3.184771240e-01
      vertex -9.094023705e-02 1.677281618e+00 2.798860669e-01
    endloop
  endfacet
  facet normal 1.495254189e-01 2.939176857e-01 9.440628290e-01
    outer loop
      vertex 1.034798175e-01 1.546948195e+00 3.184769154e-01
      vertex 3.233468817e-07 1.546948195e+00 3.348665833e-01
      vertex 2.841657363e-07 1.677281618e+00 2.942895591e-01
    endloop
  endfacet
  facet normal 4.339387715e-01 2.939174771e-01 8.516510725e-01
    outer loop
      vertex 1.968299747e-01 1.546948195e+00 2.709124982e-01
      vertex 1.034798175e-01 1.546948195e+00 3.184769154e-01
      vertex 9.094078094e-02 1.677281618e+00 2.798858881e-01
    endloop
  endfacet
  facet normal 6.758757234e-01 2.939174473e-01 6.758731604e-01
    outer loop
      vertex 2.709130049e-01 1.546948195e+00 1.968292743e-01
      vertex 1.968299747e-01 1.546948195e+00 2.709124982e-01
      vertex 1.729793400e-01 1.677281618e+00 2.380850315e-01
    endloop
  endfacet
  facet normal 8.516520858e-01 2.939173579e-01 4.339369237e-01
    outer loop
      vertex 3.184771836e-01 1.546948195e+00 1.034789905e-01
      vertex 2.709130049e-01 1.546948195e+00 1.968292743e-01
      vertex 2.380854636e-01 1.677281618e+00 1.729787439e-01
    endloop
  endfacet
  facet normal 9.440630078e-01 2.939177155e-01 1.495239437e-01
    outer loop
      vertex 3.348665833e-01 1.546948195e+00 0.000000000e+00
      vertex 3.184771836e-01 1.546948195e+00 1.034789905e-01
      vertex 2.798861265e-01 1.677281618e+00 9.094005823e-02
    endloop
  endfacet
  facet normal 9.658592343e-01 2.090788186e-01 -1.529766321e-01
    outer loop
      vertex 3.483808935e-01 1.401695490e+00 -1.131958142e-01
      vertex 3.663093448e-01 1.401695490e+00 0.000000000e+00
      vertex 3.348665833e-01 1.546948195e+00 0.000000000e+00
    endloop
  endfacet
  facet normal 8.713141680e-01 2.090790570e-01 -4.439567626e-01
    outer loop
      vertex 2.963504791e-01 1.401695490e+00 -2.153112143e-01
      vertex 3.483808935e-01 1.401695490e+00 -1.131958142e-01
      vertex 3.184770346e-01 1.546948195e+00 -1.034794673e-01
    endloop
  endfacet
  facet normal 6.914790273e-01 2.090793997e-01 -6.914785504e-01
    outer loop
      vertex 2.153112143e-01 1.401695490e+00 -2.963504791e-01
      vertex 2.963504791e-01 1.401695490e+00 -2.153112143e-01
      vertex 2.709127367e-01 1.546948195e+00 -1.968296319e-01
    endloop
  endfacet
  facet normal 4.439563453e-01 2.090789229e-01 -8.713144064e-01
    outer loop
      vertex 1.131957993e-01 1.401695490e+00 -3.483808935e-01
      vertex 2.153112143e-01 1.401695490e+00 -2.963504791e-01
      vertex 1.968296319e-01 1.546948195e+00 -2.709127367e-01
    endloop
  endfacet
  facet normal 1.529769897e-01 2.090788931e-01 -9.658592343e-01
    outer loop
      vertex -1.601189048e-08 1.401695490e+00 -3.663093448e-01
      vertex 1.131957993e-01 1.401695490e+00 -3.483808935e-01
      vertex 1.034794599e-01 1.546948195e+00 -3.184770346e-01
    endloop
  endfacet
  facet normal -1.529775113e-01 2.090789229e-01 -9.658591151e-01
    outer loop
      vertex -1.131958291e-01 1.401695490e+00 -3.483808935e-01
      vertex -1.601189048e-08 1.401695490e+00 -3.663093448e-01
      vertex -1.463748323e-08 1.546948195e+00 -3.348665833e-01
    endloop
  endfacet
  facet normal -4.439569712e-01 2.090788931e-01 -8.713140488e-01
    outer loop
      vertex -2.153111994e-01 1.401695490e+00 -2.963504791e-01
      vertex -1.131958291e-01 1.401695490e+00 -3.483808935e-01
      vertex -1.034794673e-01 1.546948195e+00 -3.184770346e-01
    endloop
  endfacet
  facet normal -6.914784908e-01 2.090790570e-01 -6.914791465e-01
    outer loop
      vertex -2.963505089e-01 1.401695490e+00 -2.153111994e-01
      vertex -2.153111994e-01 1.401695490e+00 -2.963504791e-01
      vertex -1.968296021e-01 1.546948195e+00 -2.709127367e-01
    endloop
  endfacet
  facet normal -8.713141084e-01 2.090787441e-01 -4.439568520e-01
    outer loop
      vertex -3.483808935e-01 1.401695490e+00 -1.131957397e-01
      vertex -2.963505089e-01 1.401695490e+00 -2.153111994e-01
      vertex -2.709127665e-01 1.546948195e+00 -1.968296021e-01
    endloop
  endfacet
  facet normal -9.658592343e-01 2.090784013e-01 -1.529774666e-01
    outer loop
      vertex -3.663093448e-01 1.401695490e+00 1.193587309e-07
      vertex -3.483808935e-01 1.401695490e+00 -1.131957397e-01
      vertex -3.184770644e-01 1.546948195e+00 -1.034794003e-01
    endloop
  endfacet
  facet normal -9.658591747e-01 2.090791762e-01 1.529774666e-01
    outer loop
      vertex -3.483808339e-01 1.401695490e+00 1.131959707e-01
      vertex -3.663093448e-01 1.401695490e+00 1.193587309e-07
      vertex -3.348665833e-01 1.546948195e+00 1.091133868e-07
    endloop
  endfacet
  facet normal -8.713140488e-01 2.090789080e-01 4.439570308e-01
    outer loop
      vertex -2.963503301e-01 1.401695490e+00 2.153113931e-01
      vertex -3.483808339e-01 1.401695490e+00 1.131959707e-01
      vertex -3.184770048e-01 1.546948195e+00 1.034796014e-01
    endloop
  endfacet
  facet normal -6.914784908e-01 2.090789974e-01 6.914791465e-01
    outer loop
      vertex -2.153110355e-01 1.401695490e+00 2.963506281e-01
      vertex -2.963503301e-01 1.401695490e+00 2.153113931e-01
      vertex -2.709126174e-01 1.546948195e+00 1.968297809e-01
    endloop
  endfacet
  facet normal -4.439563453e-01 2.090789229e-01 8.713144064e-01
    outer loop
      vertex -1.131955162e-01 1.401695490e+00 3.483809829e-01
      vertex -2.153110355e-01 1.401695490e+00 2.963506281e-01
      vertex -1.968294531e-01 1.546948195e+00 2.709128857e-01
    endloop
  endfacet
  facet normal -1.529761702e-01 2.090789974e-01 9.658593535e-01
    outer loop
      vertex 3.537080033e-07 1.401695490e+00 3.663093448e-01
      vertex -1.131955162e-01 1.401695490e+00 3.483809829e-01
      vertex -1.034791991e-01 1.546948195e+00 3.184771240e-01
    endloop
  endfacet
  facet normal 1.529783309e-01 2.090789378e-01 9.658590555e-01
    outer loop
      vertex 1.131961942e-01 1.401695490e+00 3.483807743e-01
      vertex 3.537080033e-07 1.401695490e+00 3.663093448e-01
      vertex 3.233468817e-07 1.546948195e+00 3.348665833e-01
    endloop
  endfacet
  facet normal 4.439583719e-01 2.090790421e-01 8.713133335e-01
    outer loop
      vertex 2.153116018e-01 1.401695490e+00 2.963502109e-01
      vertex 1.131961942e-01 1.401695490e+00 3.483807743e-01
      vertex 1.034798175e-01 1.546948195e+00 3.184769154e-01
    endloop
  endfacet
  facet normal 6.914791465e-01 2.090787888e-01 6.914784908e-01
    outer loop
      vertex 2.963507771e-01 1.401695490e+00 2.153108418e-01
      vertex 2.153116018e-01 1.401695490e+00 2.963502109e-01
      vertex 1.968299747e-01 1.546948195e+00 2.709124982e-01
    endloop
  endfacet
  facet normal 8.713150024e-01 2.090789080e-01 4.439551234e-01
    outer loop
      vertex 3.483810425e-01 1.401695490e+00 1.131953001e-01
      vertex 2.963507771e-01 1.401695490e+00 2.153108418e-01
      vertex 2.709130049e-01 1.546948195e+00 1.968292743e-01
    endloop
  endfacet
  facet normal 9.658592939e-01 2.090791613e-01 1.529764682e-01
    outer loop
      vertex 3.663093448e-01 1.401695490e+00 0.000000000e+00
      vertex 3.483810425e-01 1.401695490e+00 1.131953001e-01
      vertex 3.184771836e-01 1.546948195e+00 1.034789905e-01
    endloop
  endfacet
  facet normal 9.787273407e-01 1.343987882e-01 -1.550152153e-01
    outer loop
      vertex 3.687817752e-01 1.245485544e+00 -1.198244616e-01
      vertex 3.877601027e-01 1.245485544e+00 0.000000000e+00
      vertex 3.663093448e-01 1.401695490e+00 0.000000000e+00
    endloop
  endfacet
  facet normal 8.829227686e-01 1.343990862e-01 -4.498713613e-01
    outer loop
      vertex 3.137045205e-01 1.245485544e+00 -2.279196531e-01
      vertex 3.687817752e-01 1.245485544e+00 -1.198244616e-01
      vertex 3.483808935e-01 1.401695490e+00 -1.131958142e-01
    endloop
  endfacet
  facet normal 7.006915808e-01 1.343991160e-01 -7.006911635e-01
    outer loop
      vertex 2.279196531e-01 1.245485544e+00 -3.137045205e-01
      vertex 3.137045205e-01 1.245485544e+00 -2.279196531e-01
      vertex 2.963504791e-01 1.401695490e+00 -2.153112143e-01
    endloop
  endfacet
  facet normal 4.498724043e-01 1.343990564e-01 -8.829222918e-01
    outer loop
      vertex 1.198244467e-01 1.245485544e+00 -3.687817752e-01
      vertex 2.279196531e-01 1.245485544e+00 -3.137045205e-01
      vertex 2.153112143e-01 1.401695490e+00 -2.963504791e-01
    endloop
  endfacet
  facet normal 1.550150067e-01 1.343988627e-01 -9.787273407e-01
    outer loop
      vertex -1.694953333e-08 1.245485544e+00 -3.877601027e-01
      vertex 1.198244467e-01 1.245485544e+00 -3.687817752e-01
      vertex 1.131957993e-01 1.401695490e+00 -3.483808935e-01
    endloop
  endfacet
  facet normal -1.550154835e-01 1.343989372e-01 -9.787273407e-01
    outer loop
      vertex -1.198244691e-01 1.245485544e+00 -3.687817752e-01
      vertex -1.694953333e-08 1.245485544e+00 -3.877601027e-01
      vertex -1.601189048e-08 1.401695490e+00 -3.663093448e-01
    endloop
  endfacet
  facet normal -4.498714209e-01 1.343987584e-01 -8.829227686e-01
    outer loop
      vertex -2.279196233e-01 1.245485544e+00 -3.137045205e-01
      vertex -1.198244691e-01 1.245485544e+00 -3.687817752e-01
      vertex -1.131958291e-01 1.401695490e+00 -3.483808935e-01
    endloop
  endfacet
  facet normal -7.006907463e-01 1.343988627e-01 -7.006921172e-01
    outer loop
      vertex -3.137045503e-01 1.245485544e+00 -2.279196233e-01
      vertex -2.279196233e-01 1.245485544e+00 -3.137045205e-01
      vertex -2.153111994e-01 1.401695490e+00 -2.963504791e-01
    endloop
  endfacet
  facet normal -8.829228282e-01 1.343990415e-01 -4.498713017e-01
    outer loop
      vertex -3.687818050e-01 1.245485544e+00 -1.198243871e-01
      vertex -3.137045503e-01 1.245485544e+00 -2.279196233e-01
      vertex -2.963505089e-01 1.401695490e+00 -2.153111994e-01
    endloop
  endfacet
  facet normal -9.787274003e-01 1.343992352e-01 -1.550147682e-01
    outer loop
      vertex -3.877601027e-01 1.245485544e+00 1.263482829e-07
      vertex -3.687818050e-01 1.245485544e+00 -1.198243871e-01
      vertex -3.483808935e-01 1.401695490e+00 -1.131957397e-01
    endloop
  endfacet
  facet normal -9.787272215e-01 1.343990266e-01 1.550157517e-01
    outer loop
      vertex -3.687817156e-01 1.245485544e+00 1.198246256e-01
      vertex -3.877601027e-01 1.245485544e+00 1.263482829e-07
      vertex -3.663093448e-01 1.401695490e+00 1.193587309e-07
    endloop
  endfacet
  facet normal -8.829227090e-01 1.343988925e-01 4.498716295e-01
    outer loop
      vertex -3.137043715e-01 1.245485544e+00 2.279198468e-01
      vertex -3.687817156e-01 1.245485544e+00 1.198246256e-01
      vertex -3.483808339e-01 1.401695490e+00 1.131959707e-01
    endloop
  endfacet
  facet normal -7.006910443e-01 1.343990117e-01 7.006918192e-01
    outer loop
      vertex -2.279194593e-01 1.245485544e+00 3.137046695e-01
      vertex -3.137043715e-01 1.245485544e+00 2.279198468e-01
      vertex -2.963503301e-01 1.401695490e+00 2.153113931e-01
    endloop
  endfacet
  facet normal -4.498704374e-01 1.343988031e-01 8.829233050e-01
    outer loop
      vertex -1.198241487e-01 1.245485544e+00 3.687818646e-01
      vertex -2.279194593e-01 1.245485544e+00 3.137046695e-01
      vertex -2.153110355e-01 1.401695490e+00 2.963506281e-01
    endloop
  endfacet
  facet normal -1.550140828e-01 1.343987733e-01 9.787275791e-01
    outer loop
      vertex 3.744208357e-07 1.245485544e+00 3.877601027e-01
      vertex -1.198241487e-01 1.245485544e+00 3.687818646e-01
      vertex -1.131955162e-01 1.401695490e+00 3.483809829e-01
    endloop
  endfacet
  facet normal 1.550165564e-01 1.343989372e-01 9.787271619e-01
    outer loop
      vertex 1.198248640e-01 1.245485544e+00 3.687816560e-01
      vertex 3.744208357e-07 1.245485544e+00 3.877601027e-01
      vertex 3.537080033e-07 1.401695490e+00 3.663093448e-01
    endloop
  endfacet
  facet normal 4.498724341e-01 1.343986690e-01 8.829222918e-01
    outer loop
      vertex 2.279200554e-01 1.245485544e+00 3.137042224e-01
      vertex 1.198248640e-01 1.245485544e+00 3.687816560e-01
      vertex 1.131961942e-01 1.401695490e+00 3.483807743e-01
    endloop
  endfacet
  facet normal 7.006917596e-01 1.343989521e-01 7.006909847e-01
    outer loop
      vertex 3.137048185e-01 1.245485544e+00 2.279192507e-01
      vertex 2.279200554e-01 1.245485544e+00 3.137042224e-01
      vertex 2.153116018e-01 1.401695490e+00 2.963502109e-01
    endloop
  endfacet
  facet normal 8.829236031e-01 1.343992054e-01 4.498697221e-01
    outer loop
      vertex 3.687819242e-01 1.245485544e+00 1.198239252e-01
      vertex 3.137048185e-01 1.245485544e+00 2.279192507e-01
      vertex 2.963507771e-01 1.401695490e+00 2.153108418e-01
    endloop
  endfacet
  facet normal 9.787274599e-01 1.343986839e-01 1.550147384e-01
    outer loop
      vertex 3.877601027e-01 1.245485544e+00 0.000000000e+00
      vertex 3.687819242e-01 1.245485544e+00 1.198239252e-01
      vertex 3.483810425e-01 1.401695490e+00 1.131953001e-01
    endloop
  endfacet
  facet normal 9.855489135e-01 6.578402966e-02 -1.560954601e-01
    outer loop
      vertex 3.791233003e-01 1.082579374e+00 -1.231846213e-01
      vertex 3.986338079e-01 1.082579374e+00 0.000000000e+00
      vertex 3.877601027e-01 1.245485544e+00 0.000000000e+00
    endloop
  endfacet
  facet normal 8.890761733e-01 6.578364968e-02 -4.530076385e-01
    outer loop
      vertex 3.225015104e-01 1.082579374e+00 -2.343110591e-01
      vertex 3.791233003e-01 1.082579374e+00 -1.231846213e-01
      vertex 3.687817752e-01 1.245485544e+00 -1.198244616e-01
    endloop
  endfacet
  facet normal 7.055750489e-01 6.578362733e-02 -7.055751681e-01
    outer loop
      vertex 2.343110591e-01 1.082579374e+00 -3.225015104e-01
      vertex 3.225015104e-01 1.082579374e+00 -2.343110591e-01
      vertex 3.137045205e-01 1.245485544e+00 -2.279196531e-01
    endloop
  endfacet
  facet normal 4.530073106e-01 6.578363478e-02 -8.890763521e-01
    outer loop
      vertex 1.231846139e-01 1.082579374e+00 -3.791233003e-01
      vertex 2.343110591e-01 1.082579374e+00 -3.225015104e-01
      vertex 2.279196531e-01 1.245485544e+00 -3.137045205e-01
    endloop
  endfacet
  facet normal 1.560953557e-01 6.578379124e-02 -9.855489135e-01
    outer loop
      vertex -1.742483668e-08 1.082579374e+00 -3.986338079e-01
      vertex 1.231846139e-01 1.082579374e+00 -3.791233003e-01
      vertex 1.198244467e-01 1.245485544e+00 -3.687817752e-01
    endloop
  endfacet
  facet normal -1.560955644e-01 6.578376144e-02 -9.855489135e-01
    outer loop
      vertex -1.231846362e-01 1.082579374e+00 -3.791232705e-01
      vertex -1.742483668e-08 1.082579374e+00 -3.986338079e-01
      vertex -1.694953333e-08 1.245485544e+00 -3.877601027e-01
    endloop
  endfacet
  facet normal -4.530068040e-01 6.578354537e-02 -8.890766501e-01
    outer loop
      vertex -2.343110293e-01 1.082579374e+00 -3.225015104e-01
      vertex -1.231846362e-01 1.082579374e+00 -3.791232705e-01
      vertex -1.198244691e-01 1.245485544e+00 -3.687817752e-01
    endloop
  endfacet
  facet normal -7.055749893e-01 6.578353047e-02 -7.055752873e-01
    outer loop
      vertex -3.225015402e-01 1.082579374e+00 -2.343110293e-01
      vertex -2.343110293e-01 1.082579374e+00 -3.225015104e-01
      vertex -2.279196233e-01 1.245485544e+00 -3.137045205e-01
    endloop
  endfacet
  facet normal -8.890766501e-01 6.578399986e-02 -4.530066848e-01
    outer loop
      vertex -3.791233003e-01 1.082579374e+00 -1.231845394e-01
      vertex -3.225015402e-01 1.082579374e+00 -2.343110293e-01
      vertex -3.137045503e-01 1.245485544e+00 -2.279196233e-01
    endloop
  endfacet
  facet normal -9.855490327e-01 6.578320265e-02 -1.560953259e-01
    outer loop
      vertex -3.986338079e-01 1.082579374e+00 1.298913901e-07
      vertex -3.791233003e-01 1.082579374e+00 -1.231845394e-01
      vertex -3.687818050e-01 1.245485544e+00 -1.198243871e-01
    endloop
  endfacet
  facet normal -9.855489135e-01 6.578377634e-02 1.560961306e-01
    outer loop
      vertex -3.791232109e-01 1.082579374e+00 1.231847927e-01
      vertex -3.986338079e-01 1.082579374e+00 1.298913901e-07
      vertex -3.877601027e-01 1.245485544e+00 1.263482829e-07
    endloop
  endfacet
  facet normal -8.890763521e-01 6.578350812e-02 4.530074298e-01
    outer loop
      vertex -3.225013912e-01 1.082579374e+00 2.343112528e-01
      vertex -3.791232109e-01 1.082579374e+00 1.231847927e-01
      vertex -3.687817156e-01 1.245485544e+00 1.198246256e-01
    endloop
  endfacet
  facet normal -7.055746317e-01 6.578353047e-02 7.055755258e-01
    outer loop
      vertex -2.343108505e-01 1.082579374e+00 3.225016892e-01
      vertex -3.225013912e-01 1.082579374e+00 2.343112528e-01
      vertex -3.137043715e-01 1.245485544e+00 2.279198468e-01
    endloop
  endfacet
  facet normal -4.530059695e-01 6.578373909e-02 8.890770674e-01
    outer loop
      vertex -1.231843010e-01 1.082579374e+00 3.791233897e-01
      vertex -2.343108505e-01 1.082579374e+00 3.225016892e-01
      vertex -2.279194593e-01 1.245485544e+00 3.137046695e-01
    endloop
  endfacet
  facet normal -1.560944617e-01 6.578373164e-02 9.855490923e-01
    outer loop
      vertex 3.849204404e-07 1.082579374e+00 3.986338079e-01
      vertex -1.231843010e-01 1.082579374e+00 3.791233897e-01
      vertex -1.198241487e-01 1.245485544e+00 3.687818646e-01
    endloop
  endfacet
  facet normal 1.560959965e-01 6.578366458e-02 9.855488539e-01
    outer loop
      vertex 1.231850386e-01 1.082579374e+00 3.791231513e-01
      vertex 3.849204404e-07 1.082579374e+00 3.986338079e-01
      vertex 3.744208357e-07 1.245485544e+00 3.877601027e-01
    endloop
  endfacet
  facet normal 4.530080259e-01 6.578366458e-02 8.890760541e-01
    outer loop
      vertex 2.343114614e-01 1.082579374e+00 3.225012422e-01
      vertex 1.231850386e-01 1.082579374e+00 3.791231513e-01
      vertex 1.198248640e-01 1.245485544e+00 3.687816560e-01
    endloop
  endfacet
  facet normal 7.055757046e-01 6.578376144e-02 7.055745721e-01
    outer loop
      vertex 3.225018382e-01 1.082579374e+00 2.343106270e-01
      vertex 2.343114614e-01 1.082579374e+00 3.225012422e-01
      vertex 2.279200554e-01 1.245485544e+00 3.137042224e-01
    endloop
  endfacet
  facet normal 8.890770078e-01 6.578366458e-02 4.530061185e-01
    outer loop
      vertex 3.791234493e-01 1.082579374e+00 1.231840625e-01
      vertex 3.225018382e-01 1.082579374e+00 2.343106270e-01
      vertex 3.137048185e-01 1.245485544e+00 2.279192507e-01
    endloop
  endfacet
  facet normal 9.855490327e-01 6.578365713e-02 1.560950875e-01
    outer loop
      vertex 3.986338079e-01 1.082579374e+00 0.000000000e+00
      vertex 3.791234493e-01 1.082579374e+00 1.231840625e-01
      vertex 3.687819242e-01 1.245485544e+00 1.198239252e-01
    endloop
  endfacet
  facet normal 9.876883626e-01 0.000000000e+00 -1.564342678e-01
    outer loop
      vertex 3.791233003e-01 9.174207449e-01 -1.231846213e-01
      vertex 3.986338079e-01 9.174207449e-01 0.000000000e+00
      vertex 3.986338079e-01 1.082579374e+00 0.000000000e+00
    endloop
  endfacet
  facet normal 8.910064697e-01 0.000000000e+00 -4.539906979e-01
    outer loop
      vertex 3.225015104e-01 9.174207449e-01 -2.343110591e-01
      vertex 3.791233003e-01 9.174207449e-01 -1.231846213e-01
      vertex 3.791233003e-01 1.082579374e+00 -1.231846213e-01
    endloop
  endfacet
  facet normal 7.071069479e-01 0.000000000e+00 -7.071065903e-01
    outer loop
      vertex 2.343110591e-01 9.174207449e-01 -3.225015104e-01
      vertex 3.225015104e-01 9.174207449e-01 -2.343110591e-01
      vertex 3.225015104e-01 1.082579374e+00 -2.343110591e-01
    endloop
  endfacet
  facet normal 4.539912045e-01 0.000000000e+00 -8.910061717e-01
    outer loop
      vertex 1.231846139e-01 9.174207449e-01 -3.791233003e-01
      vertex 2.343110591e-01 9.174207449e-01 -3.225015104e-01
      vertex 2.343110591e-01 1.082579374e+00 -3.225015104e-01
    endloop
  endfacet
  facet normal 1.564345658e-01 0.000000000e+00 -9.876883626e-01
    outer loop
      vertex -1.742483668e-08 9.174207449e-01 -3.986338079e-01
      vertex 1.231846139e-01 9.174207449e-01 -3.791233003e-01
      vertex 1.231846139e-01 1.082579374e+00 -3.791233003e-01
    endloop
  endfacet
  facet normal -1.564352661e-01 0.000000000e+00 -9.876883030e-01
    outer loop
      vertex -1.231846362e-01 9.174207449e-01 -3.791232705e-01
      vertex -1.742483668e-08 9.174207449e-01 -3.986338079e-01
      vertex -1.742483668e-08 1.082579374e+00 -3.986338079e-01
    endloop
  endfacet
  facet normal -4.539912343e-01 0.000000000e+00 -8.910062313e-01
    outer loop
      vertex -2.343110293e-01 9.174207449e-01 -3.225015104e-01
      vertex -1.231846362e-01 9.174207449e-01 -3.791232705e-01
      vertex -1.231846362e-01 1.082579374e+00 -3.791232705e-01
    endloop
  endfacet
  facet normal -7.071069479e-01 0.000000000e+00 -7.071065903e-01
    outer loop
      vertex -3.225015402e-01 9.174207449e-01 -2.343110293e-01
      vertex -2.343110293e-01 9.174207449e-01 -3.225015104e-01
      vertex -2.343110293e-01 1.082579374e+00 -3.225015104e-01
    endloop
  endfacet
  facet normal -8.910065889e-01 0.000000000e+00 -4.539902210e-01
    outer loop
      vertex -3.791233003e-01 9.174207449e-01 -1.231845394e-01
      vertex -3.225015402e-01 9.174207449e-01 -2.343110293e-01
      vertex -3.225015402e-01 1.082579374e+00 -2.343110293e-01
    endloop
  endfacet
  facet normal -9.876883626e-01 0.000000000e+00 -1.564342082e-01
    outer loop
      vertex -3.986338079e-01 9.174207449e-01 1.298913901e-07
      vertex -3.791233003e-01 9.174207449e-01 -1.231845394e-01
      vertex -3.791233003e-01 1.082579374e+00 -1.231845394e-01
    endloop
  endfacet
  facet normal -9.876883030e-01 0.000000000e+00 1.564349234e-01
    outer loop
      vertex -3.791232109e-01 9.174207449e-01 1.231847927e-01
      vertex -3.986338079e-01 9.174207449e-01 1.298913901e-07
      vertex -3.986338079e-01 1.082579374e+00 1.298913901e-07
    endloop
  endfacet
  facet normal -8.910064101e-01 0.000000000e+00 4.539905787e-01
    outer loop
      vertex -3.225013912e-01 9.174207449e-01 2.343112528e-01
      vertex -3.791232109e-01 9.174207449e-01 1.231847927e-01
      vertex -3.791232109e-01 1.082579374e+00 1.231847927e-01
    endloop
  endfacet
  facet normal -7.071066499e-01 0.000000000e+00 7.071070075e-01
    outer loop
      vertex -2.343108505e-01 9.174207449e-01 3.225016892e-01
      vertex -3.225013912e-01 9.174207449e-01 2.343112528e-01
      vertex -3.225013912e-01 1.082579374e+00 2.343112528e-01
    endloop
  endfacet
  facet normal -4.539903402e-01 0.000000000e+00 8.910066485e-01
    outer loop
      vertex -1.231843010e-01 9.174207449e-01 3.791233897e-01
      vertex -2.343108505e-01 9.174207449e-01 3.225016892e-01
      vertex -2.343108505e-01 1.082579374e+00 3.225016892e-01
    endloop
  endfacet
  facet normal -1.564337462e-01 0.000000000e+00 9.876884818e-01
    outer loop
      vertex 3.849204404e-07 9.174207449e-01 3.986338079e-01
      vertex -1.231843010e-01 9.174207449e-01 3.791233897e-01
      vertex -1.231843010e-01 1.082579374e+00 3.791233897e-01
    endloop
  endfacet
  facet normal 1.564359665e-01 0.000000000e+00 9.876880646e-01
    outer loop
      vertex 1.231850386e-01 9.174207449e-01 3.791231513e-01
      vertex 3.849204404e-07 9.174207449e-01 3.986338079e-01
      vertex 3.849204404e-07 1.082579374e+00 3.986338079e-01
    endloop
  endfacet
  facet normal 4.539920390e-01 0.000000000e+00 8.910056949e-01
    outer loop
      vertex 2.343114614e-01 9.174207449e-01 3.225012422e-01
      vertex 1.231850386e-01 9.174207449e-01 3.791231513e-01
      vertex 1.231850386e-01 1.082579374e+00 3.791231513e-01
    endloop
  endfacet
  facet normal 7.071079016e-01 0.000000000e+00 7.071056962e-01
    outer loop
      vertex 3.225018382e-01 9.174207449e-01 2.343106270e-01
      vertex 2.343114614e-01 9.174207449e-01 3.225012422e-01
      vertex 2.343114614e-01 1.082579374e+00 3.225012422e-01
    endloop
  endfacet
  facet normal 8.910073042e-01 0.000000000e+00 4.539890289e-01
    outer loop
      vertex 3.791234493e-01 9.174207449e-01 1.231840625e-01
      vertex 3.225018382e-01 9.174207449e-01 2.343106270e-01
      vertex 3.225018382e-01 1.082579374e+00 2.343106270e-01
    endloop
  endfacet
  facet normal 9.876884818e-01 0.000000000e+00 1.564337164e-01
    outer loop
      vertex 3.986338079e-01 9.174207449e-01 0.000000000e+00
      vertex 3.791234493e-01 9.174207449e-01 1.231840625e-01
      vertex 3.791234493e-01 1.082579374e+00 1.231840625e-01
    endloop
  endfacet
  facet normal 9.855489135e-01 -6.578326970e-02 -1.560959071e-01
    outer loop
      vertex 3.687817752e-01 7.545145750e-01 -1.198244691e-01
      vertex 3.877601326e-01 7.545145750e-01 0.000000000e+00
      vertex 3.986338079e-01 9.174207449e-01 0.000000000e+00
    endloop
  endfacet
  facet normal 8.890765905e-01 -6.578372419e-02 -4.530068636e-01
    outer loop
      vertex 3.137045205e-01 7.545145750e-01 -2.279196829e-01
      vertex 3.687817752e-01 7.545145750e-01 -1.198244691e-01
      vertex 3.791233003e-01 9.174207449e-01 -1.231846213e-01
    endloop
  endfacet
  facet normal 7.055753469e-01 -6.578344852e-02 -7.055749297e-01
    outer loop
      vertex 2.279196829e-01 7.545145750e-01 -3.137045205e-01
      vertex 3.137045205e-01 7.545145750e-01 -2.279196829e-01
      vertex 3.225015104e-01 9.174207449e-01 -2.343110591e-01
    endloop
  endfacet
  facet normal 4.530067444e-01 -6.578348577e-02 -8.890767097e-01
    outer loop
      vertex 1.198244616e-01 7.545145750e-01 -3.687817752e-01
      vertex 2.279196829e-01 7.545145750e-01 -3.137045205e-01
      vertex 2.343110591e-01 9.174207449e-01 -3.225015104e-01
    endloop
  endfacet
  facet normal 1.560959518e-01 -6.578382105e-02 -9.855488539e-01
    outer loop
      vertex -1.694953333e-08 7.545145750e-01 -3.877601326e-01
      vertex 1.198244616e-01 7.545145750e-01 -3.687817752e-01
      vertex 1.231846139e-01 9.174207449e-01 -3.791233003e-01
    endloop
  endfacet
  facet normal -1.560958773e-01 -6.578349322e-02 -9.855489731e-01
    outer loop
      vertex -1.198244840e-01 7.545145750e-01 -3.687817752e-01
      vertex -1.694953333e-08 7.545145750e-01 -3.877601326e-01
      vertex -1.742483668e-08 9.174207449e-01 -3.986338079e-01
    endloop
  endfacet
  facet normal -4.530068338e-01 -6.578367203e-02 -8.890767097e-01
    outer loop
      vertex -2.279196531e-01 7.545145750e-01 -3.137045205e-01
      vertex -1.198244840e-01 7.545145750e-01 -3.687817752e-01
      vertex -1.231846362e-01 9.174207449e-01 -3.791232705e-01
    endloop
  endfacet
  facet normal -7.055752873e-01 -6.578372419e-02 -7.055749893e-01
    outer loop
      vertex -3.137045503e-01 7.545145750e-01 -2.279196531e-01
      vertex -2.279196531e-01 7.545145750e-01 -3.137045205e-01
      vertex -2.343110293e-01 9.174207449e-01 -3.225015104e-01
    endloop
  endfacet
  facet normal -8.890766501e-01 -6.578380615e-02 -4.530067146e-01
    outer loop
      vertex -3.687818050e-01 7.545145750e-01 -1.198243871e-01
      vertex -3.137045503e-01 7.545145750e-01 -2.279196531e-01
      vertex -3.225015402e-01 9.174207449e-01 -2.343110293e-01
    endloop
  endfacet
  facet normal -9.855489135e-01 -6.578353792e-02 -1.560955048e-01
    outer loop
      vertex -3.877601326e-01 7.545145750e-01 1.263482972e-07
      vertex -3.687818050e-01 7.545145750e-01 -1.198243871e-01
      vertex -3.791233003e-01 9.174207449e-01 -1.231845394e-01
    endloop
  endfacet
  facet normal -9.855488539e-01 -6.578376144e-02 1.560959220e-01
    outer loop
      vertex -3.687817454e-01 7.545145750e-01 1.198246405e-01
      vertex -3.877601326e-01 7.545145750e-01 1.263482972e-07
      vertex -3.986338079e-01 9.174207449e-01 1.298913901e-07
    endloop
  endfacet
  facet normal -8.890762329e-01 -6.578293443e-02 4.530076981e-01
    outer loop
      vertex -3.137044013e-01 7.545145750e-01 2.279198617e-01
      vertex -3.687817454e-01 7.545145750e-01 1.198246405e-01
      vertex -3.791232109e-01 9.174207449e-01 1.231847927e-01
    endloop
  endfacet
  facet normal -7.055745721e-01 -6.578377634e-02 7.055756450e-01
    outer loop
      vertex -2.279194593e-01 7.545145750e-01 3.137046993e-01
      vertex -3.137044013e-01 7.545145750e-01 2.279198617e-01
      vertex -3.225013912e-01 9.174207449e-01 2.343112528e-01
    endloop
  endfacet
  facet normal -4.530063272e-01 -6.578348577e-02 8.890768886e-01
    outer loop
      vertex -1.198241636e-01 7.545145750e-01 3.687818944e-01
      vertex -2.279194593e-01 7.545145750e-01 3.137046993e-01
      vertex -2.343108505e-01 9.174207449e-01 3.225016892e-01
    endloop
  endfacet
  facet normal -1.560947746e-01 -6.578360498e-02 9.855490923e-01
    outer loop
      vertex 3.744208641e-07 7.545145750e-01 3.877601326e-01
      vertex -1.198241636e-01 7.545145750e-01 3.687818944e-01
      vertex -1.231843010e-01 9.174207449e-01 3.791233897e-01
    endloop
  endfacet
  facet normal 1.560966969e-01 -6.578356773e-02 9.855487347e-01
    outer loop
      vertex 1.198248789e-01 7.545145750e-01 3.687816560e-01
      vertex 3.744208641e-07 7.545145750e-01 3.877601326e-01
      vertex 3.849204404e-07 9.174207449e-01 3.986338079e-01
    endloop
  endfacet
  facet normal 4.530080557e-01 -6.578358263e-02 8.890759945e-01
    outer loop
      vertex 2.279200554e-01 7.545145750e-01 3.137042522e-01
      vertex 1.198248789e-01 7.545145750e-01 3.687816560e-01
      vertex 1.231850386e-01 9.174207449e-01 3.791231513e-01
    endloop
  endfacet
  facet normal 7.055760622e-01 -6.578369439e-02 7.055742145e-01
    outer loop
      vertex 3.137048185e-01 7.545145750e-01 2.279192656e-01
      vertex 2.279200554e-01 7.545145750e-01 3.137042522e-01
      vertex 2.343114614e-01 9.174207449e-01 3.225012422e-01
    endloop
  endfacet
  facet normal 8.890771866e-01 -6.578373909e-02 4.530058205e-01
    outer loop
      vertex 3.687819541e-01 7.545145750e-01 1.198239252e-01
      vertex 3.137048185e-01 7.545145750e-01 2.279192656e-01
      vertex 3.225018382e-01 9.174207449e-01 2.343106270e-01
    endloop
  endfacet
  facet normal 9.855489731e-01 -6.578400731e-02 1.560951024e-01
    outer loop
      vertex 3.877601326e-01 7.545145750e-01 0.000000000e+00
      vertex 3.687819541e-01 7.545145750e-01 1.198239252e-01
      vertex 3.791234493e-01 9.174207449e-01 1.231840625e-01
    endloop
  endfacet
  facet normal 9.787272811e-01 -1.343993396e-01 -1.550152451e-01
    outer loop
      vertex 3.483808935e-01 5.983046293e-01 -1.131958142e-01
      vertex 3.663093448e-01 5.983046293e-01 0.000000000e+00
      vertex 3.877601326e-01 7.545145750e-01 0.000000000e+00
    endloop
  endfacet
  facet normal 8.829228282e-01 -1.343991011e-01 -4.498713613e-01
    outer loop
      vertex 2.963504791e-01 5.983046293e-01 -2.153112143e-01
      vertex 3.483808935e-01 5.983046293e-01 -1.131958142e-01
      vertex 3.687817752e-01 7.545145750e-01 -1.198244691e-01
    endloop
  endfacet
  facet normal 7.006915212e-01 -1.343988478e-01 -7.006913424e-01
    outer loop
      vertex 2.153112143e-01 5.983046293e-01 -2.963504791e-01
      vertex 2.963504791e-01 5.983046293e-01 -2.153112143e-01
      vertex 3.137045205e-01 7.545145750e-01 -2.279196829e-01
    endloop
  endfacet
  facet normal 4.498718083e-01 -1.343989223e-01 -8.829224706e-01
    outer loop
      vertex 1.131957993e-01 5.983046293e-01 -3.483808935e-01
      vertex 2.153112143e-01 5.983046293e-01 -2.963504791e-01
      vertex 2.279196829e-01 7.545145750e-01 -3.137045205e-01
    endloop
  endfacet
  facet normal 1.550149024e-01 -1.343988627e-01 -9.787274003e-01
    outer loop
      vertex -1.601189048e-08 5.983046293e-01 -3.663093448e-01
      vertex 1.131957993e-01 5.983046293e-01 -3.483808935e-01
      vertex 1.198244616e-01 7.545145750e-01 -3.687817752e-01
    endloop
  endfacet
  facet normal -1.550149024e-01 -1.343990564e-01 -9.787273407e-01
    outer loop
      vertex -1.131958291e-01 5.983046293e-01 -3.483808935e-01
      vertex -1.601189048e-08 5.983046293e-01 -3.663093448e-01
      vertex -1.694953333e-08 7.545145750e-01 -3.877601326e-01
    endloop
  endfacet
  facet normal -4.498718381e-01 -1.343990564e-01 -8.829226494e-01
    outer loop
      vertex -2.153111994e-01 5.983046293e-01 -2.963504791e-01
      vertex -1.131958291e-01 5.983046293e-01 -3.483808935e-01
      vertex -1.198244840e-01 7.545145750e-01 -3.687817752e-01
    endloop
  endfacet
  facet normal -7.006911039e-01 -1.343990564e-01 -7.006916404e-01
    outer loop
      vertex -2.963505089e-01 5.983046293e-01 -2.153111994e-01
      vertex -2.153111994e-01 5.983046293e-01 -2.963504791e-01
      vertex -2.279196531e-01 7.545145750e-01 -3.137045205e-01
    endloop
  endfacet
  facet normal -8.829228282e-01 -1.343989670e-01 -4.498712718e-01
    outer loop
      vertex -3.483808935e-01 5.983046293e-01 -1.131957397e-01
      vertex -2.963505089e-01 5.983046293e-01 -2.153111994e-01
      vertex -3.137045503e-01 7.545145750e-01 -2.279196531e-01
    endloop
  endfacet
  facet normal -9.787273407e-01 -1.343993843e-01 -1.550150812e-01
    outer loop
      vertex -3.663093448e-01 5.983046293e-01 1.193587309e-07
      vertex -3.483808935e-01 5.983046293e-01 -1.131957397e-01
      vertex -3.687818050e-01 7.545145750e-01 -1.198243871e-01
    endloop
  endfacet
  facet normal -9.787272215e-01 -1.343987584e-01 1.550156027e-01
    outer loop
      vertex -3.483808339e-01 5.983046293e-01 1.131959707e-01
      vertex -3.663093448e-01 5.983046293e-01 1.193587309e-07
      vertex -3.877601326e-01 7.545145750e-01 1.263482972e-07
    endloop
  endfacet
  facet normal -8.829222918e-01 -1.343988031e-01 4.498723447e-01
    outer loop
      vertex -2.963503301e-01 5.983046293e-01 2.153113931e-01
      vertex -3.483808339e-01 5.983046293e-01 1.131959707e-01
      vertex -3.687817454e-01 7.545145750e-01 1.198246405e-01
    endloop
  endfacet
  facet normal -7.006909847e-01 -1.343990862e-01 7.006918192e-01
    outer loop
      vertex -2.153110355e-01 5.983046293e-01 2.963506281e-01
      vertex -2.963503301e-01 5.983046293e-01 2.153113931e-01
      vertex -3.137044013e-01 7.545145750e-01 2.279198617e-01
    endloop
  endfacet
  facet normal -4.498706460e-01 -1.343990564e-01 8.829231262e-01
    outer loop
      vertex -1.131955162e-01 5.983046293e-01 3.483809829e-01
      vertex -2.153110355e-01 5.983046293e-01 2.963506281e-01
      vertex -2.279194593e-01 7.545145750e-01 3.137046993e-01
    endloop
  endfacet
  facet normal -1.550141871e-01 -1.343991607e-01 9.787274599e-01
    outer loop
      vertex 3.537080033e-07 5.983046293e-01 3.663093448e-01
      vertex -1.131955162e-01 5.983046293e-01 3.483809829e-01
      vertex -1.198241636e-01 7.545145750e-01 3.687818944e-01
    endloop
  endfacet
  facet normal 1.550161541e-01 -1.343991160e-01 9.787271619e-01
    outer loop
      vertex 1.131961942e-01 5.983046293e-01 3.483807743e-01
      vertex 3.537080033e-07 5.983046293e-01 3.663093448e-01
      vertex 3.744208641e-07 7.545145750e-01 3.877601326e-01
    endloop
  endfacet
  facet normal 4.498725533e-01 -1.343990564e-01 8.829221129e-01
    outer loop
      vertex 2.153116018e-01 5.983046293e-01 2.963502109e-01
      vertex 1.131961942e-01 5.983046293e-01 3.483807743e-01
      vertex 1.198248789e-01 7.545145750e-01 3.687816560e-01
    endloop
  endfacet
  facet normal 7.006923556e-01 -1.343990564e-01 7.006903887e-01
    outer loop
      vertex 2.963507771e-01 5.983046293e-01 2.153108418e-01
      vertex 2.153116018e-01 5.983046293e-01 2.963502109e-01
      vertex 2.279200554e-01 7.545145750e-01 3.137042522e-01
    endloop
  endfacet
  facet normal 8.829233050e-01 -1.343992352e-01 4.498702586e-01
    outer loop
      vertex 3.483810425e-01 5.983046293e-01 1.131953001e-01
      vertex 2.963507771e-01 5.983046293e-01 2.153108418e-01
      vertex 3.137048185e-01 7.545145750e-01 2.279192656e-01
    endloop
  endfacet
  facet normal 9.787273407e-01 -1.343991905e-01 1.550144851e-01
    outer loop
      vertex 3.663093448e-01 5.983046293e-01 0.000000000e+00
      vertex 3.483810425e-01 5.983046293e-01 1.131953001e-01
      vertex 3.687819541e-01 7.545145750e-01 1.198239252e-01
    endloop
  endfacet
  facet normal 9.658591151e-01 -2.090791166e-01 -1.529772878e-01
    outer loop
      vertex 3.184770644e-01 4.530519247e-01 -1.034794673e-01
      vertex 3.348666131e-01 4.530519247e-01 0.000000000e+00
      vertex 3.663093448e-01 5.983046293e-01 0.000000000e+00
    endloop
  endfacet
  facet normal 8.713139892e-01 -2.090790868e-01 -4.439569116e-01
    outer loop
      vertex 2.709127665e-01 4.530519247e-01 -1.968296468e-01
      vertex 3.184770644e-01 4.530519247e-01 -1.034794673e-01
      vertex 3.483808935e-01 5.983046293e-01 -1.131958142e-01
    endloop
  endfacet
  facet normal 6.914789081e-01 -2.090788037e-01 -6.914787889e-01
    outer loop
      vertex 1.968296468e-01 4.530519247e-01 -2.709127665e-01
      vertex 2.709127665e-01 4.530519247e-01 -1.968296468e-01
      vertex 2.963504791e-01 5.983046293e-01 -2.153112143e-01
    endloop
  endfacet
  facet normal 4.439563751e-01 -2.090788037e-01 -8.713144064e-01
    outer loop
      vertex 1.034794599e-01 4.530519247e-01 -3.184770644e-01
      vertex 1.968296468e-01 4.530519247e-01 -2.709127665e-01
      vertex 2.153112143e-01 5.983046293e-01 -2.963504791e-01
    endloop
  endfacet
  facet normal 1.529775411e-01 -2.090788484e-01 -9.658591747e-01
    outer loop
      vertex -1.463748500e-08 4.530519247e-01 -3.348666131e-01
      vertex 1.034794599e-01 4.530519247e-01 -3.184770644e-01
      vertex 1.131957993e-01 5.983046293e-01 -3.483808935e-01
    endloop
  endfacet
  facet normal -1.529770195e-01 -2.090786844e-01 -9.658592343e-01
    outer loop
      vertex -1.034794822e-01 4.530519247e-01 -3.184770346e-01
      vertex -1.463748500e-08 4.530519247e-01 -3.348666131e-01
      vertex -1.601189048e-08 5.983046293e-01 -3.663093448e-01
    endloop
  endfacet
  facet normal -4.439565241e-01 -2.090790272e-01 -8.713142872e-01
    outer loop
      vertex -1.968296319e-01 4.530519247e-01 -2.709127665e-01
      vertex -1.034794822e-01 4.530519247e-01 -3.184770346e-01
      vertex -1.131958291e-01 5.983046293e-01 -3.483808935e-01
    endloop
  endfacet
  facet normal -6.914788485e-01 -2.090785950e-01 -6.914789677e-01
    outer loop
      vertex -2.709127963e-01 4.530519247e-01 -1.968296319e-01
      vertex -1.968296319e-01 4.530519247e-01 -2.709127665e-01
      vertex -2.153111994e-01 5.983046293e-01 -2.963504791e-01
    endloop
  endfacet
  facet normal -8.713141680e-01 -2.090788782e-01 -4.439566731e-01
    outer loop
      vertex -3.184770942e-01 4.530519247e-01 -1.034794003e-01
      vertex -2.709127963e-01 4.530519247e-01 -1.968296319e-01
      vertex -2.963505089e-01 5.983046293e-01 -2.153111994e-01
    endloop
  endfacet
  facet normal -9.658592939e-01 -2.090786844e-01 -1.529767662e-01
    outer loop
      vertex -3.348666131e-01 4.530519247e-01 1.091133868e-07
      vertex -3.184770942e-01 4.530519247e-01 -1.034794003e-01
      vertex -3.483808935e-01 5.983046293e-01 -1.131957397e-01
    endloop
  endfacet
  facet normal -9.658590555e-01 -2.090790123e-01 1.529776901e-01
    outer loop
      vertex -3.184770048e-01 4.530519247e-01 1.034796163e-01
      vertex -3.348666131e-01 4.530519247e-01 1.091133868e-07
      vertex -3.663093448e-01 5.983046293e-01 1.193587309e-07
    endloop
  endfacet
  facet normal -8.713141680e-01 -2.090783268e-01 4.439570010e-01
    outer loop
      vertex -2.709126472e-01 4.530519247e-01 1.968298107e-01
      vertex -3.184770048e-01 4.530519247e-01 1.034796163e-01
      vertex -3.483808339e-01 5.983046293e-01 1.131959707e-01
    endloop
  endfacet
  facet normal -6.914786696e-01 -2.090786397e-01 6.914791465e-01
    outer loop
      vertex -1.968294680e-01 4.530519247e-01 2.709129155e-01
      vertex -2.709126472e-01 4.530519247e-01 1.968298107e-01
      vertex -2.963503301e-01 5.983046293e-01 2.153113931e-01
    endloop
  endfacet
  facet normal -4.439558387e-01 -2.090788782e-01 8.713147640e-01
    outer loop
      vertex -1.034792066e-01 4.530519247e-01 3.184771538e-01
      vertex -1.968294680e-01 4.530519247e-01 2.709129155e-01
      vertex -2.153110355e-01 5.983046293e-01 2.963506281e-01
    endloop
  endfacet
  facet normal -1.529760510e-01 -2.090787739e-01 9.658594728e-01
    outer loop
      vertex 3.233469101e-07 4.530519247e-01 3.348666131e-01
      vertex -1.034792066e-01 4.530519247e-01 3.184771538e-01
      vertex -1.131955162e-01 5.983046293e-01 3.483809829e-01
    endloop
  endfacet
  facet normal 1.529779583e-01 -2.090787739e-01 9.658591747e-01
    outer loop
      vertex 1.034798250e-01 4.530519247e-01 3.184769452e-01
      vertex 3.233469101e-07 4.530519247e-01 3.348666131e-01
      vertex 3.537080033e-07 5.983046293e-01 3.663093448e-01
    endloop
  endfacet
  facet normal 4.439576268e-01 -2.090788186e-01 8.713137507e-01
    outer loop
      vertex 1.968299896e-01 4.530519247e-01 2.709125280e-01
      vertex 1.034798250e-01 4.530519247e-01 3.184769452e-01
      vertex 1.131961942e-01 5.983046293e-01 3.483807743e-01
    endloop
  endfacet
  facet normal 6.914800406e-01 -2.090785801e-01 6.914778948e-01
    outer loop
      vertex 2.709130347e-01 4.530519247e-01 1.968292892e-01
      vertex 1.968299896e-01 4.530519247e-01 2.709125280e-01
      vertex 2.153116018e-01 5.983046293e-01 2.963502109e-01
    endloop
  endfacet
  facet normal 8.713148832e-01 -2.090783268e-01 4.439555705e-01
    outer loop
      vertex 3.184772134e-01 4.530519247e-01 1.034790054e-01
      vertex 2.709130347e-01 4.530519247e-01 1.968292892e-01
      vertex 2.963507771e-01 5.983046293e-01 2.153108418e-01
    endloop
  endfacet
  facet normal 9.658592939e-01 -2.090790719e-01 1.529765725e-01
    outer loop
      vertex 3.348666131e-01 4.530519247e-01 0.000000000e+00
      vertex 3.184772134e-01 4.530519247e-01 1.034790054e-01
      vertex 3.483810425e-01 5.983046293e-01 1.131953001e-01
    endloop
  endfacet
  facet normal 9.440628886e-01 -2.939176559e-01 -1.495247185e-01
    outer loop
      vertex 2.798860371e-01 3.227185011e-01 -9.094049037e-02
      vertex 2.942895889e-01 3.227185011e-01 0.000000000e+00
      vertex 3.348666131e-01 4.530519247e-01 0.000000000e+00
    endloop
  endfacet
  facet normal 8.516514301e-01 -2.939173281e-01 -4.339383543e-01
    outer loop
      vertex 2.380852699e-01 3.227185011e-01 -1.729790866e-01
      vertex 2.798860371e-01 3.227185011e-01 -9.094049037e-02
      vertex 3.184770644e-01 4.530519247e-01 -1.034794673e-01
    endloop
  endfacet
  facet normal 6.758744121e-01 -2.939173281e-01 -6.758745313e-01
    outer loop
      vertex 1.729790866e-01 3.227185011e-01 -2.380852699e-01
      vertex 2.380852699e-01 3.227185011e-01 -1.729790866e-01
      vertex 2.709127665e-01 4.530519247e-01 -1.968296468e-01
    endloop
  endfacet
  facet normal 4.339379668e-01 -2.939172685e-01 -8.516515493e-01
    outer loop
      vertex 9.094047546e-02 3.227185011e-01 -2.798860371e-01
      vertex 1.729790866e-01 3.227185011e-01 -2.380852699e-01
      vertex 1.968296468e-01 4.530519247e-01 -2.709127665e-01
    endloop
  endfacet
  facet normal 1.495247036e-01 -2.939172387e-01 -9.440630078e-01
    outer loop
      vertex -1.286380691e-08 3.227185011e-01 -2.942895889e-01
      vertex 9.094047546e-02 3.227185011e-01 -2.798860371e-01
      vertex 1.034794599e-01 4.530519247e-01 -3.184770644e-01
    endloop
  endfacet
  facet normal -1.495247334e-01 -2.939173877e-01 -9.440630078e-01
    outer loop
      vertex -9.094049782e-02 3.227185011e-01 -2.798860371e-01
      vertex -1.286380691e-08 3.227185011e-01 -2.942895889e-01
      vertex -1.463748500e-08 4.530519247e-01 -3.348666131e-01
    endloop
  endfacet
  facet normal -4.339379370e-01 -2.939171493e-01 -8.516517282e-01
    outer loop
      vertex -1.729790568e-01 3.227185011e-01 -2.380852699e-01
      vertex -9.094049782e-02 3.227185011e-01 -2.798860371e-01
      vertex -1.034794822e-01 4.530519247e-01 -3.184770346e-01
    endloop
  endfacet
  facet normal -6.758742332e-01 -2.939176261e-01 -6.758745313e-01
    outer loop
      vertex -2.380852997e-01 3.227185011e-01 -1.729790568e-01
      vertex -1.729790568e-01 3.227185011e-01 -2.380852699e-01
      vertex -1.968296319e-01 4.530519247e-01 -2.709127665e-01
    endloop
  endfacet
  facet normal -8.516513705e-01 -2.939176559e-01 -4.339381754e-01
    outer loop
      vertex -2.798860669e-01 3.227185011e-01 -9.094043076e-02
      vertex -2.380852997e-01 3.227185011e-01 -1.729790568e-01
      vertex -2.709127963e-01 4.530519247e-01 -1.968296319e-01
    endloop
  endfacet
  facet normal -9.440630674e-01 -2.939170003e-01 -1.495243907e-01
    outer loop
      vertex -2.942895889e-01 3.227185011e-01 9.589172123e-08
      vertex -2.798860669e-01 3.227185011e-01 -9.094043076e-02
      vertex -3.184770942e-01 4.530519247e-01 -1.034794003e-01
    endloop
  endfacet
  facet normal -9.440629482e-01 -2.939173579e-01 1.495252848e-01
    outer loop
      vertex -2.798859775e-01 3.227185011e-01 9.094060957e-02
      vertex -2.942895889e-01 3.227185011e-01 9.589172123e-08
      vertex -3.348666131e-01 4.530519247e-01 1.091133868e-07
    endloop
  endfacet
  facet normal -8.516514301e-01 -2.939173877e-01 4.339382648e-01
    outer loop
      vertex -2.380851805e-01 3.227185011e-01 1.729792207e-01
      vertex -2.798859775e-01 3.227185011e-01 9.094060957e-02
      vertex -3.184770048e-01 4.530519247e-01 1.034796163e-01
    endloop
  endfacet
  facet normal -6.758742332e-01 -2.939172685e-01 6.758746505e-01
    outer loop
      vertex -1.729789227e-01 3.227185011e-01 2.380854189e-01
      vertex -2.380851805e-01 3.227185011e-01 1.729792207e-01
      vertex -2.709126472e-01 4.530519247e-01 1.968298107e-01
    endloop
  endfacet
  facet normal -4.339374006e-01 -2.939172089e-01 8.516518474e-01
    outer loop
      vertex -9.094025195e-02 3.227185011e-01 2.798860967e-01
      vertex -1.729789227e-01 3.227185011e-01 2.380854189e-01
      vertex -1.968294680e-01 4.530519247e-01 2.709129155e-01
    endloop
  endfacet
  facet normal -1.495240927e-01 -2.939174771e-01 9.440630078e-01
    outer loop
      vertex 2.841657931e-07 3.227185011e-01 2.942895889e-01
      vertex -9.094025195e-02 3.227185011e-01 2.798860967e-01
      vertex -1.034792066e-01 4.530519247e-01 3.184771538e-01
    endloop
  endfacet
  facet normal 1.495264322e-01 -2.939173877e-01 9.440627694e-01
    outer loop
      vertex 9.094079584e-02 3.227185011e-01 2.798859477e-01
      vertex 2.841657931e-07 3.227185011e-01 2.942895889e-01
      vertex 3.233469101e-07 4.530519247e-01 3.348666131e-01
    endloop
  endfacet
  facet normal 4.339396358e-01 -2.939171195e-01 8.516508341e-01
    outer loop
      vertex 1.729793847e-01 3.227185011e-01 2.380850762e-01
      vertex 9.094079584e-02 3.227185011e-01 2.798859477e-01
      vertex 1.034798250e-01 4.530519247e-01 3.184769452e-01
    endloop
  endfacet
  facet normal 6.758757234e-01 -2.939171195e-01 6.758733392e-01
    outer loop
      vertex 2.380855083e-01 3.227185011e-01 1.729787588e-01
      vertex 1.729793847e-01 3.227185011e-01 2.380850762e-01
      vertex 1.968299896e-01 4.530519247e-01 2.709125280e-01
    endloop
  endfacet
  facet normal 8.516520262e-01 -2.939174771e-01 4.339370131e-01
    outer loop
      vertex 2.798861563e-01 3.227185011e-01 9.094008058e-02
      vertex 2.380855083e-01 3.227185011e-01 1.729787588e-01
      vertex 2.709130347e-01 4.530519247e-01 1.968292892e-01
    endloop
  endfacet
  facet normal 9.440630078e-01 -2.939176261e-01 1.495242119e-01
    outer loop
      vertex 2.942895889e-01 3.227185011e-01 0.000000000e+00
      vertex 2.798861563e-01 3.227185011e-01 9.094008058e-02
      vertex 3.184772134e-01 4.530519247e-01 1.034790054e-01
    endloop
  endfacet
  facet normal 9.076332450e-01 -3.943812549e-01 -1.437547207e-01
    outer loop
      vertex 2.336604148e-01 2.108595371e-01 -7.592087239e-02
      vertex 2.456851006e-01 2.108595371e-01 0.000000000e+00
      vertex 2.942895889e-01 3.227185011e-01 0.000000000e+00
    endloop
  endfacet
  facet normal 8.187877536e-01 -3.943808675e-01 -4.171933830e-01
    outer loop
      vertex 1.987634152e-01 2.108595371e-01 -1.444100738e-01
      vertex 2.336604148e-01 2.108595371e-01 -7.592087239e-02
      vertex 2.798860371e-01 3.227185011e-01 -9.094049037e-02
    endloop
  endfacet
  facet normal 6.497936249e-01 -3.943809569e-01 -6.497936249e-01
    outer loop
      vertex 1.444100738e-01 2.108595371e-01 -1.987634152e-01
      vertex 1.987634152e-01 2.108595371e-01 -1.444100738e-01
      vertex 2.380852699e-01 3.227185011e-01 -1.729790866e-01
    endloop
  endfacet
  facet normal 4.171932042e-01 -3.943809271e-01 -8.187878728e-01
    outer loop
      vertex 7.592087239e-02 2.108595371e-01 -2.336604148e-01
      vertex 1.444100738e-01 2.108595371e-01 -1.987634152e-01
      vertex 1.729790866e-01 3.227185011e-01 -2.380852699e-01
    endloop
  endfacet
  facet normal 1.437541395e-01 -3.943811357e-01 -9.076333046e-01
    outer loop
      vertex -1.073923706e-08 2.108595371e-01 -2.456851006e-01
      vertex 7.592087239e-02 2.108595371e-01 -2.336604148e-01
      vertex 9.094047546e-02 3.227185011e-01 -2.798860371e-01
    endloop
  endfacet
  facet normal -1.437549889e-01 -3.943811953e-01 -9.076331854e-01
    outer loop
      vertex -7.592087984e-02 2.108595371e-01 -2.336604148e-01
      vertex -1.073923706e-08 2.108595371e-01 -2.456851006e-01
      vertex -1.286380691e-08 3.227185011e-01 -2.942895889e-01
    endloop
  endfacet
  facet normal -4.171936512e-01 -3.943808675e-01 -8.187875748e-01
    outer loop
      vertex -1.444100589e-01 2.108595371e-01 -1.987634152e-01
      vertex -7.592087984e-02 2.108595371e-01 -2.336604148e-01
      vertex -9.094049782e-02 3.227185011e-01 -2.798860371e-01
    endloop
  endfacet
  facet normal -6.497934461e-01 -3.943809271e-01 -6.497939825e-01
    outer loop
      vertex -1.987634450e-01 2.108595371e-01 -1.444100589e-01
      vertex -1.444100589e-01 2.108595371e-01 -1.987634152e-01
      vertex -1.729790568e-01 3.227185011e-01 -2.380852699e-01
    endloop
  endfacet
  facet normal -8.187879920e-01 -3.943807483e-01 -4.171931148e-01
    outer loop
      vertex -2.336604446e-01 2.108595371e-01 -7.592082024e-02
      vertex -1.987634450e-01 2.108595371e-01 -1.444100589e-01
      vertex -2.380852997e-01 3.227185011e-01 -1.729790568e-01
    endloop
  endfacet
  facet normal -9.076332450e-01 -3.943811357e-01 -1.437546611e-01
    outer loop
      vertex -2.456851006e-01 2.108595371e-01 8.005437024e-08
      vertex -2.336604446e-01 2.108595371e-01 -7.592082024e-02
      vertex -2.798860669e-01 3.227185011e-01 -9.094043076e-02
    endloop
  endfacet
  facet normal -9.076331258e-01 -3.943811655e-01 1.437554359e-01
    outer loop
      vertex -2.336603850e-01 2.108595371e-01 7.592097670e-02
      vertex -2.456851006e-01 2.108595371e-01 8.005437024e-08
      vertex -2.942895889e-01 3.227185011e-01 9.589172123e-08
    endloop
  endfacet
  facet normal -8.187874556e-01 -3.943809867e-01 4.171938300e-01
    outer loop
      vertex -1.987633407e-01 2.108595371e-01 1.444101930e-01
      vertex -2.336603850e-01 2.108595371e-01 7.592097670e-02
      vertex -2.798859775e-01 3.227185011e-01 9.094060957e-02
    endloop
  endfacet
  facet normal -6.497933865e-01 -3.943809867e-01 6.497939825e-01
    outer loop
      vertex -1.444099396e-01 2.108595371e-01 1.987635344e-01
      vertex -1.987633407e-01 2.108595371e-01 1.444101930e-01
      vertex -2.380851805e-01 3.227185011e-01 1.729792207e-01
    endloop
  endfacet
  facet normal -4.171926379e-01 -3.943809867e-01 8.187880516e-01
    outer loop
      vertex -7.592067868e-02 2.108595371e-01 2.336604893e-01
      vertex -1.444099396e-01 2.108595371e-01 1.987635344e-01
      vertex -1.729789227e-01 3.227185011e-01 2.380854189e-01
    endloop
  endfacet
  facet normal -1.437544674e-01 -3.943808377e-01 9.076333046e-01
    outer loop
      vertex 2.372333228e-07 2.108595371e-01 2.456851006e-01
      vertex -7.592067868e-02 2.108595371e-01 2.336604893e-01
      vertex -9.094025195e-02 3.227185011e-01 2.798860967e-01
    endloop
  endfacet
  facet normal 1.437556744e-01 -3.943810761e-01 9.076331854e-01
    outer loop
      vertex 7.592113316e-02 2.108595371e-01 2.336603403e-01
      vertex 2.372333228e-07 2.108595371e-01 2.456851006e-01
      vertex 2.841657931e-07 3.227185011e-01 2.942895889e-01
    endloop
  endfacet
  facet normal 4.171942472e-01 -3.943810761e-01 8.187871575e-01
    outer loop
      vertex 1.444103271e-01 2.108595371e-01 1.987632513e-01
      vertex 7.592113316e-02 2.108595371e-01 2.336603403e-01
      vertex 9.094079584e-02 3.227185011e-01 2.798859477e-01
    endloop
  endfacet
  facet normal 6.497945786e-01 -3.943809867e-01 6.497926712e-01
    outer loop
      vertex 1.987636089e-01 2.108595371e-01 1.444098204e-01
      vertex 1.444103271e-01 2.108595371e-01 1.987632513e-01
      vertex 1.729793847e-01 3.227185011e-01 2.380850762e-01
    endloop
  endfacet
  facet normal 8.187882304e-01 -3.943810761e-01 4.171921313e-01
    outer loop
      vertex 2.336605340e-01 2.108595371e-01 7.592052966e-02
      vertex 1.987636089e-01 2.108595371e-01 1.444098204e-01
      vertex 2.380855083e-01 3.227185011e-01 1.729787588e-01
    endloop
  endfacet
  facet normal 9.076336026e-01 -3.943805993e-01 1.437542140e-01
    outer loop
      vertex 2.456851006e-01 2.108595371e-01 0.000000000e+00
      vertex 2.336605340e-01 2.108595371e-01 7.592052966e-02
      vertex 2.798861563e-01 3.227185011e-01 9.094008058e-02
    endloop
  endfacet
  facet normal 8.451755047e-01 -5.174545646e-01 -1.338624060e-01
    outer loop
      vertex 1.810611933e-01 1.205262542e-01 -5.883034691e-02
      vertex 1.903789937e-01 1.205262542e-01 0.000000000e+00
      vertex 2.456851006e-01 2.108595371e-01 0.000000000e+00
    endloop
  endfacet
  facet normal 7.624439597e-01 -5.174542069e-01 -3.884846866e-01
    outer loop
      vertex 1.540198326e-01 1.205262542e-01 -1.119019613e-01
      vertex 1.810611933e-01 1.205262542e-01 -5.883034691e-02
      vertex 2.336604148e-01 2.108595371e-01 -7.592087239e-02
    endloop
  endfacet
  facet normal 6.050788164e-01 -5.174546242e-01 -6.050788164e-01
    outer loop
      vertex 1.119019613e-01 1.205262542e-01 -1.540198326e-01
      vertex 1.540198326e-01 1.205262542e-01 -1.119019613e-01
      vertex 1.987634152e-01 2.108595371e-01 -1.444100738e-01
    endloop
  endfacet
  facet normal 3.884843588e-01 -5.174546838e-01 -7.624439001e-01
    outer loop
      vertex 5.883033946e-02 1.205262542e-01 -1.810611933e-01
      vertex 1.119019613e-01 1.205262542e-01 -1.540198326e-01
      vertex 1.444100738e-01 2.108595371e-01 -1.987634152e-01
    endloop
  endfacet
  facet normal 1.338624209e-01 -5.174545050e-01 -8.451755047e-01
    outer loop
      vertex -8.321729972e-09 1.205262542e-01 -1.903789937e-01
      vertex 5.883033946e-02 1.205262542e-01 -1.810611933e-01
      vertex 7.592087239e-02 2.108595371e-01 -2.336604148e-01
    endloop
  endfacet
  facet normal -1.338624060e-01 -5.174544454e-01 -8.451755643e-01
    outer loop
      vertex -5.883035064e-02 1.205262542e-01 -1.810611784e-01
      vertex -8.321729972e-09 1.205262542e-01 -1.903789937e-01
      vertex -1.073923706e-08 2.108595371e-01 -2.456851006e-01
    endloop
  endfacet
  facet normal -3.884849846e-01 -5.174544454e-01 -7.624436021e-01
    outer loop
      vertex -1.119019538e-01 1.205262542e-01 -1.540198326e-01
      vertex -5.883035064e-02 1.205262542e-01 -1.810611784e-01
      vertex -7.592087984e-02 2.108595371e-01 -2.336604148e-01
    endloop
  endfacet
  facet normal -6.050789356e-01 -5.174545050e-01 -6.050787568e-01
    outer loop
      vertex -1.540198475e-01 1.205262542e-01 -1.119019538e-01
      vertex -1.119019538e-01 1.205262542e-01 -1.540198326e-01
      vertex -1.444100589e-01 2.108595371e-01 -1.987634152e-01
    endloop
  endfacet
  facet normal -7.624439597e-01 -5.174544454e-01 -3.884843290e-01
    outer loop
      vertex -1.810611933e-01 1.205262542e-01 -5.883030221e-02
      vertex -1.540198475e-01 1.205262542e-01 -1.119019538e-01
      vertex -1.987634450e-01 2.108595371e-01 -1.444100589e-01
    endloop
  endfacet
  facet normal -8.451756835e-01 -5.174543262e-01 -1.338623911e-01
    outer loop
      vertex -1.903789937e-01 1.205262542e-01 6.203335090e-08
      vertex -1.810611933e-01 1.205262542e-01 -5.883030221e-02
      vertex -2.336604446e-01 2.108595371e-01 -7.592082024e-02
    endloop
  endfacet
  facet normal -8.451752663e-01 -5.174547434e-01 1.338632405e-01
    outer loop
      vertex -1.810611486e-01 1.205262542e-01 5.883042142e-02
      vertex -1.903789937e-01 1.205262542e-01 6.203335090e-08
      vertex -2.456851006e-01 2.108595371e-01 8.005437024e-08
    endloop
  endfacet
  facet normal -7.624434233e-01 -5.174547434e-01 3.884847462e-01
    outer loop
      vertex -1.540197730e-01 1.205262542e-01 1.119020507e-01
      vertex -1.810611486e-01 1.205262542e-01 5.883042142e-02
      vertex -2.336603850e-01 2.108595371e-01 7.592097670e-02
    endloop
  endfacet
  facet normal -6.050783992e-01 -5.174547434e-01 6.050791144e-01
    outer loop
      vertex -1.119018570e-01 1.205262542e-01 1.540199220e-01
      vertex -1.540197730e-01 1.205262542e-01 1.119020507e-01
      vertex -1.987633407e-01 2.108595371e-01 1.444101930e-01
    endloop
  endfacet
  facet normal -3.884840608e-01 -5.174545646e-01 7.624440193e-01
    outer loop
      vertex -5.883019045e-02 1.205262542e-01 1.810612381e-01
      vertex -1.119018570e-01 1.205262542e-01 1.540199220e-01
      vertex -1.444099396e-01 2.108595371e-01 1.987635344e-01
    endloop
  endfacet
  facet normal -1.338617206e-01 -5.174544454e-01 8.451755643e-01
    outer loop
      vertex 1.838297834e-07 1.205262542e-01 1.903789937e-01
      vertex -5.883019045e-02 1.205262542e-01 1.810612381e-01
      vertex -7.592067868e-02 2.108595371e-01 2.336604893e-01
    endloop
  endfacet
  facet normal 1.338635534e-01 -5.174545646e-01 8.451753259e-01
    outer loop
      vertex 5.883054063e-02 1.205262542e-01 1.810611188e-01
      vertex 1.838297834e-07 1.205262542e-01 1.903789937e-01
      vertex 2.372333228e-07 2.108595371e-01 2.456851006e-01
    endloop
  endfacet
  facet normal 3.884854019e-01 -5.174546242e-01 7.624433041e-01
    outer loop
      vertex 1.119021550e-01 1.205262542e-01 1.540196985e-01
      vertex 5.883054063e-02 1.205262542e-01 1.810611188e-01
      vertex 7.592113316e-02 2.108595371e-01 2.336603403e-01
    endloop
  endfacet
  facet normal 6.050797701e-01 -5.174545050e-01 6.050779819e-01
    outer loop
      vertex 1.540199965e-01 1.205262542e-01 1.119017601e-01
      vertex 1.119021550e-01 1.205262542e-01 1.540196985e-01
      vertex 1.444103271e-01 2.108595371e-01 1.987632513e-01
    endloop
  endfacet
  facet normal 7.624444366e-01 -5.174545646e-01 3.884832561e-01
    outer loop
      vertex 1.810612530e-01 1.205262542e-01 5.883007869e-02
      vertex 1.540199965e-01 1.205262542e-01 1.119017601e-01
      vertex 1.987636089e-01 2.108595371e-01 1.444098204e-01
    endloop
  endfacet
  facet normal 8.451752663e-01 -5.174549818e-01 1.338621080e-01
    outer loop
      vertex 1.903789937e-01 1.205262542e-01 0.000000000e+00
      vertex 1.810612530e-01 1.205262542e-01 5.883007869e-02
      vertex 2.336605340e-01 2.108595371e-01 7.592052966e-02
    endloop
  endfacet
  facet normal 7.338944077e-01 -6.692442894e-01 -1.162373126e-01
    outer loop
      vertex 1.235230565e-01 5.418276787e-02 -4.013507441e-02
      vertex 1.298798174e-01 5.418276787e-02 0.000000000e+00
      vertex 1.903789937e-01 1.205262542e-01 0.000000000e+00
    endloop
  endfacet
  facet normal 6.620554328e-01 -6.692444682e-01 -3.373343050e-01
    outer loop
      vertex 1.050749794e-01 5.418276787e-02 -7.634144276e-02
      vertex 1.235230565e-01 5.418276787e-02 -4.013507441e-02
      vertex 1.810611933e-01 1.205262542e-01 -5.883034691e-02
    endloop
  endfacet
  facet normal 5.254105330e-01 -6.692442894e-01 -5.254102945e-01
    outer loop
      vertex 7.634144276e-02 5.418276787e-02 -1.050749794e-01
      vertex 1.050749794e-01 5.418276787e-02 -7.634144276e-02
      vertex 1.540198326e-01 1.205262542e-01 -1.119019613e-01
    endloop
  endfacet
  facet normal 3.373345435e-01 -6.692441702e-01 -6.620556116e-01
    outer loop
      vertex 4.013506696e-02 5.418276787e-02 -1.235230565e-01
      vertex 7.634144276e-02 5.418276787e-02 -1.050749794e-01
      vertex 1.119019613e-01 1.205262542e-01 -1.540198326e-01
    endloop
  endfacet
  facet normal 1.162370592e-01 -6.692442894e-01 -7.338944077e-01
    outer loop
      vertex -5.677227133e-09 5.418276787e-02 -1.298798174e-01
      vertex 4.013506696e-02 5.418276787e-02 -1.235230565e-01
      vertex 5.883033946e-02 1.205262542e-01 -1.810611933e-01
    endloop
  endfacet
  facet normal -1.162370592e-01 -6.692442894e-01 -7.338944674e-01
    outer loop
      vertex -4.013507813e-02 5.418276787e-02 -1.235230491e-01
      vertex -5.677227133e-09 5.418276787e-02 -1.298798174e-01
      vertex -8.321729972e-09 1.205262542e-01 -1.903789937e-01
    endloop
  endfacet
  facet normal -3.373346329e-01 -6.692442298e-01 -6.620554328e-01
    outer loop
      vertex -7.634143531e-02 5.418276787e-02 -1.050749794e-01
      vertex -4.013507813e-02 5.418276787e-02 -1.235230491e-01
      vertex -5.883035064e-02 1.205262542e-01 -1.810611784e-01
    endloop
  endfacet
  facet normal -5.254103541e-01 -6.692440510e-01 -5.254107118e-01
    outer loop
      vertex -1.050749943e-01 5.418276787e-02 -7.634143531e-02
      vertex -7.634143531e-02 5.418276787e-02 -1.050749794e-01
      vertex -1.119019538e-01 1.205262542e-01 -1.540198326e-01
    endloop
  endfacet
  facet normal -6.620557904e-01 -6.692441702e-01 -3.373340368e-01
    outer loop
      vertex -1.235230565e-01 5.418276787e-02 -4.013504833e-02
      vertex -1.050749943e-01 5.418276787e-02 -7.634143531e-02
      vertex -1.540198475e-01 1.205262542e-01 -1.119019538e-01
    endloop
  endfacet
  facet normal -7.338946462e-01 -6.692440510e-01 -1.162373126e-01
    outer loop
      vertex -1.298798174e-01 5.418276787e-02 4.232022022e-08
      vertex -1.235230565e-01 5.418276787e-02 -4.013504833e-02
      vertex -1.810611933e-01 1.205262542e-01 -5.883030221e-02
    endloop
  endfacet
  facet normal -7.338945270e-01 -6.692441702e-01 1.162375584e-01
    outer loop
      vertex -1.235230342e-01 5.418276787e-02 4.013512656e-02
      vertex -1.298798174e-01 5.418276787e-02 4.232022022e-08
      vertex -1.903789937e-01 1.205262542e-01 6.203335090e-08
    endloop
  endfacet
  facet normal -6.620555520e-01 -6.692443490e-01 3.373344839e-01
    outer loop
      vertex -1.050749421e-01 5.418276787e-02 7.634150237e-02
      vertex -1.235230342e-01 5.418276787e-02 4.013512656e-02
      vertex -1.810611486e-01 1.205262542e-01 5.883042142e-02
    endloop
  endfacet
  facet normal -5.254100561e-01 -6.692443490e-01 5.254108310e-01
    outer loop
      vertex -7.634137571e-02 5.418276787e-02 1.050750390e-01
      vertex -1.050749421e-01 5.418276787e-02 7.634150237e-02
      vertex -1.540197730e-01 1.205262542e-01 1.119020507e-01
    endloop
  endfacet
  facet normal -3.373339474e-01 -6.692442298e-01 6.620557308e-01
    outer loop
      vertex -4.013497010e-02 5.418276787e-02 1.235230789e-01
      vertex -7.634137571e-02 5.418276787e-02 1.050750390e-01
      vertex -1.119018570e-01 1.205262542e-01 1.540199220e-01
    endloop
  endfacet
  facet normal -1.162364930e-01 -6.692445278e-01 7.338944077e-01
    outer loop
      vertex 1.254118587e-07 5.418276787e-02 1.298798174e-01
      vertex -4.013497010e-02 5.418276787e-02 1.235230789e-01
      vertex -5.883019045e-02 1.205262542e-01 1.810612381e-01
    endloop
  endfacet
  facet normal 1.162375212e-01 -6.692443490e-01 7.338942885e-01
    outer loop
      vertex 4.013520852e-02 5.418276787e-02 1.235230118e-01
      vertex 1.254118587e-07 5.418276787e-02 1.298798174e-01
      vertex 1.838297834e-07 1.205262542e-01 1.903789937e-01
    endloop
  endfacet
  facet normal 3.373349607e-01 -6.692442298e-01 6.620553732e-01
    outer loop
      vertex 7.634157687e-02 5.418276787e-02 1.050748974e-01
      vertex 4.013520852e-02 5.418276787e-02 1.235230118e-01
      vertex 5.883054063e-02 1.205262542e-01 1.810611188e-01
    endloop
  endfacet
  facet normal 5.254110098e-01 -6.692444086e-01 5.254095793e-01
    outer loop
      vertex 1.050750837e-01 5.418276787e-02 7.634130120e-02
      vertex 7.634157687e-02 5.418276787e-02 1.050748974e-01
      vertex 1.119021550e-01 1.205262542e-01 1.540196985e-01
    endloop
  endfacet
  facet normal 6.620561481e-01 -6.692442298e-01 3.373332918e-01
    outer loop
      vertex 1.235231087e-01 5.418276787e-02 4.013489187e-02
      vertex 1.050750837e-01 5.418276787e-02 7.634130120e-02
      vertex 1.540199965e-01 1.205262542e-01 1.119017601e-01
    endloop
  endfacet
  facet normal 7.338944077e-01 -6.692444086e-01 1.162368134e-01
    outer loop
      vertex 1.298798174e-01 5.418276787e-02 0.000000000e+00
      vertex 1.235231087e-01 5.418276787e-02 4.013489187e-02
      vertex 1.810612530e-01 1.205262542e-01 5.883007869e-02
    endloop
  endfacet
  facet normal 5.329933763e-01 -8.418976665e-01 -8.441782743e-02
    outer loop
      vertex 6.261553615e-02 1.363873482e-02 -2.034502104e-02
      vertex 6.583786756e-02 1.363873482e-02 0.000000000e+00
      vertex 1.298798174e-01 5.418276787e-02 0.000000000e+00
    endloop
  endfacet
  facet normal 4.808200896e-01 -8.418975472e-01 -2.449906319e-01
    outer loop
      vertex 5.326395109e-02 1.363873482e-02 -3.869852796e-02
      vertex 6.261553615e-02 1.363873482e-02 -2.034502104e-02
      vertex 1.235230565e-01 5.418276787e-02 -4.013507441e-02
    endloop
  endfacet
  facet normal 3.815810382e-01 -8.418979049e-01 -3.815808892e-01
    outer loop
      vertex 3.869852796e-02 1.363873482e-02 -5.326395109e-02
      vertex 5.326395109e-02 1.363873482e-02 -3.869852796e-02
      vertex 1.050749794e-01 5.418276787e-02 -7.634144276e-02
    endloop
  endfacet
  facet normal 2.449900359e-01 -8.418977261e-01 -4.808200896e-01
    outer loop
      vertex 2.034501918e-02 1.363873482e-02 -6.261553615e-02
      vertex 3.869852796e-02 1.363873482e-02 -5.326395109e-02
      vertex 7.634144276e-02 5.418276787e-02 -1.050749794e-01
    endloop
  endfacet
  facet normal 8.441749960e-02 -8.418977261e-01 -5.329932570e-01
    outer loop
      vertex -2.877864613e-09 1.363873482e-02 -6.583786756e-02
      vertex 2.034501918e-02 1.363873482e-02 -6.261553615e-02
      vertex 4.013506696e-02 5.418276787e-02 -1.235230565e-01
    endloop
  endfacet
  facet normal -8.441840857e-02 -8.418977261e-01 -5.329932570e-01
    outer loop
      vertex -2.034502290e-02 1.363873482e-02 -6.261553615e-02
      vertex -2.877864613e-09 1.363873482e-02 -6.583786756e-02
      vertex -5.677227133e-09 5.418276787e-02 -1.298798174e-01
    endloop
  endfacet
  facet normal -2.449902892e-01 -8.418975472e-01 -4.808202386e-01
    outer loop
      vertex -3.869852051e-02 1.363873482e-02 -5.326395109e-02
      vertex -2.034502290e-02 1.363873482e-02 -6.261553615e-02
      vertex -4.013507813e-02 5.418276787e-02 -1.235230491e-01
    endloop
  endfacet
  facet normal -3.815811574e-01 -8.418977857e-01 -3.815808594e-01
    outer loop
      vertex -5.326395854e-02 1.363873482e-02 -3.869852051e-02
      vertex -3.869852051e-02 1.363873482e-02 -5.326395109e-02
      vertex -7.634143531e-02 5.418276787e-02 -1.050749794e-01
    endloop
  endfacet
  facet normal -4.808205068e-01 -8.418976068e-01 -2.449899316e-01
    outer loop
      vertex -6.261553615e-02 1.363873482e-02 -2.034500800e-02
      vertex -5.326395854e-02 1.363873482e-02 -3.869852051e-02
      vertex -1.050749943e-01 5.418276787e-02 -7.634143531e-02
    endloop
  endfacet
  facet normal -5.329935551e-01 -8.418976068e-01 -8.441780508e-02
    outer loop
      vertex -6.583786756e-02 1.363873482e-02 2.145270095e-08
      vertex -6.261553615e-02 1.363873482e-02 -2.034500800e-02
      vertex -1.235230565e-01 5.418276787e-02 -4.013504833e-02
    endloop
  endfacet
  facet normal -5.329932570e-01 -8.418977261e-01 8.441837877e-02
    outer loop
      vertex -6.261552125e-02 1.363873482e-02 2.034504712e-02
      vertex -6.583786756e-02 1.363873482e-02 2.145270095e-08
      vertex -1.298798174e-01 5.418276787e-02 4.232022022e-08
    endloop
  endfacet
  facet normal -4.808200598e-01 -8.418977857e-01 2.449903190e-01
    outer loop
      vertex -5.326393247e-02 1.363873482e-02 3.869855776e-02
      vertex -6.261552125e-02 1.363873482e-02 2.034504712e-02
      vertex -1.235230342e-01 5.418276787e-02 4.013512656e-02
    endloop
  endfacet
  facet normal -3.815808594e-01 -8.418977857e-01 3.815811574e-01
    outer loop
      vertex -3.869849071e-02 1.363873482e-02 5.326398090e-02
      vertex -5.326393247e-02 1.363873482e-02 3.869855776e-02
      vertex -1.050749421e-01 5.418276787e-02 7.634150237e-02
    endloop
  endfacet
  facet normal -2.449896485e-01 -8.418977261e-01 4.808203876e-01
    outer loop
      vertex -2.034496702e-02 1.363873482e-02 6.261555105e-02
      vertex -3.869849071e-02 1.363873482e-02 5.326398090e-02
      vertex -7.634137571e-02 5.418276787e-02 1.050750390e-01
    endloop
  endfacet
  facet normal -8.441718668e-02 -8.418977261e-01 5.329933167e-01
    outer loop
      vertex 6.357299043e-08 1.363873482e-02 6.583786756e-02
      vertex -2.034496702e-02 1.363873482e-02 6.261555105e-02
      vertex -4.013497010e-02 5.418276787e-02 1.235230789e-01
    endloop
  endfacet
  facet normal 8.441927284e-02 -8.418976665e-01 5.329931974e-01
    outer loop
      vertex 2.034508996e-02 1.363873482e-02 6.261550635e-02
      vertex 6.357299043e-08 1.363873482e-02 6.583786756e-02
      vertex 1.254118587e-07 5.418276787e-02 1.298798174e-01
    endloop
  endfacet
  facet normal 2.449900210e-01 -8.418979645e-01 4.808199108e-01
    outer loop
      vertex 3.869859502e-02 1.363873482e-02 5.326391011e-02
      vertex 2.034508996e-02 1.363873482e-02 6.261550635e-02
      vertex 4.013520852e-02 5.418276787e-02 1.235230118e-01
    endloop
  endfacet
  facet normal 3.815819919e-01 -8.418976665e-01 3.815804720e-01
    outer loop
      vertex 5.326400325e-02 1.363873482e-02 3.869845718e-02
      vertex 3.869859502e-02 1.363873482e-02 5.326391011e-02
      vertex 7.634157687e-02 5.418276787e-02 1.050748974e-01
    endloop
  endfacet
  facet normal 4.808203280e-01 -8.418978453e-01 2.449895442e-01
    outer loop
      vertex 6.261556596e-02 1.363873482e-02 2.034492791e-02
      vertex 5.326400325e-02 1.363873482e-02 3.869845718e-02
      vertex 1.050750837e-01 5.418276787e-02 7.634130120e-02
    endloop
  endfacet
  facet normal 5.329932570e-01 -8.418977857e-01 8.441729844e-02
    outer loop
      vertex 6.583786756e-02 1.363873482e-02 0.000000000e+00
      vertex 6.261556596e-02 1.363873482e-02 2.034492791e-02
      vertex 1.235231087e-01 5.418276787e-02 4.013489187e-02
    endloop
  endfacet
  facet normal 2.027450651e-01 -9.787048697e-01 3.211148456e-02
    outer loop
      vertex 6.261556596e-02 1.363873482e-02 2.034492791e-02
      vertex 6.583786756e-02 1.363873482e-02 0.000000000e+00
      vertex 2.872112148e-08 0.000000000e+00 9.332011608e-09
    endloop
  endfacet
  facet normal 1.828990728e-01 -9.787049294e-01 9.319148213e-02
    outer loop
      vertex 5.326400325e-02 1.363873482e-02 3.869845718e-02
      vertex 6.261556596e-02 1.363873482e-02 2.034492791e-02
      vertex 2.872112148e-08 0.000000000e+00 9.332011608e-09
    endloop
  endfacet
  facet normal 1.451496780e-01 -9.787048697e-01 1.451492161e-01
    outer loop
      vertex 3.869859502e-02 1.363873482e-02 5.326391011e-02
      vertex 5.326400325e-02 1.363873482e-02 3.869845718e-02
      vertex 2.872112148e-08 0.000000000e+00 9.332011608e-09
    endloop
  endfacet
  facet normal 9.319175780e-02 -9.787048697e-01 1.828988492e-01
    outer loop
      vertex 2.034508996e-02 1.363873482e-02 6.261550635e-02
      vertex 3.869859502e-02 1.363873482e-02 5.326391011e-02
      vertex 2.872112148e-08 0.000000000e+00 9.332011608e-09
    endloop
  endfacet
  facet normal 3.211191297e-02 -9.787049294e-01 2.027449906e-01
    outer loop
      vertex 6.357299043e-08 1.363873482e-02 6.583786756e-02
      vertex 2.034508996e-02 1.363873482e-02 6.261550635e-02
      vertex 2.872112148e-08 0.000000000e+00 9.332011608e-09
    endloop
  endfacet
  facet normal -3.211143985e-02 -9.787049294e-01 2.027449757e-01
    outer loop
      vertex -2.034496702e-02 1.363873482e-02 6.261555105e-02
      vertex 6.357299043e-08 1.363873482e-02 6.583786756e-02
      vertex 2.872112148e-08 0.000000000e+00 9.332011608e-09
    endloop
  endfacet
  facet normal -9.319151193e-02 -9.787049294e-01 1.828989834e-01
    outer loop
      vertex -3.869849071e-02 1.363873482e-02 5.326398090e-02
      vertex -2.034496702e-02 1.363873482e-02 6.261555105e-02
      vertex 2.872112148e-08 0.000000000e+00 9.332011608e-09
    endloop
  endfacet
  facet normal -1.451491863e-01 -9.787048697e-01 1.451494247e-01
    outer loop
      vertex -5.326393247e-02 1.363873482e-02 3.869855776e-02
      vertex -3.869849071e-02 1.363873482e-02 5.326398090e-02
      vertex 2.872112148e-08 0.000000000e+00 9.332011608e-09
    endloop
  endfacet
  facet normal -1.828988045e-01 -9.787049294e-01 9.319163859e-02
    outer loop
      vertex -6.261552125e-02 1.363873482e-02 2.034504712e-02
      vertex -5.326393247e-02 1.363873482e-02 3.869855776e-02
      vertex 2.872112148e-08 0.000000000e+00 9.332011608e-09
    endloop
  endfacet
  facet normal -2.027449310e-01 -9.787048101e-01 3.211177513e-02
    outer loop
      vertex -6.583786756e-02 1.363873482e-02 2.145270095e-08
      vertex -6.261552125e-02 1.363873482e-02 2.034504712e-02
      vertex 2.872112148e-08 0.000000000e+00 9.332011608e-09
    endloop
  endfacet
  facet normal -2.027448714e-01 -9.787049294e-01 -3.211158887e-02
    outer loop
      vertex -6.261553615e-02 1.363873482e-02 -2.034500800e-02
      vertex -6.583786756e-02 1.363873482e-02 2.145270095e-08
      vertex 2.872112148e-08 0.000000000e+00 9.332011608e-09
    endloop
  endfacet
  facet normal -1.828988045e-01 -9.787049294e-01 -9.319157153e-02
    outer loop
      vertex -5.326395854e-02 1.363873482e-02 -3.869852051e-02
      vertex -6.261553615e-02 1.363873482e-02 -2.034500800e-02
      vertex 2.872112148e-08 0.000000000e+00 9.332011608e-09
    endloop
  endfacet
  facet normal -1.451492906e-01 -9.787049294e-01 -1.451493353e-01
    outer loop
      vertex -3.869852051e-02 1.363873482e-02 -5.326395109e-02
      vertex -5.326395854e-02 1.363873482e-02 -3.869852051e-02
      vertex 2.872112148e-08 0.000000000e+00 9.332011608e-09
    endloop
  endfacet
  facet normal -9.319174290e-02 -9.787049294e-01 -1.828987747e-01
    outer loop
      vertex -2.034502290e-02 1.363873482e-02 -6.261553615e-02
      vertex -3.869852051e-02 1.363873482e-02 -5.326395109e-02
      vertex 2.872112148e-08 0.000000000e+00 9.332011608e-09
    endloop
  endfacet
  facet normal -3.211161494e-02 -9.787049294e-01 -2.027448863e-01
    outer loop
      vertex -2.877864613e-09 1.363873482e-02 -6.583786756e-02
      vertex -2.034502290e-02 1.363873482e-02 -6.261553615e-02
      vertex 2.872112148e-08 0.000000000e+00 9.332011608e-09
    endloop
  endfacet
  facet normal 3.211161867e-02 -9.787049294e-01 -2.027449906e-01
    outer loop
      vertex 2.034501918e-02 1.363873482e-02 -6.261553615e-02
      vertex -2.877864613e-09 1.363873482e-02 -6.583786756e-02
      vertex 2.872112148e-08 0.000000000e+00 9.332011608e-09
    endloop
  endfacet
  facet normal 9.319172055e-02 -9.787049294e-01 -1.828988492e-01
    outer loop
      vertex 3.869852796e-02 1.363873482e-02 -5.326395109e-02
      vertex 2.034501918e-02 1.363873482e-02 -6.261553615e-02
      vertex 2.872112148e-08 0.000000000e+00 9.332011608e-09
    endloop
  endfacet
  facet normal 1.451494098e-01 -9.787048697e-01 -1.451493949e-01
    outer loop
      vertex 5.326395109e-02 1.363873482e-02 -3.869852796e-02
      vertex 3.869852796e-02 1.363873482e-02 -5.326395109e-02
      vertex 2.872112148e-08 0.000000000e+00 9.332011608e-09
    endloop
  endfacet
  facet normal 1.828988791e-01 -9.787048697e-01 -9.319173545e-02
    outer loop
      vertex 6.261553615e-02 1.363873482e-02 -2.034502104e-02
      vertex 5.326395109e-02 1.363873482e-02 -3.869852796e-02
      vertex 2.872112148e-08 0.000000000e+00 9.332011608e-09
    endloop
  endfacet
  facet normal 2.027450353e-01 -9.787048697e-01 -3.211162984e-02
    outer loop
      vertex 6.583786756e-02 1.363873482e-02 0.000000000e+00
      vertex 6.261553615e-02 1.363873482e-02 -2.034502104e-02
      vertex 2.872112148e-08 0.000000000e+00 9.332011608e-09
    endloop
  endfacet
  facet normal 5.329933763e-01 -8.418977261e-01 8.441746235e-02
    outer loop
      vertex 1.235231087e-01 5.418276787e-02 4.013489187e-02
      vertex 1.298798174e-01 5.418276787e-02 0.000000000e+00
      vertex 6.583786756e-02 1.363873482e-02 0.000000000e+00
    endloop
  endfacet
  facet normal 4.808205962e-01 -8.418976665e-01 2.449894398e-01
    outer loop
      vertex 1.050750837e-01 5.418276787e-02 7.634130120e-02
      vertex 1.235231087e-01 5.418276787e-02 4.013489187e-02
      vertex 6.261556596e-02 1.363873482e-02 2.034492791e-02
    endloop
  endfacet
  facet normal 3.815815151e-01 -8.418977261e-01 3.815804422e-01
    outer loop
      vertex 7.634157687e-02 5.418276787e-02 1.050748974e-01
      vertex 1.050750837e-01 5.418276787e-02 7.634130120e-02
      vertex 5.326400325e-02 1.363873482e-02 3.869845718e-02
    endloop
  endfacet
  facet normal 2.449906468e-01 -8.418977261e-01 4.808197916e-01
    outer loop
      vertex 4.013520852e-02 5.418276787e-02 1.235230118e-01
      vertex 7.634157687e-02 5.418276787e-02 1.050748974e-01
      vertex 3.869859502e-02 1.363873482e-02 5.326391011e-02
    endloop
  endfacet
  facet normal 8.441823721e-02 -8.418977261e-01 5.329930782e-01
    outer loop
      vertex 1.254118587e-07 5.418276787e-02 1.298798174e-01
      vertex 4.013520852e-02 5.418276787e-02 1.235230118e-01
      vertex 2.034508996e-02 1.363873482e-02 6.261550635e-02
    endloop
  endfacet
  facet normal -8.441763371e-02 -8.418976665e-01 5.329933167e-01
    outer loop
      vertex -4.013497010e-02 5.418276787e-02 1.235230789e-01
      vertex 1.254118587e-07 5.418276787e-02 1.298798174e-01
      vertex 6.357299043e-08 1.363873482e-02 6.583786756e-02
    endloop
  endfacet
  facet normal -2.449897230e-01 -8.418976665e-01 4.808203876e-01
    outer loop
      vertex -7.634137571e-02 5.418276787e-02 1.050750390e-01
      vertex -4.013497010e-02 5.418276787e-02 1.235230789e-01
      vertex -2.034496702e-02 1.363873482e-02 6.261555105e-02
    endloop
  endfacet
  facet normal -3.815807402e-01 -8.418977261e-01 3.815813661e-01
    outer loop
      vertex -1.050749421e-01 5.418276787e-02 7.634150237e-02
      vertex -7.634137571e-02 5.418276787e-02 1.050750390e-01
      vertex -3.869849071e-02 1.363873482e-02 5.326398090e-02
    endloop
  endfacet
  facet normal -4.808201492e-01 -8.418977261e-01 2.449903637e-01
    outer loop
      vertex -1.235230342e-01 5.418276787e-02 4.013512656e-02
      vertex -1.050749421e-01 5.418276787e-02 7.634150237e-02
      vertex -5.326393247e-02 1.363873482e-02 3.869855776e-02
    endloop
  endfacet
  facet normal -5.329931974e-01 -8.418977857e-01 8.441785723e-02
    outer loop
      vertex -1.298798174e-01 5.418276787e-02 4.232022022e-08
      vertex -1.235230342e-01 5.418276787e-02 4.013512656e-02
      vertex -6.261552125e-02 1.363873482e-02 2.034504712e-02
    endloop
  endfacet
  facet normal -5.329931378e-01 -8.418977857e-01 -8.441761881e-02
    outer loop
      vertex -1.235230565e-01 5.418276787e-02 -4.013504833e-02
      vertex -1.298798174e-01 5.418276787e-02 4.232022022e-08
      vertex -6.583786756e-02 1.363873482e-02 2.145270095e-08
    endloop
  endfacet
  facet normal -4.808200598e-01 -8.418977261e-01 -2.449900061e-01
    outer loop
      vertex -1.050749943e-01 5.418276787e-02 -7.634143531e-02
      vertex -1.235230565e-01 5.418276787e-02 -4.013504833e-02
      vertex -6.261553615e-02 1.363873482e-02 -2.034500800e-02
    endloop
  endfacet
  facet normal -3.815808892e-01 -8.418977261e-01 -3.815812767e-01
    outer loop
      vertex -7.634143531e-02 5.418276787e-02 -1.050749794e-01
      vertex -1.050749943e-01 5.418276787e-02 -7.634143531e-02
      vertex -5.326395854e-02 1.363873482e-02 -3.869852051e-02
    endloop
  endfacet
  facet normal -2.449901402e-01 -8.418978453e-01 -4.808200300e-01
    outer loop
      vertex -4.013507813e-02 5.418276787e-02 -1.235230491e-01
      vertex -7.634143531e-02 5.418276787e-02 -1.050749794e-01
      vertex -3.869852051e-02 1.363873482e-02 -5.326395109e-02
    endloop
  endfacet
  facet normal -8.441768587e-02 -8.418978453e-01 -5.329932570e-01
    outer loop
      vertex -5.677227133e-09 5.418276787e-02 -1.298798174e-01
      vertex -4.013507813e-02 5.418276787e-02 -1.235230491e-01
      vertex -2.034502290e-02 1.363873482e-02 -6.261553615e-02
    endloop
  endfacet
  facet normal 8.441798389e-02 -8.418977261e-01 -5.329933167e-01
    outer loop
      vertex 4.013506696e-02 5.418276787e-02 -1.235230565e-01
      vertex -5.677227133e-09 5.418276787e-02 -1.298798174e-01
      vertex -2.877864613e-09 1.363873482e-02 -6.583786756e-02
    endloop
  endfacet
  facet normal 2.449902594e-01 -8.418976665e-01 -4.808201194e-01
    outer loop
      vertex 7.634144276e-02 5.418276787e-02 -1.050749794e-01
      vertex 4.013506696e-02 5.418276787e-02 -1.235230565e-01
      vertex 2.034501918e-02 1.363873482e-02 -6.261553615e-02
    endloop
  endfacet
  facet normal 3.815811574e-01 -8.418976665e-01 -3.815811574e-01
    outer loop
      vertex 1.050749794e-01 5.418276787e-02 -7.634144276e-02
      vertex 7.634144276e-02 5.418276787e-02 -1.050749794e-01
      vertex 3.869852796e-02 1.363873482e-02 -5.326395109e-02
    endloop
  endfacet
  facet normal 4.808202088e-01 -8.418976665e-01 -2.449901700e-01
    outer loop
      vertex 1.235230565e-01 5.418276787e-02 -4.013507441e-02
      vertex 1.050749794e-01 5.418276787e-02 -7.634144276e-02
      vertex 5.326395109e-02 1.363873482e-02 -3.869852796e-02
    endloop
  endfacet
  facet normal 5.329931974e-01 -8.418977261e-01 -8.441766351e-02
    outer loop
      vertex 1.298798174e-01 5.418276787e-02 0.000000000e+00
      vertex 1.235230565e-01 5.418276787e-02 -4.013507441e-02
      vertex 6.261553615e-02 1.363873482e-02 -2.034502104e-02
    endloop
  endfacet
  facet normal 7.338944674e-01 -6.692442298e-01 1.162371933e-01
    outer loop
      vertex 1.810612530e-01 1.205262542e-01 5.883007869e-02
      vertex 1.903789937e-01 1.205262542e-01 0.000000000e+00
      vertex 1.298798174e-01 5.418276787e-02 0.000000000e+00
    endloop
  endfacet
  facet normal 6.620563269e-01 -6.692442894e-01 3.373329341e-01
    outer loop
      vertex 1.540199965e-01 1.205262542e-01 1.119017601e-01
      vertex 1.810612530e-01 1.205262542e-01 5.883007869e-02
      vertex 1.235231087e-01 5.418276787e-02 4.013489187e-02
    endloop
  endfacet
  facet normal 5.254110098e-01 -6.692443490e-01 5.254097581e-01
    outer loop
      vertex 1.119021550e-01 1.205262542e-01 1.540196985e-01
      vertex 1.540199965e-01 1.205262542e-01 1.119017601e-01
      vertex 1.050750837e-01 5.418276787e-02 7.634130120e-02
    endloop
  endfacet
  facet normal 3.373353183e-01 -6.692442298e-01 6.620553136e-01
    outer loop
      vertex 5.883054063e-02 1.205262542e-01 1.810611188e-01
      vertex 1.119021550e-01 1.205262542e-01 1.540196985e-01
      vertex 7.634157687e-02 5.418276787e-02 1.050748974e-01
    endloop
  endfacet
  facet normal 1.162381992e-01 -6.692442894e-01 7.338942885e-01
    outer loop
      vertex 1.838297834e-07 1.205262542e-01 1.903789937e-01
      vertex 5.883054063e-02 1.205262542e-01 1.810611188e-01
      vertex 4.013520852e-02 5.418276787e-02 1.235230118e-01
    endloop
  endfacet
  facet normal -1.162367985e-01 -6.692443490e-01 7.338944674e-01
    outer loop
      vertex -5.883019045e-02 1.205262542e-01 1.810612381e-01
      vertex 1.838297834e-07 1.205262542e-01 1.903789937e-01
      vertex 1.254118587e-07 5.418276787e-02 1.298798174e-01
    endloop
  endfacet
  facet normal -3.373335004e-01 -6.692443490e-01 6.620559692e-01
    outer loop
      vertex -1.119018570e-01 1.205262542e-01 1.540199220e-01
      vertex -5.883019045e-02 1.205262542e-01 1.810612381e-01
      vertex -4.013497010e-02 5.418276787e-02 1.235230789e-01
    endloop
  endfacet
  facet normal -5.254101157e-01 -6.692441702e-01 5.254107118e-01
    outer loop
      vertex -1.540197730e-01 1.205262542e-01 1.119020507e-01
      vertex -1.119018570e-01 1.205262542e-01 1.540199220e-01
      vertex -7.634137571e-02 5.418276787e-02 1.050750390e-01
    endloop
  endfacet
  facet normal -6.620556712e-01 -6.692441702e-01 3.373345733e-01
    outer loop
      vertex -1.810611486e-01 1.205262542e-01 5.883042142e-02
      vertex -1.540197730e-01 1.205262542e-01 1.119020507e-01
      vertex -1.050749421e-01 5.418276787e-02 7.634150237e-02
    endloop
  endfacet
  facet normal -7.338942885e-01 -6.692443490e-01 1.162378490e-01
    outer loop
      vertex -1.903789937e-01 1.205262542e-01 6.203335090e-08
      vertex -1.810611486e-01 1.205262542e-01 5.883042142e-02
      vertex -1.235230342e-01 5.418276787e-02 4.013512656e-02
    endloop
  endfacet
  facet normal -7.338944077e-01 -6.692442894e-01 -1.162371486e-01
    outer loop
      vertex -1.810611933e-01 1.205262542e-01 -5.883030221e-02
      vertex -1.903789937e-01 1.205262542e-01 6.203335090e-08
      vertex -1.298798174e-01 5.418276787e-02 4.232022022e-08
    endloop
  endfacet
  facet normal -6.620554924e-01 -6.692444086e-01 -3.373341858e-01
    outer loop
      vertex -1.540198475e-01 1.205262542e-01 -1.119019538e-01
      vertex -1.810611933e-01 1.205262542e-01 -5.883030221e-02
      vertex -1.235230565e-01 5.418276787e-02 -4.013504833e-02
    endloop
  endfacet
  facet normal -5.254102945e-01 -6.692443490e-01 -5.254104733e-01
    outer loop
      vertex -1.119019538e-01 1.205262542e-01 -1.540198326e-01
      vertex -1.540198475e-01 1.205262542e-01 -1.119019538e-01
      vertex -1.050749943e-01 5.418276787e-02 -7.634143531e-02
    endloop
  endfacet
  facet normal -3.373341560e-01 -6.692443490e-01 -6.620556116e-01
    outer loop
      vertex -5.883035064e-02 1.205262542e-01 -1.810611784e-01
      vertex -1.119019538e-01 1.205262542e-01 -1.540198326e-01
      vertex -7.634143531e-02 5.418276787e-02 -1.050749794e-01
    endloop
  endfacet
  facet normal -1.162375435e-01 -6.692443490e-01 -7.338943481e-01
    outer loop
      vertex -8.321729972e-09 1.205262542e-01 -1.903789937e-01
      vertex -5.883035064e-02 1.205262542e-01 -1.810611784e-01
      vertex -4.013507813e-02 5.418276787e-02 -1.235230491e-01
    endloop
  endfacet
  facet normal 1.162371933e-01 -6.692444682e-01 -7.338942885e-01
    outer loop
      vertex 5.883033946e-02 1.205262542e-01 -1.810611933e-01
      vertex -8.321729972e-09 1.205262542e-01 -1.903789937e-01
      vertex -5.677227133e-09 5.418276787e-02 -1.298798174e-01
    endloop
  endfacet
  facet normal 3.373343349e-01 -6.692443490e-01 -6.620554924e-01
    outer loop
      vertex 1.119019613e-01 1.205262542e-01 -1.540198326e-01
      vertex 5.883033946e-02 1.205262542e-01 -1.810611933e-01
      vertex 4.013506696e-02 5.418276787e-02 -1.235230565e-01
    endloop
  endfacet
  facet normal 5.254102349e-01 -6.692442894e-01 -5.254103541e-01
    outer loop
      vertex 1.540198326e-01 1.205262542e-01 -1.119019613e-01
      vertex 1.119019613e-01 1.205262542e-01 -1.540198326e-01
      vertex 7.634144276e-02 5.418276787e-02 -1.050749794e-01
    endloop
  endfacet
  facet normal 6.620555520e-01 -6.692443490e-01 -3.373344243e-01
    outer loop
      vertex 1.810611933e-01 1.205262542e-01 -5.883034691e-02
      vertex 1.540198326e-01 1.205262542e-01 -1.119019613e-01
      vertex 1.050749794e-01 5.418276787e-02 -7.634144276e-02
    endloop
  endfacet
  facet normal 7.338943481e-01 -6.692442894e-01 -1.162371859e-01
    outer loop
      vertex 1.903789937e-01 1.205262542e-01 0.000000000e+00
      vertex 1.810611933e-01 1.205262542e-01 -5.883034691e-02
      vertex 1.235230565e-01 5.418276787e-02 -4.013507441e-02
    endloop
  endfacet
  facet normal 8.451755643e-01 -5.174544454e-01 1.338621527e-01
    outer loop
      vertex 2.336605340e-01 2.108595371e-01 7.592052966e-02
      vertex 2.456851006e-01 2.108595371e-01 0.000000000e+00
      vertex 1.903789937e-01 1.205262542e-01 0.000000000e+00
    endloop
  endfacet
  facet normal 7.624444962e-01 -5.174543858e-01 3.884835541e-01
    outer loop
      vertex 1.987636089e-01 2.108595371e-01 1.444098204e-01
      vertex 2.336605340e-01 2.108595371e-01 7.592052966e-02
      vertex 1.810612530e-01 1.205262542e-01 5.883007869e-02
    endloop
  endfacet
  facet normal 6.050797105e-01 -5.174544454e-01 6.050779819e-01
    outer loop
      vertex 1.444103271e-01 2.108595371e-01 1.987632513e-01
      vertex 1.987636089e-01 2.108595371e-01 1.444098204e-01
      vertex 1.540199965e-01 1.205262542e-01 1.119017601e-01
    endloop
  endfacet
  facet normal 3.884851933e-01 -5.174545646e-01 7.624433637e-01
    outer loop
      vertex 7.592113316e-02 2.108595371e-01 2.336603403e-01
      vertex 1.444103271e-01 2.108595371e-01 1.987632513e-01
      vertex 1.119021550e-01 1.205262542e-01 1.540196985e-01
    endloop
  endfacet
  facet normal 1.338632852e-01 -5.174545050e-01 8.451753855e-01
    outer loop
      vertex 2.372333228e-07 2.108595371e-01 2.456851006e-01
      vertex 7.592113316e-02 2.108595371e-01 2.336603403e-01
      vertex 5.883054063e-02 1.205262542e-01 1.810611188e-01
    endloop
  endfacet
  facet normal -1.338614970e-01 -5.174546242e-01 8.451756239e-01
    outer loop
      vertex -7.592067868e-02 2.108595371e-01 2.336604893e-01
      vertex 2.372333228e-07 2.108595371e-01 2.456851006e-01
      vertex 1.838297834e-07 1.205262542e-01 1.903789937e-01
    endloop
  endfacet
  facet normal -3.884842694e-01 -5.174545646e-01 7.624439597e-01
    outer loop
      vertex -1.444099396e-01 2.108595371e-01 1.987635344e-01
      vertex -7.592067868e-02 2.108595371e-01 2.336604893e-01
      vertex -5.883019045e-02 1.205262542e-01 1.810612381e-01
    endloop
  endfacet
  facet normal -6.050783396e-01 -5.174545050e-01 6.050792933e-01
    outer loop
      vertex -1.987633407e-01 2.108595371e-01 1.444101930e-01
      vertex -1.444099396e-01 2.108595371e-01 1.987635344e-01
      vertex -1.119018570e-01 1.205262542e-01 1.540199220e-01
    endloop
  endfacet
  facet normal -7.624437213e-01 -5.174543262e-01 3.884850144e-01
    outer loop
      vertex -2.336603850e-01 2.108595371e-01 7.592097670e-02
      vertex -1.987633407e-01 2.108595371e-01 1.444101930e-01
      vertex -1.540197730e-01 1.205262542e-01 1.119020507e-01
    endloop
  endfacet
  facet normal -8.451755047e-01 -5.174543858e-01 1.338628680e-01
    outer loop
      vertex -2.456851006e-01 2.108595371e-01 8.005437024e-08
      vertex -2.336603850e-01 2.108595371e-01 7.592097670e-02
      vertex -1.810611486e-01 1.205262542e-01 5.883042142e-02
    endloop
  endfacet
  facet normal -8.451753259e-01 -5.174549222e-01 -1.338623613e-01
    outer loop
      vertex -2.336604446e-01 2.108595371e-01 -7.592082024e-02
      vertex -2.456851006e-01 2.108595371e-01 8.005437024e-08
      vertex -1.903789937e-01 1.205262542e-01 6.203335090e-08
    endloop
  endfacet
  facet normal -7.624436617e-01 -5.174547434e-01 -3.884844780e-01
    outer loop
      vertex -1.987634450e-01 2.108595371e-01 -1.444100589e-01
      vertex -2.336604446e-01 2.108595371e-01 -7.592082024e-02
      vertex -1.810611933e-01 1.205262542e-01 -5.883030221e-02
    endloop
  endfacet
  facet normal -6.050785780e-01 -5.174545050e-01 -6.050791740e-01
    outer loop
      vertex -1.444100589e-01 2.108595371e-01 -1.987634152e-01
      vertex -1.987634450e-01 2.108595371e-01 -1.444100589e-01
      vertex -1.540198475e-01 1.205262542e-01 -1.119019538e-01
    endloop
  endfacet
  facet normal -3.884845674e-01 -5.174545050e-01 -7.624437809e-01
    outer loop
      vertex -7.592087984e-02 2.108595371e-01 -2.336604148e-01
      vertex -1.444100589e-01 2.108595371e-01 -1.987634152e-01
      vertex -1.119019538e-01 1.205262542e-01 -1.540198326e-01
    endloop
  endfacet
  facet normal -1.338624507e-01 -5.174545646e-01 -8.451755643e-01
    outer loop
      vertex -1.073923706e-08 2.108595371e-01 -2.456851006e-01
      vertex -7.592087984e-02 2.108595371e-01 -2.336604148e-01
      vertex -5.883035064e-02 1.205262542e-01 -1.810611784e-01
    endloop
  endfacet
  facet normal 1.338624358e-01 -5.174545646e-01 -8.451755047e-01
    outer loop
      vertex 7.592087239e-02 2.108595371e-01 -2.336604148e-01
      vertex -1.073923706e-08 2.108595371e-01 -2.456851006e-01
      vertex -8.321729972e-09 1.205262542e-01 -1.903789937e-01
    endloop
  endfacet
  facet normal 3.884849250e-01 -5.174545050e-01 -7.624436617e-01
    outer loop
      vertex 1.444100738e-01 2.108595371e-01 -1.987634152e-01
      vertex 7.592087239e-02 2.108595371e-01 -2.336604148e-01
      vertex 5.883033946e-02 1.205262542e-01 -1.810611933e-01
    endloop
  endfacet
  facet normal 6.050788760e-01 -5.174544454e-01 -6.050787568e-01
    outer loop
      vertex 1.987634152e-01 2.108595371e-01 -1.444100738e-01
      vertex 1.444100738e-01 2.108595371e-01 -1.987634152e-01
      vertex 1.119019613e-01 1.205262542e-01 -1.540198326e-01
    endloop
  endfacet
  facet normal 7.624436617e-01 -5.174546838e-01 -3.884845376e-01
    outer loop
      vertex 2.336604148e-01 2.108595371e-01 -7.592087239e-02
      vertex 1.987634152e-01 2.108595371e-01 -1.444100738e-01
      vertex 1.540198326e-01 1.205262542e-01 -1.119019613e-01
    endloop
  endfacet
  facet normal 8.451756835e-01 -5.174542665e-01 -1.338627189e-01
    outer loop
      vertex 2.456851006e-01 2.108595371e-01 0.000000000e+00
      vertex 2.336604148e-01 2.108595371e-01 -7.592087239e-02
      vertex 1.810611933e-01 1.205262542e-01 -5.883034691e-02
    endloop
  endfacet
  facet normal 9.076332450e-01 -3.943811655e-01 1.437543482e-01
    outer loop
      vertex 2.798861563e-01 3.227185011e-01 9.094008058e-02
      vertex 2.942895889e-01 3.227185011e-01 0.000000000e+00
      vertex 2.456851006e-01 2.108595371e-01 0.000000000e+00
    endloop
  endfacet
  facet normal 8.187884688e-01 -3.943808377e-01 4.171920121e-01
    outer loop
      vertex 2.380855083e-01 3.227185011e-01 1.729787588e-01
      vertex 2.798861563e-01 3.227185011e-01 9.094008058e-02
      vertex 2.336605340e-01 2.108595371e-01 7.592052966e-02
    endloop
  endfacet
  facet normal 6.497946978e-01 -3.943809867e-01 6.497925520e-01
    outer loop
      vertex 1.729793847e-01 3.227185011e-01 2.380850762e-01
      vertex 2.380855083e-01 3.227185011e-01 1.729787588e-01
      vertex 1.987636089e-01 2.108595371e-01 1.444098204e-01
    endloop
  endfacet
  facet normal 4.171938598e-01 -3.943812549e-01 8.187872767e-01
    outer loop
      vertex 9.094079584e-02 3.227185011e-01 2.798859477e-01
      vertex 1.729793847e-01 3.227185011e-01 2.380850762e-01
      vertex 1.444103271e-01 2.108595371e-01 1.987632513e-01
    endloop
  endfacet
  facet normal 1.437558085e-01 -3.943809867e-01 9.076331854e-01
    outer loop
      vertex 2.841657931e-07 3.227185011e-01 2.942895889e-01
      vertex 9.094079584e-02 3.227185011e-01 2.798859477e-01
      vertex 7.592113316e-02 2.108595371e-01 2.336603403e-01
    endloop
  endfacet
  facet normal -1.437538266e-01 -3.943810165e-01 9.076334238e-01
    outer loop
      vertex -9.094025195e-02 3.227185011e-01 2.798860967e-01
      vertex 2.841657931e-07 3.227185011e-01 2.942895889e-01
      vertex 2.372333228e-07 2.108595371e-01 2.456851006e-01
    endloop
  endfacet
  facet normal -4.171923101e-01 -3.943809271e-01 8.187882900e-01
    outer loop
      vertex -1.729789227e-01 3.227185011e-01 2.380854189e-01
      vertex -9.094025195e-02 3.227185011e-01 2.798860967e-01
      vertex -7.592067868e-02 2.108595371e-01 2.336604893e-01
    endloop
  endfacet
  facet normal -6.497933865e-01 -3.943810761e-01 6.497938633e-01
    outer loop
      vertex -2.380851805e-01 3.227185011e-01 1.729792207e-01
      vertex -1.729789227e-01 3.227185011e-01 2.380854189e-01
      vertex -1.444099396e-01 2.108595371e-01 1.987635344e-01
    endloop
  endfacet
  facet normal -8.187875748e-01 -3.943809271e-01 4.171935320e-01
    outer loop
      vertex -2.798859775e-01 3.227185011e-01 9.094060957e-02
      vertex -2.380851805e-01 3.227185011e-01 1.729792207e-01
      vertex -1.987633407e-01 2.108595371e-01 1.444101930e-01
    endloop
  endfacet
  facet normal -9.076332450e-01 -3.943808377e-01 1.437553018e-01
    outer loop
      vertex -2.942895889e-01 3.227185011e-01 9.589172123e-08
      vertex -2.798859775e-01 3.227185011e-01 9.094060957e-02
      vertex -2.336603850e-01 2.108595371e-01 7.592097670e-02
    endloop
  endfacet
  facet normal -9.076334238e-01 -3.943808973e-01 -1.437544972e-01
    outer loop
      vertex -2.798860669e-01 3.227185011e-01 -9.094043076e-02
      vertex -2.942895889e-01 3.227185011e-01 9.589172123e-08
      vertex -2.456851006e-01 2.108595371e-01 8.005437024e-08
    endloop
  endfacet
  facet normal -8.187876940e-01 -3.943811953e-01 -4.171930254e-01
    outer loop
      vertex -2.380852997e-01 3.227185011e-01 -1.729790568e-01
      vertex -2.798860669e-01 3.227185011e-01 -9.094043076e-02
      vertex -2.336604446e-01 2.108595371e-01 -7.592082024e-02
    endloop
  endfacet
  facet normal -6.497935653e-01 -3.943810165e-01 -6.497937441e-01
    outer loop
      vertex -1.729790568e-01 3.227185011e-01 -2.380852699e-01
      vertex -2.380852997e-01 3.227185011e-01 -1.729790568e-01
      vertex -1.987634450e-01 2.108595371e-01 -1.444100589e-01
    endloop
  endfacet
  facet normal -4.171935320e-01 -3.943811357e-01 -8.187875748e-01
    outer loop
      vertex -9.094049782e-02 3.227185011e-01 -2.798860371e-01
      vertex -1.729790568e-01 3.227185011e-01 -2.380852699e-01
      vertex -1.444100589e-01 2.108595371e-01 -1.987634152e-01
    endloop
  endfacet
  facet normal -1.437545270e-01 -3.943810463e-01 -9.076333046e-01
    outer loop
      vertex -1.286380691e-08 3.227185011e-01 -2.942895889e-01
      vertex -9.094049782e-02 3.227185011e-01 -2.798860371e-01
      vertex -7.592087984e-02 2.108595371e-01 -2.336604148e-01
    endloop
  endfacet
  facet normal 1.437551677e-01 -3.943808973e-01 -9.076333046e-01
    outer loop
      vertex 9.094047546e-02 3.227185011e-01 -2.798860371e-01
      vertex -1.286380691e-08 3.227185011e-01 -2.942895889e-01
      vertex -1.073923706e-08 2.108595371e-01 -2.456851006e-01
    endloop
  endfacet
  facet normal 4.171936214e-01 -3.943810165e-01 -8.187876344e-01
    outer loop
      vertex 1.729790866e-01 3.227185011e-01 -2.380852699e-01
      vertex 9.094047546e-02 3.227185011e-01 -2.798860371e-01
      vertex 7.592087239e-02 2.108595371e-01 -2.336604148e-01
    endloop
  endfacet
  facet normal 6.497936845e-01 -3.943810463e-01 -6.497936249e-01
    outer loop
      vertex 2.380852699e-01 3.227185011e-01 -1.729790866e-01
      vertex 1.729790866e-01 3.227185011e-01 -2.380852699e-01
      vertex 1.444100738e-01 2.108595371e-01 -1.987634152e-01
    endloop
  endfacet
  facet normal 8.187877536e-01 -3.943809867e-01 -4.171932042e-01
    outer loop
      vertex 2.798860371e-01 3.227185011e-01 -9.094049037e-02
      vertex 2.380852699e-01 3.227185011e-01 -1.729790866e-01
      vertex 1.987634152e-01 2.108595371e-01 -1.444100738e-01
    endloop
  endfacet
  facet normal 9.076333046e-01 -3.943808973e-01 -1.437550485e-01
    outer loop
      vertex 2.942895889e-01 3.227185011e-01 0.000000000e+00
      vertex 2.798860371e-01 3.227185011e-01 -9.094049037e-02
      vertex 2.336604148e-01 2.108595371e-01 -7.592087239e-02
    endloop
  endfacet
  facet normal 9.440630674e-01 -2.939170599e-01 1.495242119e-01
    outer loop
      vertex 3.184772134e-01 4.530519247e-01 1.034790054e-01
      vertex 3.348666131e-01 4.530519247e-01 0.000000000e+00
      vertex 2.942895889e-01 3.227185011e-01 0.000000000e+00
    endloop
  endfacet
  facet normal 8.516520262e-01 -2.939177454e-01 4.339368641e-01
    outer loop
      vertex 2.709130347e-01 4.530519247e-01 1.968292892e-01
      vertex 3.184772134e-01 4.530519247e-01 1.034790054e-01
      vertex 2.798861563e-01 3.227185011e-01 9.094008058e-02
    endloop
  endfacet
  facet normal 6.758753061e-01 -2.939175963e-01 6.758734584e-01
    outer loop
      vertex 1.968299896e-01 4.530519247e-01 2.709125280e-01
      vertex 2.709130347e-01 4.530519247e-01 1.968292892e-01
      vertex 2.380855083e-01 3.227185011e-01 1.729787588e-01
    endloop
  endfacet
  facet normal 4.339385629e-01 -2.939172685e-01 8.516512513e-01
    outer loop
      vertex 1.034798250e-01 4.530519247e-01 3.184769452e-01
      vertex 1.968299896e-01 4.530519247e-01 2.709125280e-01
      vertex 1.729793847e-01 3.227185011e-01 2.380850762e-01
    endloop
  endfacet
  facet normal 1.495252401e-01 -2.939171195e-01 9.440629482e-01
    outer loop
      vertex 3.233469101e-07 4.530519247e-01 3.348666131e-01
      vertex 1.034798250e-01 4.530519247e-01 3.184769452e-01
      vertex 9.094079584e-02 3.227185011e-01 2.798859477e-01
    endloop
  endfacet
  facet normal -1.495242566e-01 -2.939174473e-01 9.440630078e-01
    outer loop
      vertex -1.034792066e-01 4.530519247e-01 3.184771538e-01
      vertex 3.233469101e-07 4.530519247e-01 3.348666131e-01
      vertex 2.841657931e-07 3.227185011e-01 2.942895889e-01
    endloop
  endfacet
  facet normal -4.339373708e-01 -2.939173579e-01 8.516519070e-01
    outer loop
      vertex -1.968294680e-01 4.530519247e-01 2.709129155e-01
      vertex -1.034792066e-01 4.530519247e-01 3.184771538e-01
      vertex -9.094025195e-02 3.227185011e-01 2.798860967e-01
    endloop
  endfacet
  facet normal -6.758738756e-01 -2.939174175e-01 6.758751273e-01
    outer loop
      vertex -2.709126472e-01 4.530519247e-01 1.968298107e-01
      vertex -1.968294680e-01 4.530519247e-01 2.709129155e-01
      vertex -1.729789227e-01 3.227185011e-01 2.380854189e-01
    endloop
  endfacet
  facet normal -8.516511321e-01 -2.939176261e-01 4.339386523e-01
    outer loop
      vertex -3.184770048e-01 4.530519247e-01 1.034796163e-01
      vertex -2.709126472e-01 4.530519247e-01 1.968298107e-01
      vertex -2.380851805e-01 3.227185011e-01 1.729792207e-01
    endloop
  endfacet
  facet normal -9.440629482e-01 -2.939170897e-01 1.495255679e-01
    outer loop
      vertex -3.348666131e-01 4.530519247e-01 1.091133868e-07
      vertex -3.184770048e-01 4.530519247e-01 1.034796163e-01
      vertex -2.798859775e-01 3.227185011e-01 9.094060957e-02
    endloop
  endfacet
  facet normal -9.440630078e-01 -2.939175963e-01 -1.495245099e-01
    outer loop
      vertex -3.184770942e-01 4.530519247e-01 -1.034794003e-01
      vertex -3.348666131e-01 4.530519247e-01 1.091133868e-07
      vertex -2.942895889e-01 3.227185011e-01 9.589172123e-08
    endloop
  endfacet
  facet normal -8.516516685e-01 -2.939171195e-01 -4.339379966e-01
    outer loop
      vertex -2.709127963e-01 4.530519247e-01 -1.968296319e-01
      vertex -3.184770942e-01 4.530519247e-01 -1.034794003e-01
      vertex -2.798860669e-01 3.227185011e-01 -9.094043076e-02
    endloop
  endfacet
  facet normal -6.758742929e-01 -2.939173281e-01 -6.758747101e-01
    outer loop
      vertex -1.968296319e-01 4.530519247e-01 -2.709127665e-01
      vertex -2.709127963e-01 4.530519247e-01 -1.968296319e-01
      vertex -2.380852997e-01 3.227185011e-01 -1.729790568e-01
    endloop
  endfacet
  facet normal -4.339382946e-01 -2.939174473e-01 -8.516514301e-01
    outer loop
      vertex -1.034794822e-01 4.530519247e-01 -3.184770346e-01
      vertex -1.968296319e-01 4.530519247e-01 -2.709127665e-01
      vertex -1.729790568e-01 3.227185011e-01 -2.380852699e-01
    endloop
  endfacet
  facet normal -1.495258659e-01 -2.939171195e-01 -9.440628290e-01
    outer loop
      vertex -1.463748500e-08 4.530519247e-01 -3.348666131e-01
      vertex -1.034794822e-01 4.530519247e-01 -3.184770346e-01
      vertex -9.094049782e-02 3.227185011e-01 -2.798860371e-01
    endloop
  endfacet
  facet normal 1.495253593e-01 -2.939174473e-01 -9.440628886e-01
    outer loop
      vertex 1.034794599e-01 4.530519247e-01 -3.184770644e-01
      vertex -1.463748500e-08 4.530519247e-01 -3.348666131e-01
      vertex -1.286380691e-08 3.227185011e-01 -2.942895889e-01
    endloop
  endfacet
  facet normal 4.339381754e-01 -2.939173877e-01 -8.516514897e-01
    outer loop
      vertex 1.968296468e-01 4.530519247e-01 -2.709127665e-01
      vertex 1.034794599e-01 4.530519247e-01 -3.184770644e-01
      vertex 9.094047546e-02 3.227185011e-01 -2.798860371e-01
    endloop
  endfacet
  facet normal 6.758746505e-01 -2.939172983e-01 -6.758743525e-01
    outer loop
      vertex 2.709127665e-01 4.530519247e-01 -1.968296468e-01
      vertex 1.968296468e-01 4.530519247e-01 -2.709127665e-01
      vertex 1.729790866e-01 3.227185011e-01 -2.380852699e-01
    endloop
  endfacet
  facet normal 8.516516089e-01 -2.939171493e-01 -4.339381158e-01
    outer loop
      vertex 3.184770644e-01 4.530519247e-01 -1.034794673e-01
      vertex 2.709127665e-01 4.530519247e-01 -1.968296468e-01
      vertex 2.380852699e-01 3.227185011e-01 -1.729790866e-01
    endloop
  endfacet
  facet normal 9.440629482e-01 -2.939172983e-01 -1.495249867e-01
    outer loop
      vertex 3.348666131e-01 4.530519247e-01 0.000000000e+00
      vertex 3.184770644e-01 4.530519247e-01 -1.034794673e-01
      vertex 2.798860371e-01 3.227185011e-01 -9.094049037e-02
    endloop
  endfacet
  facet normal 9.658592939e-01 -2.090789229e-01 1.529764682e-01
    outer loop
      vertex 3.483810425e-01 5.983046293e-01 1.131953001e-01
      vertex 3.663093448e-01 5.983046293e-01 0.000000000e+00
      vertex 3.348666131e-01 4.530519247e-01 0.000000000e+00
    endloop
  endfacet
  facet normal 8.713150024e-01 -2.090788335e-01 4.439552426e-01
    outer loop
      vertex 2.963507771e-01 5.983046293e-01 2.153108418e-01
      vertex 3.483810425e-01 5.983046293e-01 1.131953001e-01
      vertex 3.184772134e-01 4.530519247e-01 1.034790054e-01
    endloop
  endfacet
  facet normal 6.914796829e-01 -2.090787888e-01 6.914780736e-01
    outer loop
      vertex 2.153116018e-01 5.983046293e-01 2.963502109e-01
      vertex 2.963507771e-01 5.983046293e-01 2.153108418e-01
      vertex 2.709130347e-01 4.530519247e-01 1.968292892e-01
    endloop
  endfacet
  facet normal 4.439577460e-01 -2.090787441e-01 8.713136911e-01
    outer loop
      vertex 1.131961942e-01 5.983046293e-01 3.483807743e-01
      vertex 2.153116018e-01 5.983046293e-01 2.963502109e-01
      vertex 1.968299896e-01 4.530519247e-01 2.709125280e-01
    endloop
  endfacet
  facet normal 1.529778838e-01 -2.090789080e-01 9.658591151e-01
    outer loop
      vertex 3.537080033e-07 5.983046293e-01 3.663093448e-01
      vertex 1.131961942e-01 5.983046293e-01 3.483807743e-01
      vertex 1.034798250e-01 4.530519247e-01 3.184769452e-01
    endloop
  endfacet
  facet normal -1.529760808e-01 -2.090786397e-01 9.658593535e-01
    outer loop
      vertex -1.131955162e-01 5.983046293e-01 3.483809829e-01
      vertex 3.537080033e-07 5.983046293e-01 3.663093448e-01
      vertex 3.233469101e-07 4.530519247e-01 3.348666131e-01
    endloop
  endfacet
  facet normal -4.439563453e-01 -2.090787888e-01 8.713144660e-01
    outer loop
      vertex -2.153110355e-01 5.983046293e-01 2.963506281e-01
      vertex -1.131955162e-01 5.983046293e-01 3.483809829e-01
      vertex -1.034792066e-01 4.530519247e-01 3.184771538e-01
    endloop
  endfacet
  facet normal -6.914786696e-01 -2.090787441e-01 6.914790273e-01
    outer loop
      vertex -2.963503301e-01 5.983046293e-01 2.153113931e-01
      vertex -2.153110355e-01 5.983046293e-01 2.963506281e-01
      vertex -1.968294680e-01 4.530519247e-01 2.709129155e-01
    endloop
  endfacet
  facet normal -8.713139296e-01 -2.090789080e-01 4.439574182e-01
    outer loop
      vertex -3.483808339e-01 5.983046293e-01 1.131959707e-01
      vertex -2.963503301e-01 5.983046293e-01 2.153113931e-01
      vertex -2.709126472e-01 4.530519247e-01 1.968298107e-01
    endloop
  endfacet
  facet normal -9.658590555e-01 -2.090791911e-01 1.529774666e-01
    outer loop
      vertex -3.663093448e-01 5.983046293e-01 1.193587309e-07
      vertex -3.483808339e-01 5.983046293e-01 1.131959707e-01
      vertex -3.184770048e-01 4.530519247e-01 1.034796163e-01
    endloop
  endfacet
  facet normal -9.658594131e-01 -2.090783566e-01 -1.529770494e-01
    outer loop
      vertex -3.483808935e-01 5.983046293e-01 -1.131957397e-01
      vertex -3.663093448e-01 5.983046293e-01 1.193587309e-07
      vertex -3.348666131e-01 4.530519247e-01 1.091133868e-07
    endloop
  endfacet
  facet normal -8.713145256e-01 -2.090782672e-01 -4.439564049e-01
    outer loop
      vertex -2.963505089e-01 5.983046293e-01 -2.153111994e-01
      vertex -3.483808935e-01 5.983046293e-01 -1.131957397e-01
      vertex -3.184770942e-01 4.530519247e-01 -1.034794003e-01
    endloop
  endfacet
  facet normal -6.914786100e-01 -2.090788335e-01 -6.914791465e-01
    outer loop
      vertex -2.153111994e-01 5.983046293e-01 -2.963504791e-01
      vertex -2.963505089e-01 5.983046293e-01 -2.153111994e-01
      vertex -2.709127963e-01 4.530519247e-01 -1.968296319e-01
    endloop
  endfacet
  facet normal -4.439571798e-01 -2.090787292e-01 -8.713139892e-01
    outer loop
      vertex -1.131958291e-01 5.983046293e-01 -3.483808935e-01
      vertex -2.153111994e-01 5.983046293e-01 -2.963504791e-01
      vertex -1.968296319e-01 4.530519247e-01 -2.709127665e-01
    endloop
  endfacet
  facet normal -1.529771388e-01 -2.090791464e-01 -9.658591151e-01
    outer loop
      vertex -1.601189048e-08 5.983046293e-01 -3.663093448e-01
      vertex -1.131958291e-01 5.983046293e-01 -3.483808935e-01
      vertex -1.034794822e-01 4.530519247e-01 -3.184770346e-01
    endloop
  endfacet
  facet normal 1.529767066e-01 -2.090788484e-01 -9.658592939e-01
    outer loop
      vertex 1.131957993e-01 5.983046293e-01 -3.483808935e-01
      vertex -1.601189048e-08 5.983046293e-01 -3.663093448e-01
      vertex -1.463748500e-08 4.530519247e-01 -3.348666131e-01
    endloop
  endfacet
  facet normal 4.439571798e-01 -2.090788484e-01 -8.713140488e-01
    outer loop
      vertex 2.153112143e-01 5.983046293e-01 -2.963504791e-01
      vertex 1.131957993e-01 5.983046293e-01 -3.483808935e-01
      vertex 1.034794599e-01 4.530519247e-01 -3.184770644e-01
    endloop
  endfacet
  facet normal 6.914789081e-01 -2.090789229e-01 -6.914787889e-01
    outer loop
      vertex 2.963504791e-01 5.983046293e-01 -2.153112143e-01
      vertex 2.153112143e-01 5.983046293e-01 -2.963504791e-01
      vertex 1.968296468e-01 4.530519247e-01 -2.709127665e-01
    endloop
  endfacet
  facet normal 8.713141680e-01 -2.090788037e-01 -4.439568818e-01
    outer loop
      vertex 3.483808935e-01 5.983046293e-01 -1.131958142e-01
      vertex 2.963504791e-01 5.983046293e-01 -2.153112143e-01
      vertex 2.709127665e-01 4.530519247e-01 -1.968296468e-01
    endloop
  endfacet
  facet normal 9.658593535e-01 -2.090782225e-01 -1.529770941e-01
    outer loop
      vertex 3.663093448e-01 5.983046293e-01 0.000000000e+00
      vertex 3.483808935e-01 5.983046293e-01 -1.131958142e-01
      vertex 3.184770644e-01 4.530519247e-01 -1.034794673e-01
    endloop
  endfacet
  facet normal 9.787274599e-01 -1.343986243e-01 1.550146639e-01
    outer loop
      vertex 3.687819541e-01 7.545145750e-01 1.198239252e-01
      vertex 3.877601326e-01 7.545145750e-01 0.000000000e+00
      vertex 3.663093448e-01 5.983046293e-01 0.000000000e+00
    endloop
  endfacet
  facet normal 8.829234242e-01 -1.343986690e-01 4.498702288e-01
    outer loop
      vertex 3.137048185e-01 7.545145750e-01 2.279192656e-01
      vertex 3.687819541e-01 7.545145750e-01 1.198239252e-01
      vertex 3.483810425e-01 5.983046293e-01 1.131953001e-01
    endloop
  endfacet
  facet normal 7.006922364e-01 -1.343990266e-01 7.006905079e-01
    outer loop
      vertex 2.279200554e-01 7.545145750e-01 3.137042522e-01
      vertex 3.137048185e-01 7.545145750e-01 2.279192656e-01
      vertex 2.963507771e-01 5.983046293e-01 2.153108418e-01
    endloop
  endfacet
  facet normal 4.498725533e-01 -1.343989968e-01 8.829221129e-01
    outer loop
      vertex 1.198248789e-01 7.545145750e-01 3.687816560e-01
      vertex 2.279200554e-01 7.545145750e-01 3.137042522e-01
      vertex 2.153116018e-01 5.983046293e-01 2.963502109e-01
    endloop
  endfacet
  facet normal 1.550160795e-01 -1.343989223e-01 9.787272811e-01
    outer loop
      vertex 3.744208641e-07 7.545145750e-01 3.877601326e-01
      vertex 1.198248789e-01 7.545145750e-01 3.687816560e-01
      vertex 1.131961942e-01 5.983046293e-01 3.483807743e-01
    endloop
  endfacet
  facet normal -1.550144404e-01 -1.343989670e-01 9.787274599e-01
    outer loop
      vertex -1.198241636e-01 7.545145750e-01 3.687818944e-01
      vertex 3.744208641e-07 7.545145750e-01 3.877601326e-01
      vertex 3.537080033e-07 5.983046293e-01 3.663093448e-01
    endloop
  endfacet
  facet normal -4.498708248e-01 -1.343989968e-01 8.829230666e-01
    outer loop
      vertex -2.279194593e-01 7.545145750e-01 3.137046993e-01
      vertex -1.198241636e-01 7.545145750e-01 3.687818944e-01
      vertex -1.131955162e-01 5.983046293e-01 3.483809829e-01
    endloop
  endfacet
  facet normal -7.006912827e-01 -1.343990564e-01 7.006915808e-01
    outer loop
      vertex -3.137044013e-01 7.545145750e-01 2.279198617e-01
      vertex -2.279194593e-01 7.545145750e-01 3.137046993e-01
      vertex -2.153110355e-01 5.983046293e-01 2.963506281e-01
    endloop
  endfacet
  facet normal -8.829222322e-01 -1.343996972e-01 4.498721659e-01
    outer loop
      vertex -3.687817454e-01 7.545145750e-01 1.198246405e-01
      vertex -3.137044013e-01 7.545145750e-01 2.279198617e-01
      vertex -2.963503301e-01 5.983046293e-01 2.153113931e-01
    endloop
  endfacet
  facet normal -9.787272811e-01 -1.343988031e-01 1.550156474e-01
    outer loop
      vertex -3.877601326e-01 7.545145750e-01 1.263482972e-07
      vertex -3.687817454e-01 7.545145750e-01 1.198246405e-01
      vertex -3.483808339e-01 5.983046293e-01 1.131959707e-01
    endloop
  endfacet
  facet normal -9.787273407e-01 -1.343992352e-01 -1.550150514e-01
    outer loop
      vertex -3.687818050e-01 7.545145750e-01 -1.198243871e-01
      vertex -3.877601326e-01 7.545145750e-01 1.263482972e-07
      vertex -3.663093448e-01 5.983046293e-01 1.193587309e-07
    endloop
  endfacet
  facet normal -8.829227090e-01 -1.343990117e-01 -4.498715103e-01
    outer loop
      vertex -3.137045503e-01 7.545145750e-01 -2.279196531e-01
      vertex -3.687818050e-01 7.545145750e-01 -1.198243871e-01
      vertex -3.483808935e-01 5.983046293e-01 -1.131957397e-01
    endloop
  endfacet
  facet normal -7.006911635e-01 -1.343988180e-01 -7.006917596e-01
    outer loop
      vertex -2.279196531e-01 7.545145750e-01 -3.137045205e-01
      vertex -3.137045503e-01 7.545145750e-01 -2.279196531e-01
      vertex -2.963505089e-01 5.983046293e-01 -2.153111994e-01
    endloop
  endfacet
  facet normal -4.498719275e-01 -1.343988329e-01 -8.829224706e-01
    outer loop
      vertex -1.198244840e-01 7.545145750e-01 -3.687817752e-01
      vertex -2.279196531e-01 7.545145750e-01 -3.137045205e-01
      vertex -2.153111994e-01 5.983046293e-01 -2.963504791e-01
    endloop
  endfacet
  facet normal -1.550153643e-01 -1.343988478e-01 -9.787273407e-01
    outer loop
      vertex -1.694953333e-08 7.545145750e-01 -3.877601326e-01
      vertex -1.198244840e-01 7.545145750e-01 -3.687817752e-01
      vertex -1.131958291e-01 5.983046293e-01 -3.483808935e-01
    endloop
  endfacet
  facet normal 1.550153643e-01 -1.343990564e-01 -9.787273407e-01
    outer loop
      vertex 1.198244616e-01 7.545145750e-01 -3.687817752e-01
      vertex -1.694953333e-08 7.545145750e-01 -3.877601326e-01
      vertex -1.601189048e-08 5.983046293e-01 -3.663093448e-01
    endloop
  endfacet
  facet normal 4.498716891e-01 -1.343989372e-01 -8.829226494e-01
    outer loop
      vertex 2.279196829e-01 7.545145750e-01 -3.137045205e-01
      vertex 1.198244616e-01 7.545145750e-01 -3.687817752e-01
      vertex 1.131957993e-01 5.983046293e-01 -3.483808935e-01
    endloop
  endfacet
  facet normal 7.006908655e-01 -1.343990713e-01 -7.006919980e-01
    outer loop
      vertex 3.137045205e-01 7.545145750e-01 -2.279196829e-01
      vertex 2.279196829e-01 7.545145750e-01 -3.137045205e-01
      vertex 2.153112143e-01 5.983046293e-01 -2.963504791e-01
    endloop
  endfacet
  facet normal 8.829225302e-01 -1.343988627e-01 -4.498718381e-01
    outer loop
      vertex 3.687817752e-01 7.545145750e-01 -1.198244691e-01
      vertex 3.137045205e-01 7.545145750e-01 -2.279196829e-01
      vertex 2.963504791e-01 5.983046293e-01 -2.153112143e-01
    endloop
  endfacet
  facet normal 9.787272811e-01 -1.343990117e-01 -1.550153196e-01
    outer loop
      vertex 3.877601326e-01 7.545145750e-01 0.000000000e+00
      vertex 3.687817752e-01 7.545145750e-01 -1.198244691e-01
      vertex 3.483808935e-01 5.983046293e-01 -1.131958142e-01
    endloop
  endfacet
  facet normal 9.855490327e-01 -6.578323990e-02 1.560949981e-01
    outer loop
      vertex 3.791234493e-01 9.174207449e-01 1.231840625e-01
      vertex 3.986338079e-01 9.174207449e-01 0.000000000e+00
      vertex 3.877601326e-01 7.545145750e-01 0.000000000e+00
    endloop
  endfacet
  facet normal 8.890771866e-01 -6.578358263e-02 4.530058503e-01
    outer loop
      vertex 3.225018382e-01 9.174207449e-01 2.343106270e-01
      vertex 3.791234493e-01 9.174207449e-01 1.231840625e-01
      vertex 3.687819541e-01 7.545145750e-01 1.198239252e-01
    endloop
  endfacet
  facet normal 7.055760026e-01 -6.578335166e-02 7.055742741e-01
    outer loop
      vertex 2.343114614e-01 9.174207449e-01 3.225012422e-01
      vertex 3.225018382e-01 9.174207449e-01 2.343106270e-01
      vertex 3.137048185e-01 7.545145750e-01 2.279192656e-01
    endloop
  endfacet
  facet normal 4.530082345e-01 -6.578359008e-02 8.890759349e-01
    outer loop
      vertex 1.231850386e-01 9.174207449e-01 3.791231513e-01
      vertex 2.343114614e-01 9.174207449e-01 3.225012422e-01
      vertex 2.279200554e-01 7.545145750e-01 3.137042522e-01
    endloop
  endfacet
  facet normal 1.560970396e-01 -6.578357518e-02 9.855486155e-01
    outer loop
      vertex 3.849204404e-07 9.174207449e-01 3.986338079e-01
      vertex 1.231850386e-01 9.174207449e-01 3.791231513e-01
      vertex 1.198248789e-01 7.545145750e-01 3.687816560e-01
    endloop
  endfacet
  facet normal -1.560948640e-01 -6.578347087e-02 9.855490923e-01
    outer loop
      vertex -1.231843010e-01 9.174207449e-01 3.791233897e-01
      vertex 3.849204404e-07 9.174207449e-01 3.986338079e-01
      vertex 3.744208641e-07 7.545145750e-01 3.877601326e-01
    endloop
  endfacet
  facet normal -4.530063272e-01 -6.578359008e-02 8.890768886e-01
    outer loop
      vertex -2.343108505e-01 9.174207449e-01 3.225016892e-01
      vertex -1.231843010e-01 9.174207449e-01 3.791233897e-01
      vertex -1.198241636e-01 7.545145750e-01 3.687818944e-01
    endloop
  endfacet
  facet normal -7.055749893e-01 -6.578333676e-02 7.055752277e-01
    outer loop
      vertex -3.225013912e-01 9.174207449e-01 2.343112528e-01
      vertex -2.343108505e-01 9.174207449e-01 3.225016892e-01
      vertex -2.279194593e-01 7.545145750e-01 3.137046993e-01
    endloop
  endfacet
  facet normal -8.890763521e-01 -6.578382850e-02 4.530074894e-01
    outer loop
      vertex -3.791232109e-01 9.174207449e-01 1.231847927e-01
      vertex -3.225013912e-01 9.174207449e-01 2.343112528e-01
      vertex -3.137044013e-01 7.545145750e-01 2.279198617e-01
    endloop
  endfacet
  facet normal -9.855489135e-01 -6.578358263e-02 1.560960412e-01
    outer loop
      vertex -3.986338079e-01 9.174207449e-01 1.298913901e-07
      vertex -3.791232109e-01 9.174207449e-01 1.231847927e-01
      vertex -3.687817454e-01 7.545145750e-01 1.198246405e-01
    endloop
  endfacet
  facet normal -9.855489731e-01 -6.578314304e-02 -1.560954303e-01
    outer loop
      vertex -3.791233003e-01 9.174207449e-01 -1.231845394e-01
      vertex -3.986338079e-01 9.174207449e-01 1.298913901e-07
      vertex -3.877601326e-01 7.545145750e-01 1.263482972e-07
    endloop
  endfacet
  facet normal -8.890765905e-01 -6.578373164e-02 -4.530070126e-01
    outer loop
      vertex -3.225015402e-01 9.174207449e-01 -2.343110293e-01
      vertex -3.791233003e-01 9.174207449e-01 -1.231845394e-01
      vertex -3.687818050e-01 7.545145750e-01 -1.198243871e-01
    endloop
  endfacet
  facet normal -7.055748105e-01 -6.578342617e-02 -7.055755258e-01
    outer loop
      vertex -2.343110293e-01 9.174207449e-01 -3.225015104e-01
      vertex -3.225015402e-01 9.174207449e-01 -2.343110293e-01
      vertex -3.137045503e-01 7.545145750e-01 -2.279196531e-01
    endloop
  endfacet
  facet normal -4.530072808e-01 -6.578342617e-02 -8.890764713e-01
    outer loop
      vertex -1.231846362e-01 9.174207449e-01 -3.791232705e-01
      vertex -2.343110293e-01 9.174207449e-01 -3.225015104e-01
      vertex -2.279196531e-01 7.545145750e-01 -3.137045205e-01
    endloop
  endfacet
  facet normal -1.560961306e-01 -6.578360498e-02 -9.855488539e-01
    outer loop
      vertex -1.742483668e-08 9.174207449e-01 -3.986338079e-01
      vertex -1.231846362e-01 9.174207449e-01 -3.791232705e-01
      vertex -1.198244840e-01 7.545145750e-01 -3.687817752e-01
    endloop
  endfacet
  facet normal 1.560953259e-01 -6.578349322e-02 -9.855490327e-01
    outer loop
      vertex 1.231846139e-01 9.174207449e-01 -3.791233003e-01
      vertex -1.742483668e-08 9.174207449e-01 -3.986338079e-01
      vertex -1.694953333e-08 7.545145750e-01 -3.877601326e-01
    endloop
  endfacet
  facet normal 4.530076087e-01 -6.578376144e-02 -8.890763521e-01
    outer loop
      vertex 2.343110591e-01 9.174207449e-01 -3.225015104e-01
      vertex 1.231846139e-01 9.174207449e-01 -3.791233003e-01
      vertex 1.198244616e-01 7.545145750e-01 -3.687817752e-01
    endloop
  endfacet
  facet normal 7.055752277e-01 -6.578372419e-02 -7.055749893e-01
    outer loop
      vertex 3.225015104e-01 9.174207449e-01 -2.343110591e-01
      vertex 2.343110591e-01 9.174207449e-01 -3.225015104e-01
      vertex 2.279196829e-01 7.545145750e-01 -3.137045205e-01
    endloop
  endfacet
  facet normal 8.890764117e-01 -6.578351557e-02 -4.530073106e-01
    outer loop
      vertex 3.791233003e-01 9.174207449e-01 -1.231846213e-01
      vertex 3.225015104e-01 9.174207449e-01 -2.343110591e-01
      vertex 3.137045205e-01 7.545145750e-01 -2.279196829e-01
    endloop
  endfacet
  facet normal 9.855489135e-01 -6.578394771e-02 -1.560953707e-01
    outer loop
      vertex 3.986338079e-01 9.174207449e-01 0.000000000e+00
      vertex 3.791233003e-01 9.174207449e-01 -1.231846213e-01
      vertex 3.687817752e-01 7.545145750e-01 -1.198244691e-01
    endloop
  endfacet
  facet normal 9.876884818e-01 0.000000000e+00 1.564338952e-01
    outer loop
      vertex 3.791234493e-01 1.082579374e+00 1.231840625e-01
      vertex 3.986338079e-01 1.082579374e+00 0.000000000e+00
      vertex 3.986338079e-01 9.174207449e-01 0.000000000e+00
    endloop
  endfacet
  facet normal 8.910071254e-01 0.000000000e+00 4.539893866e-01
    outer loop
      vertex 3.225018382e-01 1.082579374e+00 2.343106270e-01
      vertex 3.791234493e-01 1.082579374e+00 1.231840625e-01
      vertex 3.791234493e-01 9.174207449e-01 1.231840625e-01
    endloop
  endfacet
  facet normal 7.071074843e-01 0.000000000e+00 7.071060538e-01
    outer loop
      vertex 2.343114614e-01 1.082579374e+00 3.225012422e-01
      vertex 3.225018382e-01 1.082579374e+00 2.343106270e-01
      vertex 3.225018382e-01 9.174207449e-01 2.343106270e-01
    endloop
  endfacet
  facet normal 4.539911449e-01 0.000000000e+00 8.910061121e-01
    outer loop
      vertex 1.231850386e-01 1.082579374e+00 3.791231513e-01
      vertex 2.343114614e-01 1.082579374e+00 3.225012422e-01
      vertex 2.343114614e-01 9.174207449e-01 3.225012422e-01
    endloop
  endfacet
  facet normal 1.564349234e-01 0.000000000e+00 9.876883030e-01
    outer loop
      vertex 3.849204404e-07 1.082579374e+00 3.986338079e-01
      vertex 1.231850386e-01 1.082579374e+00 3.791231513e-01
      vertex 1.231850386e-01 9.174207449e-01 3.791231513e-01
    endloop
  endfacet
  facet normal -1.564336121e-01 0.000000000e+00 9.876884222e-01
    outer loop
      vertex -1.231843010e-01 1.082579374e+00 3.791233897e-01
      vertex 3.849204404e-07 1.082579374e+00 3.986338079e-01
      vertex 3.849204404e-07 9.174207449e-01 3.986338079e-01
    endloop
  endfacet
  facet normal -4.539894760e-01 0.000000000e+00 8.910071254e-01
    outer loop
      vertex -2.343108505e-01 1.082579374e+00 3.225016892e-01
      vertex -1.231843010e-01 1.082579374e+00 3.791233897e-01
      vertex -1.231843010e-01 9.174207449e-01 3.791233897e-01
    endloop
  endfacet
  facet normal -7.071060538e-01 0.000000000e+00 7.071074843e-01
    outer loop
      vertex -3.225013912e-01 1.082579374e+00 2.343112528e-01
      vertex -2.343108505e-01 1.082579374e+00 3.225016892e-01
      vertex -2.343108505e-01 9.174207449e-01 3.225016892e-01
    endloop
  endfacet
  facet normal -8.910062313e-01 0.000000000e+00 4.539912045e-01
    outer loop
      vertex -3.791232109e-01 1.082579374e+00 1.231847927e-01
      vertex -3.225013912e-01 1.082579374e+00 2.343112528e-01
      vertex -3.225013912e-01 9.174207449e-01 2.343112528e-01
    endloop
  endfacet
  facet normal -9.876883030e-01 0.000000000e+00 1.564350873e-01
    outer loop
      vertex -3.986338079e-01 1.082579374e+00 1.298913901e-07
      vertex -3.791232109e-01 1.082579374e+00 1.231847927e-01
      vertex -3.791232109e-01 9.174207449e-01 1.231847927e-01
    endloop
  endfacet
  facet normal -9.876883626e-01 0.000000000e+00 -1.564343721e-01
    outer loop
      vertex -3.791233003e-01 1.082579374e+00 -1.231845394e-01
      vertex -3.986338079e-01 1.082579374e+00 1.298913901e-07
      vertex -3.986338079e-01 9.174207449e-01 1.298913901e-07
    endloop
  endfacet
  facet normal -8.910064697e-01 0.000000000e+00 -4.539907575e-01
    outer loop
      vertex -3.225015402e-01 1.082579374e+00 -2.343110293e-01
      vertex -3.791233003e-01 1.082579374e+00 -1.231845394e-01
      vertex -3.791233003e-01 9.174207449e-01 -1.231845394e-01
    endloop
  endfacet
  facet normal -7.071064711e-01 0.000000000e+00 -7.071071863e-01
    outer loop
      vertex -2.343110293e-01 1.082579374e+00 -3.225015104e-01
      vertex -3.225015402e-01 1.082579374e+00 -2.343110293e-01
      vertex -3.225015402e-01 9.174207449e-01 -2.343110293e-01
    endloop
  endfacet
  facet normal -4.539903402e-01 0.000000000e+00 -8.910066485e-01
    outer loop
      vertex -1.231846362e-01 1.082579374e+00 -3.791232705e-01
      vertex -2.343110293e-01 1.082579374e+00 -3.225015104e-01
      vertex -2.343110293e-01 9.174207449e-01 -3.225015104e-01
    endloop
  endfacet
  facet normal -1.564342231e-01 0.000000000e+00 -9.876883626e-01
    outer loop
      vertex -1.742483668e-08 1.082579374e+00 -3.986338079e-01
      vertex -1.231846362e-01 1.082579374e+00 -3.791232705e-01
      vertex -1.231846362e-01 9.174207449e-01 -3.791232705e-01
    endloop
  endfacet
  facet normal 1.564343274e-01 0.000000000e+00 -9.876883030e-01
    outer loop
      vertex 1.231846139e-01 1.082579374e+00 -3.791233003e-01
      vertex -1.742483668e-08 1.082579374e+00 -3.986338079e-01
      vertex -1.742483668e-08 9.174207449e-01 -3.986338079e-01
    endloop
  endfacet
  facet normal 4.539902806e-01 0.000000000e+00 -8.910065889e-01
    outer loop
      vertex 2.343110591e-01 1.082579374e+00 -3.225015104e-01
      vertex 1.231846139e-01 1.082579374e+00 -3.791233003e-01
      vertex 1.231846139e-01 9.174207449e-01 -3.791233003e-01
    endloop
  endfacet
  facet normal 7.071064115e-01 0.000000000e+00 -7.071071267e-01
    outer loop
      vertex 3.225015104e-01 1.082579374e+00 -2.343110591e-01
      vertex 2.343110591e-01 1.082579374e+00 -3.225015104e-01
      vertex 2.343110591e-01 9.174207449e-01 -3.225015104e-01
    endloop
  endfacet
  facet normal 8.910064101e-01 0.000000000e+00 -4.539908469e-01
    outer loop
      vertex 3.791233003e-01 1.082579374e+00 -1.231846213e-01
      vertex 3.225015104e-01 1.082579374e+00 -2.343110591e-01
      vertex 3.225015104e-01 9.174207449e-01 -2.343110591e-01
    endloop
  endfacet
  facet normal 9.876883626e-01 0.000000000e+00 -1.564344466e-01
    outer loop
      vertex 3.986338079e-01 1.082579374e+00 0.000000000e+00
      vertex 3.791233003e-01 1.082579374e+00 -1.231846213e-01
      vertex 3.791233003e-01 9.174207449e-01 -1.231846213e-01
    endloop
  endfacet
  facet normal 9.855490327e-01 6.578395516e-02 1.560951173e-01
    outer loop
      vertex 3.687819242e-01 1.245485544e+00 1.198239252e-01
      vertex 3.877601027e-01 1.245485544e+00 0.000000000e+00
      vertex 3.986338079e-01 1.082579374e+00 0.000000000e+00
    endloop
  endfacet
  facet normal 8.890773058e-01 6.578358263e-02 4.530057907e-01
    outer loop
      vertex 3.137048185e-01 1.245485544e+00 2.279192507e-01
      vertex 3.687819242e-01 1.245485544e+00 1.198239252e-01
      vertex 3.791234493e-01 1.082579374e+00 1.231840625e-01
    endloop
  endfacet
  facet normal 7.055763602e-01 6.578343362e-02 7.055739164e-01
    outer loop
      vertex 2.279200554e-01 1.245485544e+00 3.137042224e-01
      vertex 3.137048185e-01 1.245485544e+00 2.279192507e-01
      vertex 3.225018382e-01 1.082579374e+00 2.343106270e-01
    endloop
  endfacet
  facet normal 4.530086517e-01 6.578382850e-02 8.890758157e-01
    outer loop
      vertex 1.198248640e-01 1.245485544e+00 3.687816560e-01
      vertex 2.279200554e-01 1.245485544e+00 3.137042224e-01
      vertex 2.343114614e-01 1.082579374e+00 3.225012422e-01
    endloop
  endfacet
  facet normal 1.560970098e-01 6.578364223e-02 9.855487943e-01
    outer loop
      vertex 3.744208357e-07 1.245485544e+00 3.877601027e-01
      vertex 1.198248640e-01 1.245485544e+00 3.687816560e-01
      vertex 1.231850386e-01 1.082579374e+00 3.791231513e-01
    endloop
  endfacet
  facet normal -1.560945660e-01 6.578376889e-02 9.855490923e-01
    outer loop
      vertex -1.198241487e-01 1.245485544e+00 3.687818646e-01
      vertex 3.744208357e-07 1.245485544e+00 3.877601027e-01
      vertex 3.849204404e-07 1.082579374e+00 3.986338079e-01
    endloop
  endfacet
  facet normal -4.530068040e-01 6.578377634e-02 8.890767097e-01
    outer loop
      vertex -2.279194593e-01 1.245485544e+00 3.137046695e-01
      vertex -1.198241487e-01 1.245485544e+00 3.687818646e-01
      vertex -1.231843010e-01 1.082579374e+00 3.791233897e-01
    endloop
  endfacet
  facet normal -7.055749893e-01 6.578372419e-02 7.055751681e-01
    outer loop
      vertex -3.137043715e-01 1.245485544e+00 2.279198468e-01
      vertex -2.279194593e-01 1.245485544e+00 3.137046695e-01
      vertex -2.343108505e-01 1.082579374e+00 3.225016892e-01
    endloop
  endfacet
  facet normal -8.890760541e-01 6.578407437e-02 4.530079067e-01
    outer loop
      vertex -3.687817156e-01 1.245485544e+00 1.198246256e-01
      vertex -3.137043715e-01 1.245485544e+00 2.279198468e-01
      vertex -3.225013912e-01 1.082579374e+00 2.343112528e-01
    endloop
  endfacet
  facet normal -9.855489731e-01 6.578340381e-02 1.560959667e-01
    outer loop
      vertex -3.877601027e-01 1.245485544e+00 1.263482829e-07
      vertex -3.687817156e-01 1.245485544e+00 1.198246256e-01
      vertex -3.791232109e-01 1.082579374e+00 1.231847927e-01
    endloop
  endfacet
  facet normal -9.855489135e-01 6.578385830e-02 -1.560954601e-01
    outer loop
      vertex -3.687818050e-01 1.245485544e+00 -1.198243871e-01
      vertex -3.877601027e-01 1.245485544e+00 1.263482829e-07
      vertex -3.986338079e-01 1.082579374e+00 1.298913901e-07
    endloop
  endfacet
  facet normal -8.890763521e-01 6.578332931e-02 -4.530074596e-01
    outer loop
      vertex -3.137045503e-01 1.245485544e+00 -2.279196233e-01
      vertex -3.687818050e-01 1.245485544e+00 -1.198243871e-01
      vertex -3.791233003e-01 1.082579374e+00 -1.231845394e-01
    endloop
  endfacet
  facet normal -7.055750489e-01 6.578361988e-02 -7.055751681e-01
    outer loop
      vertex -2.279196233e-01 1.245485544e+00 -3.137045205e-01
      vertex -3.137045503e-01 1.245485544e+00 -2.279196233e-01
      vertex -3.225015402e-01 1.082579374e+00 -2.343110293e-01
    endloop
  endfacet
  facet normal -4.530074298e-01 6.578363478e-02 -8.890763521e-01
    outer loop
      vertex -1.198244691e-01 1.245485544e+00 -3.687817752e-01
      vertex -2.279196233e-01 1.245485544e+00 -3.137045205e-01
      vertex -2.343110293e-01 1.082579374e+00 -3.225015104e-01
    endloop
  endfacet
  facet normal -1.560957879e-01 6.578356773e-02 -9.855489135e-01
    outer loop
      vertex -1.694953333e-08 1.245485544e+00 -3.877601027e-01
      vertex -1.198244691e-01 1.245485544e+00 -3.687817752e-01
      vertex -1.231846362e-01 1.082579374e+00 -3.791232705e-01
    endloop
  endfacet
  facet normal 1.560952365e-01 6.578371674e-02 -9.855490327e-01
    outer loop
      vertex 1.198244467e-01 1.245485544e+00 -3.687817752e-01
      vertex -1.694953333e-08 1.245485544e+00 -3.877601027e-01
      vertex -1.742483668e-08 1.082579374e+00 -3.986338079e-01
    endloop
  endfacet
  facet normal 4.530068934e-01 6.578370184e-02 -8.890765905e-01
    outer loop
      vertex 2.279196531e-01 1.245485544e+00 -3.137045205e-01
      vertex 1.198244467e-01 1.245485544e+00 -3.687817752e-01
      vertex 1.231846139e-01 1.082579374e+00 -3.791233003e-01
    endloop
  endfacet
  facet normal 7.055751681e-01 6.578369439e-02 -7.055750489e-01
    outer loop
      vertex 3.137045205e-01 1.245485544e+00 -2.279196531e-01
      vertex 2.279196531e-01 1.245485544e+00 -3.137045205e-01
      vertex 2.343110591e-01 1.082579374e+00 -3.225015104e-01
    endloop
  endfacet
  facet normal 8.890765309e-01 6.578366458e-02 -4.530072808e-01
    outer loop
      vertex 3.687817752e-01 1.245485544e+00 -1.198244616e-01
      vertex 3.137045205e-01 1.245485544e+00 -2.279196531e-01
      vertex 3.225015104e-01 1.082579374e+00 -2.343110591e-01
    endloop
  endfacet
  facet normal 9.855489135e-01 6.578365713e-02 -1.560957134e-01
    outer loop
      vertex 3.877601027e-01 1.245485544e+00 0.000000000e+00
      vertex 3.687817752e-01 1.245485544e+00 -1.198244616e-01
      vertex 3.791233003e-01 1.082579374e+00 -1.231846213e-01
    endloop
  endfacet
  facet normal 9.787274599e-01 1.343987286e-01 1.550146192e-01
    outer loop
      vertex 3.483810425e-01 1.401695490e+00 1.131953001e-01
      vertex 3.663093448e-01 1.401695490e+00 0.000000000e+00
      vertex 3.877601027e-01 1.245485544e+00 0.000000000e+00
    endloop
  endfacet
  facet normal 8.829232454e-01 1.343987882e-01 4.498705566e-01
    outer loop
      vertex 2.963507771e-01 1.401695490e+00 2.153108418e-01
      vertex 3.483810425e-01 1.401695490e+00 1.131953001e-01
      vertex 3.687819242e-01 1.245485544e+00 1.198239252e-01
    endloop
  endfacet
  facet normal 7.006926537e-01 1.343989670e-01 7.006901503e-01
    outer loop
      vertex 2.153116018e-01 1.401695490e+00 2.963502109e-01
      vertex 2.963507771e-01 1.401695490e+00 2.153108418e-01
      vertex 3.137048185e-01 1.245485544e+00 2.279192507e-01
    endloop
  endfacet
  facet normal 4.498727024e-01 1.343989968e-01 8.829222322e-01
    outer loop
      vertex 1.131961942e-01 1.401695490e+00 3.483807743e-01
      vertex 2.153116018e-01 1.401695490e+00 2.963502109e-01
      vertex 2.279200554e-01 1.245485544e+00 3.137042224e-01
    endloop
  endfacet
  facet normal 1.550156623e-01 1.343988925e-01 9.787272811e-01
    outer loop
      vertex 3.537080033e-07 1.401695490e+00 3.663093448e-01
      vertex 1.131961942e-01 1.401695490e+00 3.483807743e-01
      vertex 1.198248640e-01 1.245485544e+00 3.687816560e-01
    endloop
  endfacet
  facet normal -1.550145894e-01 1.343989819e-01 9.787274599e-01
    outer loop
      vertex -1.131955162e-01 1.401695490e+00 3.483809829e-01
      vertex 3.537080033e-07 1.401695490e+00 3.663093448e-01
      vertex 3.744208357e-07 1.245485544e+00 3.877601027e-01
    endloop
  endfacet
  facet normal -4.498710632e-01 1.343988478e-01 8.829230070e-01
    outer loop
      vertex -2.153110355e-01 1.401695490e+00 2.963506281e-01
      vertex -1.131955162e-01 1.401695490e+00 3.483809829e-01
      vertex -1.198241487e-01 1.245485544e+00 3.687818646e-01
    endloop
  endfacet
  facet normal -7.006911039e-01 1.343988925e-01 7.006917000e-01
    outer loop
      vertex -2.963503301e-01 1.401695490e+00 2.153113931e-01
      vertex -2.153110355e-01 1.401695490e+00 2.963506281e-01
      vertex -2.279194593e-01 1.245485544e+00 3.137046695e-01
    endloop
  endfacet
  facet normal -8.829221129e-01 1.343987733e-01 4.498725533e-01
    outer loop
      vertex -3.483808339e-01 1.401695490e+00 1.131959707e-01
      vertex -2.963503301e-01 1.401695490e+00 2.153113931e-01
      vertex -3.137043715e-01 1.245485544e+00 2.279198468e-01
    endloop
  endfacet
  facet normal -9.787273407e-01 1.343987435e-01 1.550157070e-01
    outer loop
      vertex -3.663093448e-01 1.401695490e+00 1.193587309e-07
      vertex -3.483808339e-01 1.401695490e+00 1.131959707e-01
      vertex -3.687817156e-01 1.245485544e+00 1.198246256e-01
    endloop
  endfacet
  facet normal -9.787273407e-01 1.343989968e-01 -1.550150812e-01
    outer loop
      vertex -3.483808935e-01 1.401695490e+00 -1.131957397e-01
      vertex -3.663093448e-01 1.401695490e+00 1.193587309e-07
      vertex -3.877601027e-01 1.245485544e+00 1.263482829e-07
    endloop
  endfacet
  facet normal -8.829228878e-01 1.343992203e-01 -4.498710930e-01
    outer loop
      vertex -2.963505089e-01 1.401695490e+00 -2.153111994e-01
      vertex -3.483808935e-01 1.401695490e+00 -1.131957397e-01
      vertex -3.687818050e-01 1.245485544e+00 -1.198243871e-01
    endloop
  endfacet
  facet normal -7.006920576e-01 1.343991011e-01 -7.006908059e-01
    outer loop
      vertex -2.153111994e-01 1.401695490e+00 -2.963504791e-01
      vertex -2.963505089e-01 1.401695490e+00 -2.153111994e-01
      vertex -3.137045503e-01 1.245485544e+00 -2.279196233e-01
    endloop
  endfacet
  facet normal -4.498724341e-01 1.343989819e-01 -8.829222918e-01
    outer loop
      vertex -1.131958291e-01 1.401695490e+00 -3.483808935e-01
      vertex -2.153111994e-01 1.401695490e+00 -2.963504791e-01
      vertex -2.279196233e-01 1.245485544e+00 -3.137045205e-01
    endloop
  endfacet
  facet normal -1.550150067e-01 1.343989372e-01 -9.787273407e-01
    outer loop
      vertex -1.601189048e-08 1.401695490e+00 -3.663093448e-01
      vertex -1.131958291e-01 1.401695490e+00 -3.483808935e-01
      vertex -1.198244691e-01 1.245485544e+00 -3.687817752e-01
    endloop
  endfacet
  facet normal 1.550153196e-01 1.343988627e-01 -9.787273407e-01
    outer loop
      vertex 1.131957993e-01 1.401695490e+00 -3.483808935e-01
      vertex -1.601189048e-08 1.401695490e+00 -3.663093448e-01
      vertex -1.694953333e-08 1.245485544e+00 -3.877601027e-01
    endloop
  endfacet
  facet normal 4.498715699e-01 1.343988478e-01 -8.829227090e-01
    outer loop
      vertex 2.153112143e-01 1.401695490e+00 -2.963504791e-01
      vertex 1.131957993e-01 1.401695490e+00 -3.483808935e-01
      vertex 1.198244467e-01 1.245485544e+00 -3.687817752e-01
    endloop
  endfacet
  facet normal 7.006912231e-01 1.343986690e-01 -7.006916404e-01
    outer loop
      vertex 2.963504791e-01 1.401695490e+00 -2.153112143e-01
      vertex 2.153112143e-01 1.401695490e+00 -2.963504791e-01
      vertex 2.279196531e-01 1.245485544e+00 -3.137045205e-01
    endloop
  endfacet
  facet normal 8.829226494e-01 1.343988031e-01 -4.498716891e-01
    outer loop
      vertex 3.483808935e-01 1.401695490e+00 -1.131958142e-01
      vertex 2.963504791e-01 1.401695490e+00 -2.153112143e-01
      vertex 3.137045205e-01 1.245485544e+00 -2.279196531e-01
    endloop
  endfacet
  facet normal 9.787274003e-01 1.343990862e-01 -1.550151706e-01
    outer loop
      vertex 3.663093448e-01 1.401695490e+00 0.000000000e+00
      vertex 3.483808935e-01 1.401695490e+00 -1.131958142e-01
      vertex 3.687817752e-01 1.245485544e+00 -1.198244616e-01
    endloop
  endfacet
  facet normal 9.658593535e-01 2.090786994e-01 1.529763490e-01
    outer loop
      vertex 3.184771836e-01 1.546948195e+00 1.034789905e-01
      vertex 3.348665833e-01 1.546948195e+00 0.000000000e+00
      vertex 3.663093448e-01 1.401695490e+00 0.000000000e+00
    endloop
  endfacet
  facet normal 8.713147640e-01 2.090790421e-01 4.439556301e-01
    outer loop
      vertex 2.709130049e-01 1.546948195e+00 1.968292743e-01
      vertex 3.184771836e-01 1.546948195e+00 1.034789905e-01
      vertex 3.483810425e-01 1.401695490e+00 1.131953001e-01
    endloop
  endfacet
  facet normal 6.914800406e-01 2.090791762e-01 6.914776564e-01
    outer loop
      vertex 1.968299747e-01 1.546948195e+00 2.709124982e-01
      vertex 2.709130049e-01 1.546948195e+00 1.968292743e-01
      vertex 2.963507771e-01 1.401695490e+00 2.153108418e-01
    endloop
  endfacet
  facet normal 4.439582229e-01 2.090791166e-01 8.713134527e-01
    outer loop
      vertex 1.034798175e-01 1.546948195e+00 3.184769154e-01
      vertex 1.968299747e-01 1.546948195e+00 2.709124982e-01
      vertex 2.153116018e-01 1.401695490e+00 2.963502109e-01
    endloop
  endfacet
  facet normal 1.529774517e-01 2.090791166e-01 9.658591747e-01
    outer loop
      vertex 3.233468817e-07 1.546948195e+00 3.348665833e-01
      vertex 1.034798175e-01 1.546948195e+00 3.184769154e-01
      vertex 1.131961942e-01 1.401695490e+00 3.483807743e-01
    endloop
  endfacet
  facet normal -1.529764831e-01 2.090789080e-01 9.658592939e-01
    outer loop
      vertex -1.034791991e-01 1.546948195e+00 3.184771240e-01
      vertex 3.233468817e-07 1.546948195e+00 3.348665833e-01
      vertex 3.537080033e-07 1.401695490e+00 3.663093448e-01
    endloop
  endfacet
  facet normal -4.439562559e-01 2.090791166e-01 8.713144660e-01
    outer loop
      vertex -1.968294531e-01 1.546948195e+00 2.709128857e-01
      vertex -1.034791991e-01 1.546948195e+00 3.184771240e-01
      vertex -1.131955162e-01 1.401695490e+00 3.483809829e-01
    endloop
  endfacet
  facet normal -6.914783716e-01 2.090788931e-01 6.914793253e-01
    outer loop
      vertex -2.709126174e-01 1.546948195e+00 1.968297809e-01
      vertex -1.968294531e-01 1.546948195e+00 2.709128857e-01
      vertex -2.153110355e-01 1.401695490e+00 2.963506281e-01
    endloop
  endfacet
  facet normal -8.713136315e-01 2.090788484e-01 4.439578056e-01
    outer loop
      vertex -3.184770048e-01 1.546948195e+00 1.034796014e-01
      vertex -2.709126174e-01 1.546948195e+00 1.968297809e-01
      vertex -2.963503301e-01 1.401695490e+00 2.153113931e-01
    endloop
  endfacet
  facet normal -9.658590555e-01 2.090793848e-01 1.529774666e-01
    outer loop
      vertex -3.348665833e-01 1.546948195e+00 1.091133868e-07
      vertex -3.184770048e-01 1.546948195e+00 1.034796014e-01
      vertex -3.483808339e-01 1.401695490e+00 1.131959707e-01
    endloop
  endfacet
  facet normal -9.658593535e-01 2.090786099e-01 -1.529765278e-01
    outer loop
      vertex -3.184770644e-01 1.546948195e+00 -1.034794003e-01
      vertex -3.348665833e-01 1.546948195e+00 1.091133868e-07
      vertex -3.663093448e-01 1.401695490e+00 1.193587309e-07
    endloop
  endfacet
  facet normal -8.713142276e-01 2.090790272e-01 -4.439566731e-01
    outer loop
      vertex -2.709127665e-01 1.546948195e+00 -1.968296021e-01
      vertex -3.184770644e-01 1.546948195e+00 -1.034794003e-01
      vertex -3.483808935e-01 1.401695490e+00 -1.131957397e-01
    endloop
  endfacet
  facet normal -6.914789081e-01 2.090788037e-01 -6.914789081e-01
    outer loop
      vertex -1.968296021e-01 1.546948195e+00 -2.709127367e-01
      vertex -2.709127665e-01 1.546948195e+00 -1.968296021e-01
      vertex -2.963505089e-01 1.401695490e+00 -2.153111994e-01
    endloop
  endfacet
  facet normal -4.439566731e-01 2.090791613e-01 -8.713142276e-01
    outer loop
      vertex -1.034794673e-01 1.546948195e+00 -3.184770346e-01
      vertex -1.968296021e-01 1.546948195e+00 -2.709127367e-01
      vertex -2.153111994e-01 1.401695490e+00 -2.963504791e-01
    endloop
  endfacet
  facet normal -1.529766470e-01 2.090791613e-01 -9.658592343e-01
    outer loop
      vertex -1.463748323e-08 1.546948195e+00 -3.348665833e-01
      vertex -1.034794673e-01 1.546948195e+00 -3.184770346e-01
      vertex -1.131958291e-01 1.401695490e+00 -3.483808935e-01
    endloop
  endfacet
  facet normal 1.529769301e-01 2.090787888e-01 -9.658592939e-01
    outer loop
      vertex 1.034794599e-01 1.546948195e+00 -3.184770346e-01
      vertex -1.463748323e-08 1.546948195e+00 -3.348665833e-01
      vertex -1.601189048e-08 1.401695490e+00 -3.663093448e-01
    endloop
  endfacet
  facet normal 4.439567924e-01 2.090789378e-01 -8.713141680e-01
    outer loop
      vertex 1.968296319e-01 1.546948195e+00 -2.709127367e-01
      vertex 1.034794599e-01 1.546948195e+00 -3.184770346e-01
      vertex 1.131957993e-01 1.401695490e+00 -3.483808935e-01
    endloop
  endfacet
  facet normal 6.914791465e-01 2.090786397e-01 -6.914786696e-01
    outer loop
      vertex 2.709127367e-01 1.546948195e+00 -1.968296319e-01
      vertex 1.968296319e-01 1.546948195e+00 -2.709127367e-01
      vertex 2.153112143e-01 1.401695490e+00 -2.963504791e-01
    endloop
  endfacet
  facet normal 8.713139892e-01 2.090787590e-01 -4.439571500e-01
    outer loop
      vertex 3.184770346e-01 1.546948195e+00 -1.034794673e-01
      vertex 2.709127367e-01 1.546948195e+00 -1.968296319e-01
      vertex 2.963504791e-01 1.401695490e+00 -2.153112143e-01
    endloop
  endfacet
  facet normal 9.658591151e-01 2.090789080e-01 -1.529775262e-01
    outer loop
      vertex 3.348665833e-01 1.546948195e+00 0.000000000e+00
      vertex 3.184770346e-01 1.546948195e+00 -1.034794673e-01
      vertex 3.483808935e-01 1.401695490e+00 -1.131958142e-01
    endloop
  endfacet
  facet normal 9.440630674e-01 2.939173281e-01 1.495242715e-01
    outer loop
      vertex 2.798861265e-01 1.677281618e+00 9.094005823e-02
      vertex 2.942895591e-01 1.677281618e+00 0.000000000e+00
      vertex 3.348665833e-01 1.546948195e+00 0.000000000e+00
    endloop
  endfacet
  facet normal 8.516518474e-01 2.939173877e-01 4.339374006e-01
    outer loop
      vertex 2.380854636e-01 1.677281618e+00 1.729787439e-01
      vertex 2.798861265e-01 1.677281618e+00 9.094005823e-02
      vertex 3.184771836e-01 1.546948195e+00 1.034789905e-01
    endloop
  endfacet
  facet normal 6.758751273e-01 2.939175665e-01 6.758736968e-01
    outer loop
      vertex 1.729793400e-01 1.677281618e+00 2.380850315e-01
      vertex 2.380854636e-01 1.677281618e+00 1.729787439e-01
      vertex 2.709130049e-01 1.546948195e+00 1.968292743e-01
    endloop
  endfacet
  facet normal 4.339390397e-01 2.939172685e-01 8.516510129e-01
    outer loop
      vertex 9.094078094e-02 1.677281618e+00 2.798858881e-01
      vertex 1.729793400e-01 1.677281618e+00 2.380850315e-01
      vertex 1.968299747e-01 1.546948195e+00 2.709124982e-01
    endloop
  endfacet
  facet normal 1.495262980e-01 2.939171195e-01 9.440627694e-01
    outer loop
      vertex 2.841657363e-07 1.677281618e+00 2.942895591e-01
      vertex 9.094078094e-02 1.677281618e+00 2.798858881e-01
      vertex 1.034798175e-01 1.546948195e+00 3.184769154e-01
    endloop
  endfacet
  facet normal -1.495234221e-01 2.939172387e-01 9.440633059e-01
    outer loop
      vertex -9.094023705e-02 1.677281618e+00 2.798860669e-01
      vertex 2.841657363e-07 1.677281618e+00 2.942895591e-01
      vertex 3.233468817e-07 1.546948195e+00 3.348665833e-01
    endloop
  endfacet
  facet normal -4.339373410e-01 2.939177752e-01 8.516517282e-01
    outer loop
      vertex -1.729788929e-01 1.677281618e+00 2.380853742e-01
      vertex -9.094023705e-02 1.677281618e+00 2.798860669e-01
      vertex -1.034791991e-01 1.546948195e+00 3.184771240e-01
    endloop
  endfacet
  facet normal -6.758742332e-01 2.939174771e-01 6.758745313e-01
    outer loop
      vertex -2.380851358e-01 1.677281618e+00 1.729791909e-01
      vertex -1.729788929e-01 1.677281618e+00 2.380853742e-01
      vertex -1.968294531e-01 1.546948195e+00 2.709128857e-01
    endloop
  endfacet
  facet normal -8.516510725e-01 2.939168513e-01 4.339392185e-01
    outer loop
      vertex -2.798859477e-01 1.677281618e+00 9.094059467e-02
      vertex -2.380851358e-01 1.677281618e+00 1.729791909e-01
      vertex -2.709126174e-01 1.546948195e+00 1.968297809e-01
    endloop
  endfacet
  facet normal -9.440630078e-01 2.939176261e-01 1.495247334e-01
    outer loop
      vertex -2.942895591e-01 1.677281618e+00 9.589171412e-08
      vertex -2.798859477e-01 1.677281618e+00 9.094059467e-02
      vertex -3.184770048e-01 1.546948195e+00 1.034796014e-01
    endloop
  endfacet
  facet normal -9.440630674e-01 2.939172685e-01 -1.495247185e-01
    outer loop
      vertex -2.798860073e-01 1.677281618e+00 -9.094040841e-02
      vertex -2.942895591e-01 1.677281618e+00 9.589171412e-08
      vertex -3.348665833e-01 1.546948195e+00 1.091133868e-07
    endloop
  endfacet
  facet normal -8.516513109e-01 2.939172089e-01 -4.339384437e-01
    outer loop
      vertex -2.380852699e-01 1.677281618e+00 -1.729790419e-01
      vertex -2.798860073e-01 1.677281618e+00 -9.094040841e-02
      vertex -3.184770644e-01 1.546948195e+00 -1.034794003e-01
    endloop
  endfacet
  facet normal -6.758740544e-01 2.939171791e-01 -6.758749485e-01
    outer loop
      vertex -1.729790419e-01 1.677281618e+00 -2.380852550e-01
      vertex -2.380852699e-01 1.677281618e+00 -1.729790419e-01
      vertex -2.709127665e-01 1.546948195e+00 -1.968296021e-01
    endloop
  endfacet
  facet normal -4.339383543e-01 2.939172387e-01 -8.516514301e-01
    outer loop
      vertex -9.094048291e-02 1.677281618e+00 -2.798859775e-01
      vertex -1.729790419e-01 1.677281618e+00 -2.380852550e-01
      vertex -1.968296021e-01 1.546948195e+00 -2.709127367e-01
    endloop
  endfacet
  facet normal -1.495253742e-01 2.939175665e-01 -9.440628886e-01
    outer loop
      vertex -1.286380513e-08 1.677281618e+00 -2.942895591e-01
      vertex -9.094048291e-02 1.677281618e+00 -2.798859775e-01
      vertex -1.034794673e-01 1.546948195e+00 -3.184770346e-01
    endloop
  endfacet
  facet normal 1.495251656e-01 2.939171195e-01 -9.440629482e-01
    outer loop
      vertex 9.094046801e-02 1.677281618e+00 -2.798859775e-01
      vertex -1.286380513e-08 1.677281618e+00 -2.942895591e-01
      vertex -1.463748323e-08 1.546948195e+00 -3.348665833e-01
    endloop
  endfacet
  facet normal 4.339375198e-01 2.939173877e-01 -8.516517878e-01
    outer loop
      vertex 1.729790419e-01 1.677281618e+00 -2.380852550e-01
      vertex 9.094046801e-02 1.677281618e+00 -2.798859775e-01
      vertex 1.034794599e-01 1.546948195e+00 -3.184770346e-01
    endloop
  endfacet
  facet normal 6.758745313e-01 2.939176261e-01 -6.758742332e-01
    outer loop
      vertex 2.380852550e-01 1.677281618e+00 -1.729790419e-01
      vertex 1.729790419e-01 1.677281618e+00 -2.380852550e-01
      vertex 1.968296319e-01 1.546948195e+00 -2.709127367e-01
    endloop
  endfacet
  facet normal 8.516517282e-01 2.939174473e-01 -4.339377582e-01
    outer loop
      vertex 2.798859775e-01 1.677281618e+00 -9.094046801e-02
      vertex 2.380852550e-01 1.677281618e+00 -1.729790419e-01
      vertex 2.709127367e-01 1.546948195e+00 -1.968296319e-01
    endloop
  endfacet
  facet normal 9.440629482e-01 2.939176559e-01 -1.495247781e-01
    outer loop
      vertex 2.942895591e-01 1.677281618e+00 0.000000000e+00
      vertex 2.798859775e-01 1.677281618e+00 -9.094046801e-02
      vertex 3.184770346e-01 1.546948195e+00 -1.034794673e-01
    endloop
  endfacet
  facet normal 9.076333046e-01 3.943811059e-01 1.437541544e-01
    outer loop
      vertex 2.336605042e-01 1.789140463e+00 7.592052221e-02
      vertex 2.456850857e-01 1.789140463e+00 0.000000000e+00
      vertex 2.942895591e-01 1.677281618e+00 0.000000000e+00
    endloop
  endfacet
  facet normal 8.187878728e-01 3.943810761e-01 4.171928465e-01
    outer loop
      vertex 1.987635940e-01 1.789140463e+00 1.444098055e-01
      vertex 2.336605042e-01 1.789140463e+00 7.592052221e-02
      vertex 2.798861265e-01 1.677281618e+00 9.094005823e-02
    endloop
  endfacet
  facet normal 6.497946382e-01 3.943809569e-01 6.497926116e-01
    outer loop
      vertex 1.444103122e-01 1.789140463e+00 1.987632364e-01
      vertex 1.987635940e-01 1.789140463e+00 1.444098055e-01
      vertex 2.380854636e-01 1.677281618e+00 1.729787439e-01
    endloop
  endfacet
  facet normal 4.171940386e-01 3.943809867e-01 8.187872767e-01
    outer loop
      vertex 7.592112571e-02 1.789140463e+00 2.336603254e-01
      vertex 1.444103122e-01 1.789140463e+00 1.987632364e-01
      vertex 1.729793400e-01 1.677281618e+00 2.380850315e-01
    endloop
  endfacet
  facet normal 1.437557787e-01 3.943810165e-01 9.076331258e-01
    outer loop
      vertex 2.372333086e-07 1.789140463e+00 2.456850857e-01
      vertex 7.592112571e-02 1.789140463e+00 2.336603254e-01
      vertex 9.094078094e-02 1.677281618e+00 2.798858881e-01
    endloop
  endfacet
  facet normal -1.437534392e-01 3.943813741e-01 9.076333642e-01
    outer loop
      vertex -7.592067122e-02 1.789140463e+00 2.336604595e-01
      vertex 2.372333086e-07 1.789140463e+00 2.456850857e-01
      vertex 2.841657363e-07 1.677281618e+00 2.942895591e-01
    endloop
  endfacet
  facet normal -4.171926081e-01 3.943812847e-01 8.187879920e-01
    outer loop
      vertex -1.444099396e-01 1.789140463e+00 1.987635046e-01
      vertex -7.592067122e-02 1.789140463e+00 2.336604595e-01
      vertex -9.094023705e-02 1.677281618e+00 2.798860669e-01
    endloop
  endfacet
  facet normal -6.497938037e-01 3.943812251e-01 6.497933865e-01
    outer loop
      vertex -1.987633109e-01 1.789140463e+00 1.444101781e-01
      vertex -1.444099396e-01 1.789140463e+00 1.987635046e-01
      vertex -1.729788929e-01 1.677281618e+00 2.380853742e-01
    endloop
  endfacet
  facet normal -8.187876344e-01 3.943812549e-01 4.171932340e-01
    outer loop
      vertex -2.336603701e-01 1.789140463e+00 7.592096925e-02
      vertex -1.987633109e-01 1.789140463e+00 1.444101781e-01
      vertex -2.380851358e-01 1.677281618e+00 1.729791909e-01
    endloop
  endfacet
  facet normal -9.076328874e-01 3.943814039e-01 1.437565833e-01
    outer loop
      vertex -2.456850857e-01 1.789140463e+00 8.005436314e-08
      vertex -2.336603701e-01 1.789140463e+00 7.592096925e-02
      vertex -2.798859477e-01 1.677281618e+00 9.094059467e-02
    endloop
  endfacet
  facet normal -9.076330662e-01 3.943813443e-01 -1.437550038e-01
    outer loop
      vertex -2.336604148e-01 1.789140463e+00 -7.592081279e-02
      vertex -2.456850857e-01 1.789140463e+00 8.005436314e-08
      vertex -2.942895591e-01 1.677281618e+00 9.589171412e-08
    endloop
  endfacet
  facet normal -8.187876940e-01 3.943811655e-01 -4.171930552e-01
    outer loop
      vertex -1.987634152e-01 1.789140463e+00 -1.444100589e-01
      vertex -2.336604148e-01 1.789140463e+00 -7.592081279e-02
      vertex -2.798860073e-01 1.677281618e+00 -9.094040841e-02
    endloop
  endfacet
  facet normal -6.497933269e-01 3.943809867e-01 -6.497941017e-01
    outer loop
      vertex -1.444100589e-01 1.789140463e+00 -1.987634152e-01
      vertex -1.987634152e-01 1.789140463e+00 -1.444100589e-01
      vertex -2.380852699e-01 1.677281618e+00 -1.729790419e-01
    endloop
  endfacet
  facet normal -4.171928167e-01 3.943810165e-01 -8.187879920e-01
    outer loop
      vertex -7.592087239e-02 1.789140463e+00 -2.336603850e-01
      vertex -1.444100589e-01 1.789140463e+00 -1.987634152e-01
      vertex -1.729790419e-01 1.677281618e+00 -2.380852550e-01
    endloop
  endfacet
  facet normal -1.437550634e-01 3.943811655e-01 -9.076331854e-01
    outer loop
      vertex -1.073923617e-08 1.789140463e+00 -2.456850857e-01
      vertex -7.592087239e-02 1.789140463e+00 -2.336603850e-01
      vertex -9.094048291e-02 1.677281618e+00 -2.798859775e-01
    endloop
  endfacet
  facet normal 1.437555254e-01 3.943825066e-01 -9.076325893e-01
    outer loop
      vertex 7.592085749e-02 1.789140463e+00 -2.336603850e-01
      vertex -1.073923617e-08 1.789140463e+00 -2.456850857e-01
      vertex -1.286380513e-08 1.677281618e+00 -2.942895591e-01
    endloop
  endfacet
  facet normal 4.171932638e-01 3.943810761e-01 -8.187876940e-01
    outer loop
      vertex 1.444100589e-01 1.789140463e+00 -1.987634152e-01
      vertex 7.592085749e-02 1.789140463e+00 -2.336603850e-01
      vertex 9.094046801e-02 1.677281618e+00 -2.798859775e-01
    endloop
  endfacet
  facet normal 6.497936249e-01 3.943811655e-01 -6.497936249e-01
    outer loop
      vertex 1.987634152e-01 1.789140463e+00 -1.444100589e-01
      vertex 1.444100589e-01 1.789140463e+00 -1.987634152e-01
      vertex 1.729790419e-01 1.677281618e+00 -2.380852550e-01
    endloop
  endfacet
  facet normal 8.187876940e-01 3.943811655e-01 -4.171933532e-01
    outer loop
      vertex 2.336603850e-01 1.789140463e+00 -7.592087239e-02
      vertex 1.987634152e-01 1.789140463e+00 -1.444100589e-01
      vertex 2.380852550e-01 1.677281618e+00 -1.729790419e-01
    endloop
  endfacet
  facet normal 9.076333046e-01 3.943808675e-01 -1.437550783e-01
    outer loop
      vertex 2.456850857e-01 1.789140463e+00 0.000000000e+00
      vertex 2.336603850e-01 1.789140463e+00 -7.592087239e-02
      vertex 2.798859775e-01 1.677281618e+00 -9.094046801e-02
    endloop
  endfacet
  facet normal 8.451754451e-01 5.174550414e-01 1.338607669e-01
    outer loop
      vertex 1.810612231e-01 1.879473686e+00 5.883006379e-02
      vertex 1.903789490e-01 1.879473686e+00 0.000000000e+00
      vertex 2.456850857e-01 1.789140463e+00 0.000000000e+00
    endloop
  endfacet
  facet normal 7.624444366e-01 5.174552202e-01 3.884823620e-01
    outer loop
      vertex 1.540199518e-01 1.879473686e+00 1.119017228e-01
      vertex 1.810612231e-01 1.879473686e+00 5.883006379e-02
      vertex 2.336605042e-01 1.789140463e+00 7.592052221e-02
    endloop
  endfacet
  facet normal 6.050794721e-01 5.174551606e-01 6.050776839e-01
    outer loop
      vertex 1.119021326e-01 1.879473686e+00 1.540196687e-01
      vertex 1.540199518e-01 1.879473686e+00 1.119017228e-01
      vertex 1.987635940e-01 1.789140463e+00 1.444098055e-01
    endloop
  endfacet
  facet normal 3.884855211e-01 5.174553990e-01 7.624427676e-01
    outer loop
      vertex 5.883052945e-02 1.879473686e+00 1.810610741e-01
      vertex 1.119021326e-01 1.879473686e+00 1.540196687e-01
      vertex 1.444103122e-01 1.789140463e+00 1.987632364e-01
    endloop
  endfacet
  facet normal 1.338634789e-01 5.174543858e-01 8.451754451e-01
    outer loop
      vertex 1.838297408e-07 1.879473686e+00 1.903789490e-01
      vertex 5.883052945e-02 1.879473686e+00 1.810610741e-01
      vertex 7.592112571e-02 1.789140463e+00 2.336603254e-01
    endloop
  endfacet
  facet normal -1.338620782e-01 5.174559355e-01 8.451746702e-01
    outer loop
      vertex -5.883017927e-02 1.879473686e+00 1.810611933e-01
      vertex 1.838297408e-07 1.879473686e+00 1.903789490e-01
      vertex 2.372333086e-07 1.789140463e+00 2.456850857e-01
    endloop
  endfacet
  facet normal -3.884837627e-01 5.174549222e-01 7.624440193e-01
    outer loop
      vertex -1.119018346e-01 1.879473686e+00 1.540198773e-01
      vertex -5.883017927e-02 1.879473686e+00 1.810611933e-01
      vertex -7.592067122e-02 1.789140463e+00 2.336604595e-01
    endloop
  endfacet
  facet normal -6.050782800e-01 5.174548030e-01 6.050791740e-01
    outer loop
      vertex -1.540197432e-01 1.879473686e+00 1.119020209e-01
      vertex -1.119018346e-01 1.879473686e+00 1.540198773e-01
      vertex -1.444099396e-01 1.789140463e+00 1.987635046e-01
    endloop
  endfacet
  facet normal -7.624434233e-01 5.174549222e-01 3.884846568e-01
    outer loop
      vertex -1.810611039e-01 1.879473686e+00 5.883041024e-02
      vertex -1.540197432e-01 1.879473686e+00 1.119020209e-01
      vertex -1.987633109e-01 1.789140463e+00 1.444101781e-01
    endloop
  endfacet
  facet normal -8.451749682e-01 5.174547434e-01 1.338647753e-01
    outer loop
      vertex -1.903789490e-01 1.879473686e+00 6.203333669e-08
      vertex -1.810611039e-01 1.879473686e+00 5.883041024e-02
      vertex -2.336603701e-01 1.789140463e+00 7.592096925e-02
    endloop
  endfacet
  facet normal -8.451752663e-01 5.174549222e-01 -1.338624358e-01
    outer loop
      vertex -1.810611486e-01 1.879473686e+00 -5.883029103e-02
      vertex -1.903789490e-01 1.879473686e+00 6.203333669e-08
      vertex -2.456850857e-01 1.789140463e+00 8.005436314e-08
    endloop
  endfacet
  facet normal -7.624434829e-01 5.174549222e-01 -3.884846270e-01
    outer loop
      vertex -1.540198177e-01 1.879473686e+00 -1.119019166e-01
      vertex -1.810611486e-01 1.879473686e+00 -5.883029103e-02
      vertex -2.336604148e-01 1.789140463e+00 -7.592081279e-02
    endloop
  endfacet
  facet normal -6.050796509e-01 5.174560547e-01 -6.050767303e-01
    outer loop
      vertex -1.119019166e-01 1.879473686e+00 -1.540198028e-01
      vertex -1.540198177e-01 1.879473686e+00 -1.119019166e-01
      vertex -1.987634152e-01 1.789140463e+00 -1.444100589e-01
    endloop
  endfacet
  facet normal -3.884836435e-01 5.174536109e-01 -7.624449730e-01
    outer loop
      vertex -5.883033201e-02 1.879473686e+00 -1.810611337e-01
      vertex -1.119019166e-01 1.879473686e+00 -1.540198028e-01
      vertex -1.444100589e-01 1.789140463e+00 -1.987634152e-01
    endloop
  endfacet
  facet normal -1.338628829e-01 5.174563527e-01 -8.451744318e-01
    outer loop
      vertex -8.321728195e-09 1.879473686e+00 -1.903789490e-01
      vertex -5.883033201e-02 1.879473686e+00 -1.810611337e-01
      vertex -7.592087239e-02 1.789140463e+00 -2.336603850e-01
    endloop
  endfacet
  facet normal 1.338631511e-01 5.174552202e-01 -8.451749682e-01
    outer loop
      vertex 5.883032084e-02 1.879473686e+00 -1.810611337e-01
      vertex -8.321728195e-09 1.879473686e+00 -1.903789490e-01
      vertex -1.073923617e-08 1.789140463e+00 -2.456850857e-01
    endloop
  endfacet
  facet normal 3.884843588e-01 5.174545050e-01 -7.624440193e-01
    outer loop
      vertex 1.119019315e-01 1.879473686e+00 -1.540198028e-01
      vertex 5.883032084e-02 1.879473686e+00 -1.810611337e-01
      vertex 7.592085749e-02 1.789140463e+00 -2.336603850e-01
    endloop
  endfacet
  facet normal 6.050783992e-01 5.174548030e-01 -6.050789952e-01
    outer loop
      vertex 1.540198028e-01 1.879473686e+00 -1.119019315e-01
      vertex 1.119019315e-01 1.879473686e+00 -1.540198028e-01
      vertex 1.444100589e-01 1.789140463e+00 -1.987634152e-01
    endloop
  endfacet
  facet normal 7.624441385e-01 5.174553990e-01 -3.884826601e-01
    outer loop
      vertex 1.810611337e-01 1.879473686e+00 -5.883032829e-02
      vertex 1.540198028e-01 1.879473686e+00 -1.119019315e-01
      vertex 1.987634152e-01 1.789140463e+00 -1.444100589e-01
    endloop
  endfacet
  facet normal 8.451751471e-01 5.174551010e-01 -1.338624954e-01
    outer loop
      vertex 1.903789490e-01 1.879473686e+00 0.000000000e+00
      vertex 1.810611337e-01 1.879473686e+00 -5.883032829e-02
      vertex 2.336603850e-01 1.789140463e+00 -7.592087239e-02
    endloop
  endfacet
  facet normal 7.338944674e-01 6.692439318e-01 1.162385568e-01
    outer loop
      vertex 1.235230565e-01 1.945817232e+00 4.013487697e-02
      vertex 1.298797727e-01 1.945817232e+00 0.000000000e+00
      vertex 1.903789490e-01 1.879473686e+00 0.000000000e+00
    endloop
  endfacet
  facet normal 6.620563865e-01 6.692439914e-01 3.373334408e-01
    outer loop
      vertex 1.050750539e-01 1.945817232e+00 7.634127885e-02
      vertex 1.235230565e-01 1.945817232e+00 4.013487697e-02
      vertex 1.810612231e-01 1.879473686e+00 5.883006379e-02
    endloop
  endfacet
  facet normal 5.254117846e-01 6.692445874e-01 5.254086852e-01
    outer loop
      vertex 7.634154707e-02 1.945817232e+00 1.050748453e-01
      vertex 1.050750539e-01 1.945817232e+00 7.634127885e-02
      vertex 1.540199518e-01 1.879473686e+00 1.119017228e-01
    endloop
  endfacet
  facet normal 3.373357058e-01 6.692447066e-01 6.620545387e-01
    outer loop
      vertex 4.013519362e-02 1.945817232e+00 1.235229596e-01
      vertex 7.634154707e-02 1.945817232e+00 1.050748453e-01
      vertex 1.119021326e-01 1.879473686e+00 1.540196687e-01
    endloop
  endfacet
  facet normal 1.162390187e-01 6.692437530e-01 7.338945270e-01
    outer loop
      vertex 1.254118018e-07 1.945817232e+00 1.298797727e-01
      vertex 4.013519362e-02 1.945817232e+00 1.235229596e-01
      vertex 5.883052945e-02 1.879473686e+00 1.810610741e-01
    endloop
  endfacet
  facet normal -1.162366346e-01 6.692419648e-01 7.338965535e-01
    outer loop
      vertex -4.013495520e-02 1.945817232e+00 1.235230342e-01
      vertex 1.254118018e-07 1.945817232e+00 1.298797727e-01
      vertex 1.838297408e-07 1.879473686e+00 1.903789490e-01
    endloop
  endfacet
  facet normal -3.373334408e-01 6.692442298e-01 6.620561481e-01
    outer loop
      vertex -7.634134591e-02 1.945817232e+00 1.050750017e-01
      vertex -4.013495520e-02 1.945817232e+00 1.235230342e-01
      vertex -5.883017927e-02 1.879473686e+00 1.810611933e-01
    endloop
  endfacet
  facet normal -5.254100561e-01 6.692435145e-01 5.254116058e-01
    outer loop
      vertex -1.050748974e-01 1.945817232e+00 7.634147257e-02
      vertex -7.634134591e-02 1.945817232e+00 1.050750017e-01
      vertex -1.119018346e-01 1.879473686e+00 1.540198773e-01
    endloop
  endfacet
  facet normal -6.620556712e-01 6.692445874e-01 3.373334706e-01
    outer loop
      vertex -1.235229895e-01 1.945817232e+00 4.013511166e-02
      vertex -1.050748974e-01 1.945817232e+00 7.634147257e-02
      vertex -1.540197432e-01 1.879473686e+00 1.119020209e-01
    endloop
  endfacet
  facet normal -7.338947654e-01 6.692437530e-01 1.162380353e-01
    outer loop
      vertex -1.298797727e-01 1.945817232e+00 4.232020601e-08
      vertex -1.235229895e-01 1.945817232e+00 4.013511166e-02
      vertex -1.810611039e-01 1.879473686e+00 5.883041024e-02
    endloop
  endfacet
  facet normal -7.338945866e-01 6.692439318e-01 -1.162380055e-01
    outer loop
      vertex -1.235230193e-01 1.945817232e+00 -4.013503343e-02
      vertex -1.298797727e-01 1.945817232e+00 4.232020601e-08
      vertex -1.903789490e-01 1.879473686e+00 6.203333669e-08
    endloop
  endfacet
  facet normal -6.620562077e-01 6.692440510e-01 -3.373334706e-01
    outer loop
      vertex -1.050749570e-01 1.945817232e+00 -7.634141296e-02
      vertex -1.235230193e-01 1.945817232e+00 -4.013503343e-02
      vertex -1.810611486e-01 1.879473686e+00 -5.883029103e-02
    endloop
  endfacet
  facet normal -5.254097581e-01 6.692435741e-01 -5.254118443e-01
    outer loop
      vertex -7.634141296e-02 1.945817232e+00 -1.050749421e-01
      vertex -1.050749570e-01 1.945817232e+00 -7.634141296e-02
      vertex -1.540198177e-01 1.879473686e+00 -1.119019166e-01
    endloop
  endfacet
  facet normal -3.373345137e-01 6.692445874e-01 -6.620551944e-01
    outer loop
      vertex -4.013506323e-02 1.945817232e+00 -1.235229969e-01
      vertex -7.634141296e-02 1.945817232e+00 -1.050749421e-01
      vertex -1.119019166e-01 1.879473686e+00 -1.540198028e-01
    endloop
  endfacet
  facet normal -1.162375212e-01 6.692437530e-01 -7.338947654e-01
    outer loop
      vertex -5.677225356e-09 1.945817232e+00 -1.298797727e-01
      vertex -4.013506323e-02 1.945817232e+00 -1.235229969e-01
      vertex -5.883033201e-02 1.879473686e+00 -1.810611337e-01
    endloop
  endfacet
  facet normal 1.162372902e-01 6.692425609e-01 -7.338960767e-01
    outer loop
      vertex 4.013505206e-02 1.945817232e+00 -1.235230118e-01
      vertex -5.677225356e-09 1.945817232e+00 -1.298797727e-01
      vertex -8.321728195e-09 1.879473686e+00 -1.903789490e-01
    endloop
  endfacet
  facet normal 3.373344243e-01 6.692438126e-01 -6.620560288e-01
    outer loop
      vertex 7.634141296e-02 1.945817232e+00 -1.050749421e-01
      vertex 4.013505206e-02 1.945817232e+00 -1.235230118e-01
      vertex 5.883032084e-02 1.879473686e+00 -1.810611337e-01
    endloop
  endfacet
  facet normal 5.254110694e-01 6.692448854e-01 -5.254087448e-01
    outer loop
      vertex 1.050749421e-01 1.945817232e+00 -7.634141296e-02
      vertex 7.634141296e-02 1.945817232e+00 -1.050749421e-01
      vertex 1.119019315e-01 1.879473686e+00 -1.540198028e-01
    endloop
  endfacet
  facet normal 6.620559096e-01 6.692442894e-01 -3.373335898e-01
    outer loop
      vertex 1.235230118e-01 1.945817232e+00 -4.013505951e-02
      vertex 1.050749421e-01 1.945817232e+00 -7.634141296e-02
      vertex 1.540198028e-01 1.879473686e+00 -1.119019315e-01
    endloop
  endfacet
  facet normal 7.338944077e-01 6.692441106e-01 -1.162380055e-01
    outer loop
      vertex 1.298797727e-01 1.945817232e+00 0.000000000e+00
      vertex 1.235230118e-01 1.945817232e+00 -4.013505951e-02
      vertex 1.810611337e-01 1.879473686e+00 -5.883032829e-02
    endloop
  endfacet
  facet normal 5.329931378e-01 8.418973684e-01 8.442274481e-02
    outer loop
      vertex 6.261551380e-02 1.986361265e+00 2.034491301e-02
      vertex 6.583782285e-02 1.986361265e+00 0.000000000e+00
      vertex 1.298797727e-01 1.945817232e+00 0.000000000e+00
    endloop
  endfacet
  facet normal 4.808209836e-01 8.418983221e-01 2.449867278e-01
    outer loop
      vertex 5.326396972e-02 1.986361265e+00 3.869843110e-02
      vertex 6.261551380e-02 1.986361265e+00 2.034491301e-02
      vertex 1.235230565e-01 1.945817232e+00 4.013487697e-02
    endloop
  endfacet
  facet normal 3.815819919e-01 8.418993354e-01 3.815765679e-01
    outer loop
      vertex 3.869856521e-02 1.986361265e+00 5.326386914e-02
      vertex 5.326396972e-02 1.986361265e+00 3.869843110e-02
      vertex 1.050750539e-01 1.945817232e+00 7.634127885e-02
    endloop
  endfacet
  facet normal 2.449900806e-01 8.418952227e-01 4.808247387e-01
    outer loop
      vertex 2.034507506e-02 1.986361265e+00 6.261546910e-02
      vertex 3.869856521e-02 1.986361265e+00 5.326386914e-02
      vertex 7.634154707e-02 1.945817232e+00 1.050748453e-01
    endloop
  endfacet
  facet normal 8.441844583e-02 8.418976665e-01 5.329931378e-01
    outer loop
      vertex 6.357294069e-08 1.986361265e+00 6.583782285e-02
      vertex 2.034507506e-02 1.986361265e+00 6.261546910e-02
      vertex 4.013519362e-02 1.945817232e+00 1.235229596e-01
    endloop
  endfacet
  facet normal -8.441762626e-02 8.418986201e-01 5.329919457e-01
    outer loop
      vertex -2.034495212e-02 1.986361265e+00 6.261550635e-02
      vertex 6.357294069e-08 1.986361265e+00 6.583782285e-02
      vertex 1.254118018e-07 1.945817232e+00 1.298797727e-01
    endloop
  endfacet
  facet normal -2.449897379e-01 8.418972492e-01 4.808210135e-01
    outer loop
      vertex -3.869846091e-02 1.986361265e+00 5.326394364e-02
      vertex -2.034495212e-02 1.986361265e+00 6.261550635e-02
      vertex -4.013495520e-02 1.945817232e+00 1.235230342e-01
    endloop
  endfacet
  facet normal -3.815819323e-01 8.418992758e-01 3.815768063e-01
    outer loop
      vertex -5.326389149e-02 1.986361265e+00 3.869853169e-02
      vertex -3.869846091e-02 1.986361265e+00 5.326394364e-02
      vertex -7.634134591e-02 1.945817232e+00 1.050750017e-01
    endloop
  endfacet
  facet normal -4.808205664e-01 8.418985009e-01 2.449868172e-01
    outer loop
      vertex -6.261547655e-02 1.986361265e+00 2.034503222e-02
      vertex -5.326389149e-02 1.986361265e+00 3.869853169e-02
      vertex -1.050748974e-01 1.945817232e+00 7.634147257e-02
    endloop
  endfacet
  facet normal -5.329933763e-01 8.418982029e-01 8.441275358e-02
    outer loop
      vertex -6.583782285e-02 1.986361265e+00 2.145268496e-08
      vertex -6.261547655e-02 1.986361265e+00 2.034503222e-02
      vertex -1.235229895e-01 1.945817232e+00 4.013511166e-02
    endloop
  endfacet
  facet normal -5.329931974e-01 8.418973088e-01 -8.442234248e-02
    outer loop
      vertex -6.261549145e-02 1.986361265e+00 -2.034499310e-02
      vertex -6.583782285e-02 1.986361265e+00 2.145268496e-08
      vertex -1.298797727e-01 1.945817232e+00 4.232020601e-08
    endloop
  endfacet
  facet normal -4.808205664e-01 8.418985009e-01 -2.449868172e-01
    outer loop
      vertex -5.326392129e-02 1.986361265e+00 -3.869849443e-02
      vertex -6.261549145e-02 1.986361265e+00 -2.034499310e-02
      vertex -1.235230193e-01 1.945817232e+00 -4.013503343e-02
    endloop
  endfacet
  facet normal -3.815803528e-01 8.418964148e-01 -3.815848529e-01
    outer loop
      vertex -3.869849443e-02 1.986361265e+00 -5.326391384e-02
      vertex -5.326392129e-02 1.986361265e+00 -3.869849443e-02
      vertex -1.050749570e-01 1.945817232e+00 -7.634141296e-02
    endloop
  endfacet
  facet normal -2.449904829e-01 8.418990374e-01 -4.808176458e-01
    outer loop
      vertex -2.034500800e-02 1.986361265e+00 -6.261548400e-02
      vertex -3.869849443e-02 1.986361265e+00 -5.326391384e-02
      vertex -7.634141296e-02 1.945817232e+00 -1.050749421e-01
    endloop
  endfacet
  facet normal -8.441817015e-02 8.418977857e-01 -5.329933167e-01
    outer loop
      vertex -2.877862393e-09 1.986361265e+00 -6.583782285e-02
      vertex -2.034500800e-02 1.986361265e+00 -6.261548400e-02
      vertex -4.013506323e-02 1.945817232e+00 -1.235229969e-01
    endloop
  endfacet
  facet normal 8.441835642e-02 8.418965936e-01 -5.329948664e-01
    outer loop
      vertex 2.034500428e-02 1.986361265e+00 -6.261549145e-02
      vertex -2.877862393e-09 1.986361265e+00 -6.583782285e-02
      vertex -5.677225356e-09 1.945817232e+00 -1.298797727e-01
    endloop
  endfacet
  facet normal 2.449901998e-01 8.418970704e-01 -4.808213115e-01
    outer loop
      vertex 3.869849816e-02 1.986361265e+00 -5.326391384e-02
      vertex 2.034500428e-02 1.986361265e+00 -6.261549145e-02
      vertex 4.013505206e-02 1.945817232e+00 -1.235230118e-01
    endloop
  endfacet
  facet normal 3.815805316e-01 8.418961763e-01 -3.815850317e-01
    outer loop
      vertex 5.326391384e-02 1.986361265e+00 -3.869849816e-02
      vertex 3.869849816e-02 1.986361265e+00 -5.326391384e-02
      vertex 7.634141296e-02 1.945817232e+00 -1.050749421e-01
    endloop
  endfacet
  facet normal 4.808195829e-01 8.418964148e-01 -2.449959368e-01
    outer loop
      vertex 6.261549145e-02 1.986361265e+00 -2.034500614e-02
      vertex 5.326391384e-02 1.986361265e+00 -3.869849816e-02
      vertex 1.050749421e-01 1.945817232e+00 -7.634141296e-02
    endloop
  endfacet
  facet normal 5.329936743e-01 8.418979049e-01 -8.441282064e-02
    outer loop
      vertex 6.583782285e-02 1.986361265e+00 0.000000000e+00
      vertex 6.261549145e-02 1.986361265e+00 -2.034500614e-02
      vertex 1.235230118e-01 1.945817232e+00 -4.013505951e-02
    endloop
  endfacet
  facet normal 2.027450204e-01 9.787047505e-01 3.211494535e-02
    outer loop
      vertex -1.662880855e-08 2.000000000e+00 -5.403000269e-09
      vertex 6.583782285e-02 1.986361265e+00 0.000000000e+00
      vertex 6.261551380e-02 1.986361265e+00 2.034491301e-02
    endloop
  endfacet
  facet normal 1.828993112e-01 9.787057042e-01 9.318292886e-02
    outer loop
      vertex -1.662880855e-08 2.000000000e+00 -5.403000269e-09
      vertex 6.261551380e-02 1.986361265e+00 2.034491301e-02
      vertex 5.326396972e-02 1.986361265e+00 3.869843110e-02
    endloop
  endfacet
  facet normal 1.451495141e-01 9.787043929e-01 1.451527327e-01
    outer loop
      vertex -1.662880855e-08 2.000000000e+00 -5.403000269e-09
      vertex 5.326396972e-02 1.986361265e+00 3.869843110e-02
      vertex 3.869856521e-02 1.986361265e+00 5.326386914e-02
    endloop
  endfacet
  facet normal 9.319198877e-02 9.787060022e-01 1.828927547e-01
    outer loop
      vertex -1.662880855e-08 2.000000000e+00 -5.403000269e-09
      vertex 3.869856521e-02 1.986361265e+00 5.326386914e-02
      vertex 2.034507506e-02 1.986361265e+00 6.261546910e-02
    endloop
  endfacet
  facet normal 3.211184964e-02 9.787046313e-01 2.027462721e-01
    outer loop
      vertex -1.662880855e-08 2.000000000e+00 -5.403000269e-09
      vertex 2.034507506e-02 1.986361265e+00 6.261546910e-02
      vertex 6.357294069e-08 1.986361265e+00 6.583782285e-02
    endloop
  endfacet
  facet normal -3.211147338e-02 9.787046313e-01 2.027463019e-01
    outer loop
      vertex -1.662880855e-08 2.000000000e+00 -5.403000269e-09
      vertex 6.357294069e-08 1.986361265e+00 6.583782285e-02
      vertex -2.034495212e-02 1.986361265e+00 6.261550635e-02
    endloop
  endfacet
  facet normal -9.319148958e-02 9.787040949e-01 1.829033196e-01
    outer loop
      vertex -1.662880855e-08 2.000000000e+00 -5.403000269e-09
      vertex -2.034495212e-02 1.986361265e+00 6.261550635e-02
      vertex -3.869846091e-02 1.986361265e+00 5.326394364e-02
    endloop
  endfacet
  facet normal -1.451492608e-01 9.787040353e-01 1.451554745e-01
    outer loop
      vertex -1.662880855e-08 2.000000000e+00 -5.403000269e-09
      vertex -3.869846091e-02 1.986361265e+00 5.326394364e-02
      vertex -5.326389149e-02 1.986361265e+00 3.869853169e-02
    endloop
  endfacet
  facet normal -1.828991026e-01 9.787054062e-01 9.318564832e-02
    outer loop
      vertex -1.662880855e-08 2.000000000e+00 -5.403000269e-09
      vertex -5.326389149e-02 1.986361265e+00 3.869853169e-02
      vertex -6.261547655e-02 1.986361265e+00 2.034503222e-02
    endloop
  endfacet
  facet normal -2.027451545e-01 9.787047505e-01 3.211549297e-02
    outer loop
      vertex -1.662880855e-08 2.000000000e+00 -5.403000269e-09
      vertex -6.261547655e-02 1.986361265e+00 2.034503222e-02
      vertex -6.583782285e-02 1.986361265e+00 2.145268496e-08
    endloop
  endfacet
  facet normal -2.027451247e-01 9.787047505e-01 -3.211547807e-02
    outer loop
      vertex -1.662880855e-08 2.000000000e+00 -5.403000269e-09
      vertex -6.583782285e-02 1.986361265e+00 2.145268496e-08
      vertex -6.261549145e-02 1.986361265e+00 -2.034499310e-02
    endloop
  endfacet
  facet normal -1.828992218e-01 9.787057638e-01 -9.318299592e-02
    outer loop
      vertex -1.662880855e-08 2.000000000e+00 -5.403000269e-09
      vertex -6.261549145e-02 1.986361265e+00 -2.034499310e-02
      vertex -5.326392129e-02 1.986361265e+00 -3.869849443e-02
    endloop
  endfacet
  facet normal -1.451493502e-01 9.787039757e-01 -1.451554745e-01
    outer loop
      vertex -1.662880855e-08 2.000000000e+00 -5.403000269e-09
      vertex -5.326392129e-02 1.986361265e+00 -3.869849443e-02
      vertex -3.869849443e-02 1.986361265e+00 -5.326391384e-02
    endloop
  endfacet
  facet normal -9.319169819e-02 9.787040949e-01 -1.829034835e-01
    outer loop
      vertex -1.662880855e-08 2.000000000e+00 -5.403000269e-09
      vertex -3.869849443e-02 1.986361265e+00 -5.326391384e-02
      vertex -2.034500800e-02 1.986361265e+00 -6.261548400e-02
    endloop
  endfacet
  facet normal -3.211174905e-02 9.787045717e-01 -2.027464211e-01
    outer loop
      vertex -1.662880855e-08 2.000000000e+00 -5.403000269e-09
      vertex -2.034500800e-02 1.986361265e+00 -6.261548400e-02
      vertex -2.877862393e-09 1.986361265e+00 -6.583782285e-02
    endloop
  endfacet
  facet normal 3.211165965e-02 9.787046909e-01 -2.027464062e-01
    outer loop
      vertex -1.662880855e-08 2.000000000e+00 -5.403000269e-09
      vertex -2.877862393e-09 1.986361265e+00 -6.583782285e-02
      vertex 2.034500428e-02 1.986361265e+00 -6.261549145e-02
    endloop
  endfacet
  facet normal 9.319188446e-02 9.787060618e-01 -1.828927994e-01
    outer loop
      vertex -1.662880855e-08 2.000000000e+00 -5.403000269e-09
      vertex 2.034500428e-02 1.986361265e+00 -6.261549145e-02
      vertex 3.869849816e-02 1.986361265e+00 -5.326391384e-02
    endloop
  endfacet
  facet normal 1.451493800e-01 9.787043333e-01 -1.451528221e-01
    outer loop
      vertex -1.662880855e-08 2.000000000e+00 -5.403000269e-09
      vertex 3.869849816e-02 1.986361265e+00 -5.326391384e-02
      vertex 5.326391384e-02 1.986361265e+00 -3.869849816e-02
    endloop
  endfacet
  facet normal 1.828991026e-01 9.787057638e-01 -9.318298101e-02
    outer loop
      vertex -1.662880855e-08 2.000000000e+00 -5.403000269e-09
      vertex 5.326391384e-02 1.986361265e+00 -3.869849816e-02
      vertex 6.261549145e-02 1.986361265e+00 -2.034500614e-02
    endloop
  endfacet
  facet normal 2.027450353e-01 9.787048697e-01 -3.211548179e-02
    outer loop
      vertex -1.662880855e-08 2.000000000e+00 -5.403000269e-09
      vertex 6.261549145e-02 1.986361265e+00 -2.034500614e-02
      vertex 6.583782285e-02 1.986361265e+00 0.000000000e+00
    endloop
  endfacet
  facet normal 0.000000000e+00 0.000000000e+00 0.000000000e+00
    outer loop
      vertex 0.000000000e+00 0.000000000e+00 0.000000000e+00
      vertex 0.000000000e+00 2.500000000e-01 0.000000000e+00
      vertex 0.000000000e+00 5.000000000e-01 0.000000000e+00
    endloop
  endfacet
endsolid
