# File exported by Houdini 21.0.700 (www.sidefx.com)
# 2232 points
# 8640 vertices
# 2160 primitives
# Bounds: [-0.999999881, -1, -0.999999881] to [1, 1, 1]
g 
v -4.22219522e-08 1 -1.13133716e-08 0.207060784 0.800422907 0.267505199
v -4.22219522e-08 1 -1.13133698e-08 0.325174093 0.749620557 0.168052793
v -4.22219486e-08 0.999999881 -1.13133698e-08 0.483586311 0.646247864 0.150162205
v -4.22219486e-08 0.99999994 -1.13133707e-08 0.586505771 0.514926672 0.216463611
v -4.22219486e-08 0.999999821 -1.13133698e-08 0.564306617 0.379152328 0.360287249
v -4.22219522e-08 0.99999994 -1.13133698e-08 0.452026099 0.25791502 0.537763953
v -4.22219522e-08 1 -1.13133707e-08 0.310867041 0.169078499 0.695724666
v -4.22219522e-08 0.99999994 -1.13133698e-08 0.192797706 0.129850939 0.793546557
v -4.22219486e-08 0.99999994 -1.13133698e-08 0.112847544 0.154819056 0.840793192
v -4.22219486e-08 1 -1.13133707e-08 0.0768112391 0.257914007 0.859574437
v -4.22219486e-08 0.999999881 -1.13133698e-08 0.0851478949 0.440033406 0.86336875
v -4.22219486e-08 0.999999881 -1.13133698e-08 0.116973877 0.649939835 0.831131041
v -4.22219522e-08 1 -1.13133716e-08 0.146070004 0.823362648 0.733184814
v -4.22219522e-08 0.99999994 -1.13133698e-08 0.155743673 0.907888412 0.559817851
v -4.22219451e-08 0.99999994 -1.13133698e-08 0.167409614 0.898535609 0.381175816
v -4.22219486e-08 1 -1.13133707e-08 0.212009281 0.802180469 0.287368774
v -4.22219486e-08 0.999999821 -1.13133698e-08 0.310524613 0.633389235 0.33699891
v -4.22219522e-08 0.99999994 -1.13133707e-08 0.444099516 0.437491208 0.462637663
v -4.22219486e-08 0.999999881 -1.13133707e-08 0.583918571 0.267505199 0.565348804
v -4.22219451e-08 0.999999821 -1.13133698e-08 0.702934027 0.168052748 0.570496321
v -4.22219486e-08 0.999999881 -1.13133689e-08 0.781171203 0.15016222 0.500645757
v -4.22219486e-08 0.999999881 -1.13133698e-08 0.800422907 0.216463536 0.40266335
v -4.22219486e-08 0.99999994 -1.13133698e-08 0.749620557 0.360287249 0.316974759
v -4.22219451e-08 0.99999994 -1.13133698e-08 0.646247864 0.537763953 0.258246839
v -4.22219486e-08 0.999999881 -1.13133698e-08 0.514926612 0.695724726 0.234706491
v -4.22219451e-08 0.99999994 -1.13133698e-08 0.379152447 0.793546438 0.251607627
v -4.22219522e-08 0.99999994 -1.13133707e-08 0.257915109 0.840793252 0.302313268
v -4.22219486e-08 0.999999881 -1.13133707e-08 0.169078484 0.859574437 0.377213508
v -4.22219451e-08 0.999999821 -1.13133698e-08 0.129850924 0.86336875 0.467200518
v -4.22219486e-08 0.999999881 -1.13133689e-08 0.154819101 0.831130981 0.565175295
v -4.22219486e-08 0.999999881 -1.13133698e-08 0.257913917 0.733184993 0.66454047
v -4.22219486e-08 0.99999994 -1.13133698e-08 0.440033317 0.559817851 0.75630784
v -4.22219451e-08 0.99999994 -1.13133698e-08 0.649939835 0.381175816 0.821922421
v -4.22219486e-08 0.999999881 -1.13133698e-08 0.823362708 0.287368745 0.84043777
v -4.22219451e-08 0.99999994 -1.13133698e-08 0.907888293 0.336998791 0.799000382
v -4.22219522e-08 0.99999994 -1.13133707e-08 0.898535728 0.462637663 0.7171278
v -4.22219486e-08 0.999999881 -1.13133707e-08 0.802180469 0.565348804 0.622430384
v -4.22219451e-08 0.999999821 -1.13133698e-08 0.633389175 0.570496321 0.541250765
v -4.22219486e-08 0.999999881 -1.13133689e-08 0.43749091 0.500645757 0.494861066
v -4.22219486e-08 0.999999881 -1.13133707e-08 0.26750502 0.402663141 0.50326544
v -4.22219522e-08 1 -1.13133698e-08 0.168052688 0.31697461 0.571160614
v -4.22219451e-08 0.999999881 -1.13133698e-08 0.15016216 0.258246928 0.642013133
v -4.22219486e-08 0.999999881 -1.13133707e-08 0.216463447 0.234706491 0.643983305
v -4.22219451e-08 0.99999994 -1.13133698e-08 0.36028707 0.251607627 0.535779834
v -4.22219522e-08 0.99999994 -1.13133707e-08 0.537763894 0.302313268 0.398311287
v -4.22219486e-08 0.999999881 -1.13133707e-08 0.695724666 0.377213508 0.343035996
v -4.22219451e-08 0.999999821 -1.13133698e-08 0.793546617 0.467200518 0.444602579
v -4.22219486e-08 0.999999881 -1.13133689e-08 0.840793192 0.565175295 0.63041985
v -4.22219486e-08 0.999999881 -1.13133707e-08 0.859574378 0.664540708 0.791086674
v -4.22219522e-08 1 -1.13133698e-08 0.863368869 0.756308079 0.845987499
v -4.22219451e-08 0.999999881 -1.13133698e-08 0.83113122 0.821922302 0.829649448
v -4.22219486e-08 0.999999881 -1.13133707e-08 0.733185053 0.84043777 0.805384874
v -4.22219451e-08 0.99999994 -1.13133698e-08 0.559818029 0.799000382 0.821347356
v -4.22219522e-08 0.99999994 -1.13133707e-08 0.381175935 0.7171278 0.865056276
v -4.22219486e-08 0.999999881 -1.13133707e-08 0.287368774 0.622430384 0.90887177
v -4.22219451e-08 0.999999821 -1.13133698e-08 0.33699894 0.541250765 0.929202795
v -4.22219486e-08 0.999999881 -1.13133689e-08 0.462637782 0.494861066 0.918652833
v -4.22219486e-08 0.999999881 -1.13133707e-08 0.565348864 0.50326544 0.873873711
v -4.22219522e-08 1 -1.13133698e-08 0.570496261 0.571160614 0.798985481
v -4.22219451e-08 0.999999881 -1.13133698e-08 0.500646055 0.642013133 0.727981687
v -4.22219486e-08 0.999999881 -1.13133707e-08 0.40266344 0.643983305 0.702323198
v -4.22219451e-08 0.99999994 -1.13133698e-08 0.316974789 0.535779834 0.744325101
v -4.22219522e-08 0.99999994 -1.13133707e-08 0.258246869 0.398311287 0.799716949
v -4.22219486e-08 0.999999881 -1.13133707e-08 0.234706491 0.343035996 0.795081079
v -4.22219451e-08 0.999999821 -1.13133698e-08 0.250032872 0.443957329 0.685803711
v -4.22219486e-08 0.999999881 -1.13133689e-08 0.289714873 0.62525785 0.542483747
v -4.22219486e-08 0.99999994 -1.13133707e-08 0.334693819 0.773664951 0.464523643
v -4.22219522e-08 1 -1.13133698e-08 0.366912425 0.807062984 0.516479969
v -4.22219486e-08 0.99999994 -1.13133707e-08 0.372319311 0.767964423 0.623526812
v -4.22219522e-08 1 -1.13133716e-08 0.337864906 0.730038166 0.675994873
v -4.22219486e-08 1 -1.13133707e-08 0.263174117 0.746228695 0.596001029
v -4.22219522e-08 1 -1.13133707e-08 0.198572502 0.786582947 0.432817638
v 0.173672169 0.98489064 -1.60071068e-09 0.582465947 0.848011851 0.397497267
v 0.173009604 0.984890521 -0.0151362475 0.588445842 0.832146525 0.428610891
v 0.171031997 0.98489058 -0.0301577188 0.587776005 0.778013945 0.506224036
v 0.167754456 0.98489058 -0.0449496768 0.565669537 0.695354521 0.566356778
v 0.163196877 0.984890521 -0.0593986586 0.515201807 0.596888661 0.562155366
v 0.157398835 0.98489058 -0.0733964443 0.46089825 0.507258356 0.515271187
v 0.150404513 0.98489058 -0.0868360996 0.435146272 0.454085588 0.464481354
v 0.142262608 0.98489058 -0.0996131673 0.457640052 0.455058426 0.441556692
v 0.133039191 0.98489058 -0.111633353 0.497300059 0.488128394 0.45024249
v 0.122804776 0.984890699 -0.122804783 0.510353267 0.521313012 0.487277657
v 0.111633323 0.984890521 -0.133039206 0.46913752 0.531900346 0.543847561
v 0.0996131599 0.98489058 -0.142262623 0.410433829 0.53426218 0.588924348
v 0.0868360698 0.98489058 -0.150404543 0.387133539 0.552040994 0.585927069
v 0.0733964294 0.984890521 -0.15739885 0.435709685 0.597747803 0.514869928
v 0.0593986474 0.98489058 -0.163196906 0.526960671 0.6393677 0.42214942
v 0.0449496768 0.98489058 -0.167754456 0.615265965 0.633754313 0.370757282
v 0.0301577095 0.98489058 -0.171031997 0.666783392 0.556110919 0.404844642
v 0.0151362456 0.98489058 -0.173009604 0.694784582 0.455041021 0.493200451
v 5.99538907e-09 0.98489064 -0.173672184 0.724319279 0.397497267 0.585772634
v -0.0151362335 0.984890521 -0.173009604 0.772118211 0.428610891 0.642601311
v -0.0301577151 0.984890521 -0.171032012 0.821636975 0.506224096 0.664094508
v -0.0449496508 0.98489064 -0.167754441 0.848011792 0.566356778 0.660752356
v -0.0593986399 0.984890521 -0.163196921 0.832146406 0.562155426 0.640420616
v -0.073396422 0.98489058 -0.157398865 0.778013885 0.515271187 0.600330412
v -0.0868360847 0.98489064 -0.150404528 0.695354462 0.464481324 0.535058379
v -0.0996131301 0.984890521 -0.142262638 0.596888721 0.441556692 0.446974397
v -0.111633316 0.98489058 -0.133039236 0.507258356 0.450242579 0.36961931
v -0.122804753 0.98489064 -0.122804806 0.454085588 0.487277657 0.344327897
v -0.133039176 0.984890521 -0.111633368 0.455058426 0.543847561 0.397336423
v -0.142262608 0.984890521 -0.0996131971 0.488128453 0.588924348 0.494490296
v -0.150404528 0.98489064 -0.0868361518 0.521313012 0.585927129 0.586536765
v -0.15739882 0.984890521 -0.0733964816 0.531900287 0.514869928 0.634336114
v -0.163196906 0.98489058 -0.0593987107 0.53426218 0.42214942 0.639196932
v -0.167754441 0.98489064 -0.0449497141 0.552041054 0.370757252 0.612540543
v -0.171031997 0.984890521 -0.030157784 0.597747743 0.404844582 0.566224158
v -0.173009619 0.98489058 -0.0151363052 0.639367759 0.493200451 0.513849735
v -0.173672169 0.98489064 -6.90924935e-08 0.633754253 0.585772634 0.46945554
v -0.173009619 0.984890521 0.0151361665 0.556110919 0.642601311 0.446415842
v -0.171032026 0.984890521 0.030157648 0.455040812 0.664094508 0.455449462
v -0.167754471 0.98489058 0.0449496172 0.397497237 0.660752296 0.506611288
v -0.163196936 0.984890521 0.0593986139 0.42861101 0.640420616 0.600975275
v -0.157398909 0.98489058 0.07339634 0.506223857 0.600330472 0.703693211
v -0.150404572 0.984890699 0.0868360028 0.566356719 0.535058558 0.770937264
v -0.142262667 0.984890521 0.0996130779 0.562155426 0.446974397 0.773209393
v -0.133039281 0.98489058 0.111633249 0.515271306 0.36961931 0.738336086
v -0.122804858 0.98489064 0.122804694 0.464481354 0.344327897 0.708474517
v -0.111633413 0.984890521 0.133039132 0.441556722 0.397336423 0.714228749
v -0.0996132195 0.984890521 0.142262563 0.450242549 0.494490296 0.739989817
v -0.0868361369 0.98489058 0.150404483 0.487277716 0.586536944 0.758595228
v -0.073396489 0.984890521 0.157398835 0.54384768 0.634336174 0.750911593
v -0.059398748 0.98489058 0.163196862 0.588924229 0.639196992 0.729922056
v -0.0449497625 0.984890699 0.167754427 0.585927069 0.612540662 0.716638982
v -0.0301577989 0.984890521 0.171031997 0.514869988 0.566224158 0.725187957
v -0.015136322 0.98489058 0.173009589 0.422149509 0.513849735 0.742150068
v -8.7195076e-08 0.98489064 0.173672155 0.370757282 0.46945554 0.747219443
v 0.0151361478 0.984890521 0.173009604 0.404844671 0.446415842 0.724549294
v 0.0301576294 0.984890521 0.171032012 0.493200541 0.455449462 0.676129401
v 0.0449495949 0.98489058 0.167754456 0.585772753 0.506611288 0.608407676
v 0.0593985952 0.984890521 0.163196936 0.642601371 0.600975275 0.529238522
v 0.0733963177 0.98489058 0.15739888 0.664094567 0.703693211 0.452099055
v 0.0868359804 0.984890699 0.150404572 0.660752356 0.770937264 0.391871095
v 0.099613063 0.984890521 0.142262653 0.640420675 0.773209393 0.359277934
v 0.111633249 0.98489058 0.133039281 0.600330412 0.738336086 0.348404974
v 0.122804694 0.984890521 0.122804865 0.535058439 0.708474517 0.349177748
v 0.133039132 0.984890521 0.11163342 0.446515411 0.714295983 0.355514824
v 0.142262563 0.984890461 0.0996132493 0.365948886 0.740527153 0.377304554
v 0.150404468 0.98489058 0.0868361667 0.331940204 0.760409117 0.428428113
v 0.15739882 0.984890521 0.0733965412 0.369361311 0.755711019 0.512229264
v 0.163196847 0.984890521 0.0593988188 0.4482449 0.742318392 0.589904368
v 0.167754397 0.98489058 0.0449498184 0.524915338 0.744645417 0.612113357
v 0.171031982 0.98489058 0.0301578119 0.565976739 0.778140783 0.549698949
v 0.173009604 0.984890699 0.0151362801 0.579157293 0.822389662 0.454239488
v 0.342006147 0.9396469 1.16415322e-09 0.620129704 0.793572843 0.342916578
v 0.340701401 0.939646959 -0.0298072435 0.582199693 0.771382391 0.438464373
v 0.336806923 0.939647019 -0.0593884662 0.535771728 0.718437612 0.555312097
v 0.330352575 0.9396469 -0.0885176957 0.489962429 0.643668056 0.617871702
v 0.321377575 0.93964684 -0.116971552 0.455236644 0.557650328 0.574547589
v 0.30995965 0.939646959 -0.144536883 0.447453737 0.477551818 0.469715714
v 0.29618603 0.9396469 -0.171003073 0.483821541 0.422186702 0.371744305
v 0.28015244 0.939646959 -0.196164489 0.570397973 0.403883606 0.333119839
v 0.261989146 0.939647019 -0.219835356 0.668642402 0.409028858 0.342801213
v 0.241834849 0.939647019 -0.241834864 0.728864312 0.417523116 0.373865098
v 0.219835356 0.939646959 -0.261989146 0.718249381 0.414422601 0.402432263
v 0.196164489 0.939646959 -0.28015241 0.671489596 0.405405849 0.416799605
v 0.171003044 0.9396469 -0.29618603 0.640152991 0.401306689 0.40830797
v 0.144536868 0.939647019 -0.30995968 0.660910904 0.408218741 0.375363171
v 0.116971552 0.9396469 -0.321377605 0.710850358 0.413273245 0.34463045
v 0.088517718 0.939647019 -0.330352575 0.752161622 0.398860753 0.349840194
v 0.059388455 0.9396469 -0.336806923 0.757786214 0.357749224 0.413160712
v 0.0298072509 0.939646959 -0.340701371 0.743669212 0.324216247 0.510513484
v 2.7474016e-08 0.939647019 -0.342006117 0.73650676 0.342916578 0.606258273
v -0.0298071932 0.939646959 -0.340701371 0.754471183 0.438464493 0.671712935
v -0.0593884289 0.9396469 -0.336806923 0.781641543 0.555312216 0.7060287
v -0.0885176286 0.939646959 -0.330352604 0.793572724 0.617871702 0.715315163
v -0.1169715 0.939646959 -0.321377605 0.771382391 0.574547648 0.703214288
v -0.144536838 0.9396469 -0.30995968 0.718437612 0.469715714 0.663498282
v -0.171003044 0.939646959 -0.296186 0.643667936 0.371744245 0.587472081
v -0.196164399 0.939646959 -0.2801525 0.557650506 0.333119869 0.476534605
v -0.219835296 0.939646959 -0.261989206 0.477551877 0.342801243 0.372460276
v -0.241834804 0.939647019 -0.241834909 0.422186702 0.373865098 0.327118367
v -0.261989057 0.939646959 -0.219835401 0.403883606 0.402432263 0.374661148
v -0.28015238 0.9396469 -0.196164519 0.409028888 0.416799605 0.478375167
v -0.296185941 0.939646959 -0.171003148 0.417523146 0.408307999 0.583830118
v -0.30995962 0.939646959 -0.144536957 0.414422631 0.375363171 0.646605313
v -0.321377546 0.9396469 -0.116971649 0.40540579 0.34463045 0.662314296
v -0.330352515 0.939646959 -0.0885177925 0.401306689 0.349840194 0.636579692
v -0.336806893 0.939646959 -0.0593885854 0.408218771 0.413160652 0.579203963
v -0.340701371 0.939646959 -0.0298073515 0.413273245 0.510513484 0.516706526
v -0.342006087 0.939647019 -1.32713467e-07 0.398860723 0.606258273 0.479787081
v -0.340701371 0.939646959 0.0298070908 0.357749194 0.671712935 0.490977973
v -0.336806953 0.9396469 0.0593883246 0.324216247 0.7060287 0.540144742
v -0.330352575 0.939647079 0.0885175988 0.342916667 0.715315223 0.608985722
v -0.321377605 0.939647019 0.116971478 0.438464701 0.703214228 0.680188537
v -0.309959739 0.939647019 0.144536674 0.555311918 0.663498461 0.740397453
v -0.29618609 0.939646959 0.17100288 0.617871702 0.587472439 0.777247131
v -0.280152529 0.939646959 0.19616431 0.574547648 0.476534605 0.782724142
v -0.261989295 0.939646959 0.219835222 0.469715744 0.372460276 0.76623112
v -0.241834998 0.939647019 0.241834715 0.371744305 0.327118367 0.741523862
v -0.21983546 0.939646959 0.261988997 0.33311981 0.374661148 0.719614446
v -0.196164563 0.9396469 0.280152321 0.342801243 0.478375167 0.700540662
v -0.171003118 0.939647079 0.29618597 0.373865157 0.583830416 0.681595743
v -0.144536942 0.939647019 0.30995965 0.402432323 0.646605492 0.660696328
v -0.116971731 0.939647019 0.321377486 0.416799605 0.662314296 0.638251543
v -0.0885178745 0.939646959 0.330352485 0.408308029 0.636579752 0.615293562
v -0.0593886077 0.939646959 0.336806893 0.375363171 0.579203963 0.593378246
v -0.0298073795 0.939646959 0.340701371 0.34463051 0.516706526 0.576156914
v -1.56462193e-07 0.939647019 0.342006117 0.349840194 0.479787081 0.567804873
v 0.0298070647 0.939646959 0.340701371 0.413160741 0.490977973 0.569328845
v 0.0593883023 0.9396469 0.336806953 0.510513604 0.540144742 0.569064856
v 0.088517569 0.939647079 0.330352575 0.606258452 0.608985722 0.55218029
v 0.116971448 0.939647019 0.321377665 0.671713114 0.680188537 0.508153796
v 0.144536644 0.939647019 0.309959739 0.706028759 0.740397453 0.44370994
v 0.17100285 0.939646959 0.296186119 0.715315163 0.777247131 0.369883448
v 0.196164295 0.939646959 0.280152559 0.703214228 0.782724142 0.298130453
v 0.219835207 0.939646959 0.261989295 0.663498342 0.76623112 0.241590098
v 0.241834715 0.9396469 0.241835013 0.587472141 0.741523862 0.213821977
v 0.261988968 0.9396469 0.21983552 0.476511896 0.720055878 0.223627999
v 0.280152291 0.9396469 0.196164638 0.372279912 0.704072356 0.260778904
v 0.296185911 0.939647079 0.171003222 0.326509893 0.693515003 0.310287625
v 0.30995959 0.939647079 0.144537076 0.373038977 0.689065516 0.357359439
v 0.321377486 0.939647019 0.116971873 0.474117965 0.694361627 0.387969583
v 0.330352485 0.939647019 0.0885179937 0.574102938 0.713780761 0.388286203
v 0.336806893 0.939646959 0.059388645 0.628795922 0.747737527 0.354616046
v 0.340701371 0.939646959 0.0298073087 0.639790893 0.780799925 0.323824555
v 0.49999994 0.866025448 -9.86076132e-32 0.587354898 0.666644573 0.276600033
v 0.498092413 0.866025329 -0.0435770489 0.533822298 0.643563151 0.367104113
v 0.492398888 0.866025329 -0.0868236572 0.481337905 0.602422476 0.465981543
v 0.482962817 0.866025388 -0.129409492 0.447360575 0.547253251 0.523491323
v 0.469841748 0.866025209 -0.171007931 0.446267009 0.482266396 0.506470501
v 0.45314917 0.866025329 -0.211307406 0.480105996 0.412390888 0.448068053
v 0.433012664 0.866025448 -0.249999985 0.547844172 0.342735589 0.39801085
v 0.409572184 0.866025329 -0.286785007 0.64350611 0.279553235 0.391772479
v 0.383018076 0.866025329 -0.321390927 0.741348863 0.23367241 0.407813996
v 0.353553325 0.866025388 -0.353553325 0.810687125 0.217065558 0.410343289
v 0.321390927 0.866025388 -0.383018136 0.830093145 0.235586151 0.37427038
v 0.286785007 0.866025269 -0.409572154 0.815167785 0.270611495 0.317314833
v 0.249999955 0.866025388 -0.433012664 0.790769458 0.297399849 0.267898232
v 0.211307392 0.866025329 -0.453149199 0.775878489 0.297491342 0.250091136
v 0.171007946 0.866025329 -0.469841748 0.765963793 0.277553827 0.270559341
v 0.129409522 0.866025448 -0.482962847 0.750617087 0.250537008 0.331617236
v 0.0868236497 0.866025329 -0.492398858 0.723261416 0.23013477 0.430240721
v 0.0435770564 0.866025388 -0.498092383 0.692647576 0.233017594 0.542049944
v 3.7252903e-08 0.866025388 -0.49999994 0.671358109 0.276600033 0.637326598
v -0.0435769819 0.866025209 -0.498092383 0.667434216 0.367104143 0.692837119
v -0.0868236125 0.866025269 -0.492398858 0.670751631 0.465981573 0.711288929
v -0.129409403 0.866025329 -0.482962906 0.666644573 0.523491323 0.701874435
v -0.171007872 0.866025329 -0.469841808 0.643563151 0.506470561 0.672239244
v -0.211307317 0.866025329 -0.453149199 0.602422416 0.448068053 0.623843312
v -0.249999925 0.866025388 -0.433012664 0.547253311 0.39801082 0.556600332
v -0.286784887 0.866025329 -0.409572214 0.482266396 0.391772449 0.475470901
v -0.321390808 0.866025388 -0.383018166 0.412390947 0.407813996 0.405604005
v -0.353553236 0.866025388 -0.353553414 0.342735589 0.410343289 0.377196282
v -0.383018017 0.866025209 -0.321390986 0.279553205 0.37427038 0.41096437
v -0.409572095 0.866025269 -0.286785007 0.23367238 0.317314714 0.489706188
v -0.433012545 0.866025329 -0.250000089 0.217065543 0.267898262 0.586739779
v -0.45314911 0.866025329 -0.211307496 0.235586166 0.250091136 0.676106453
v -0.469841719 0.866025329 -0.17100808 0.270611495 0.270559341 0.734739721
v -0.482962817 0.866025388 -0.129409626 0.297399849 0.331617355 0.740296721
v -0.492398798 0.866025329 -0.0868238434 0.297491342 0.430240601 0.683014631
v -0.498092383 0.866025388 -0.0435772091 0.277553856 0.542049944 0.6034531
v -0.499999911 0.866025388 -1.94646418e-07 0.250537008 0.637326598 0.55475235
v -0.498092353 0.866025209 0.0435768254 0.23013477 0.692837119 0.573949754
v -0.492398888 0.866025269 0.0868234634 0.233017594 0.711288929 0.633670926
v -0.482962906 0.866025448 0.129409358 0.276600152 0.701874375 0.690438151
v -0.469841868 0.866025388 0.171007842 0.367104322 0.672239184 0.710582733
v -0.453149319 0.866025329 0.211307108 0.465981364 0.623843491 0.699671805
v -0.433012784 0.866025448 0.249999687 0.523491323 0.556600511 0.673080921
v -0.409572303 0.866025329 0.286784708 0.506470561 0.475470901 0.643714547
v -0.383018315 0.866025388 0.321390688 0.448068082 0.405604005 0.614590585
v -0.353553534 0.866025388 0.353553146 0.39801085 0.377196282 0.586255491
v -0.321391076 0.866025209 0.383017927 0.391772449 0.41096437 0.560137153
v -0.286785066 0.866025269 0.409572035 0.407813996 0.489706188 0.541189551
v -0.25000003 0.866025448 0.433012605 0.41034323 0.586739898 0.535247743
v -0.211307466 0.866025388 0.45314914 0.37427035 0.676106572 0.543799579
v -0.171008199 0.866025329 0.469841659 0.317314923 0.734739721 0.550942302
v -0.129409745 0.866025448 0.482962757 0.267898291 0.740296841 0.536426067
v -0.0868238732 0.866025329 0.492398828 0.250091106 0.683014631 0.489943892
v -0.0435772501 0.866025388 0.498092383 0.270559281 0.6034531 0.440961897
v -2.31899321e-07 0.866025388 0.499999911 0.331617296 0.55475235 0.428889245
v 0.0435767882 0.866025209 0.498092413 0.430240721 0.573949754 0.477981955
v 0.0868234187 0.866025269 0.492398888 0.542050123 0.633670926 0.551882446
v 0.129409313 0.866025448 0.482962877 0.637326717 0.690438151 0.599079728
v 0.171007782 0.866025388 0.469841838 0.692837298 0.710582733 0.582041204
v 0.211307079 0.866025329 0.453149319 0.711288989 0.699671805 0.519148469
v 0.249999672 0.866025448 0.433012754 0.701874435 0.673080921 0.442760766
v 0.286784708 0.866025329 0.409572333 0.672239184 0.643714547 0.37964642
v 0.321390688 0.866025388 0.383018345 0.623843431 0.614590585 0.334207535
v 0.353553146 0.866025388 0.353553534 0.556600451 0.586255491 0.305254459
v 0.383017898 0.866025209 0.321391135 0.475986272 0.560379207 0.290627658
v 0.409572005 0.866025269 0.286785185 0.409727842 0.543125689 0.284287125
v 0.433012486 0.866025448 0.250000179 0.391114533 0.54178232 0.279222697
v 0.45314908 0.866025388 0.211307675 0.440403432 0.560699821 0.269872814
v 0.469841599 0.866025269 0.171008423 0.525722802 0.592480958 0.256470263
v 0.482962757 0.866025448 0.129409909 0.60217005 0.626792669 0.240696326
v 0.492398769 0.866025388 0.0868239328 0.634400845 0.65422976 0.227219
v 0.498092383 0.866025448 0.0435771458 0.625310779 0.669101119 0.232653141
v 0.573572636 0.819154263 -1.45519152e-11 0.618426025 0.586616099 0.289620906
v 0.57138449 0.819154322 -0.0499892123 0.556848526 0.577861488 0.352619797
v 0.564853191 0.819154322 -0.0995993838 0.495676249 0.562446892 0.422228694
v 0.55402869 0.819154203 -0.148451522 0.462184191 0.535227895 0.469534844
v 0.538976848 0.819154263 -0.196171016 0.476518244 0.49208656 0.475132644
v 0.519827902 0.819154263 -0.242400348 0.530308843 0.433011472 0.457645774
v 0.49672848 0.819154263 -0.286786318 0.608057499 0.359017521 0.445204854
v 0.469838858 0.819154263 -0.328984171 0.693936527 0.274940819 0.455980629
v 0.439377487 0.819154322 -0.368682176 0.770802855 0.200902179 0.468303353
v 0.405577123 0.819154203 -0.405577093 0.821184814 0.160843506 0.450543463
v 0.368682116 0.819154203 -0.439377487 0.833412588 0.169901505 0.383411825
v 0.328984112 0.819154263 -0.469838858 0.81902802 0.20799233 0.296982497
v 0.286786258 0.819154322 -0.49672851 0.795374274 0.246226802 0.233669952
v 0.242400318 0.819154263 -0.519828022 0.775731385 0.2623353 0.226551056
v 0.196171001 0.819154263 -0.538976848 0.757123411 0.26052615 0.271351993
v 0.148451552 0.819154263 -0.55402869 0.732510328 0.251627117 0.354460955
v 0.0995993614 0.819154263 -0.564853132 0.697577178 0.246427178 0.460782975
v 0.0499892272 0.819154322 -0.571384549 0.658910036 0.255560189 0.569288194
v 4.32337401e-08 0.819154203 -0.573572636 0.625819743 0.289620906 0.65746367
v -0.0499891378 0.819154203 -0.57138449 0.605154335 0.352619857 0.707649827
v -0.0995993316 0.819154263 -0.564853191 0.593909025 0.422228754 0.72160399
v -0.148451418 0.819154263 -0.554028809 0.586616099 0.469534814 0.705937028
v -0.196170926 0.819154203 -0.538976967 0.577861428 0.475132674 0.667583525
v -0.242400244 0.819154263 -0.519828081 0.562446892 0.457645774 0.614773452
v -0.286786258 0.819154263 -0.496728539 0.535227895 0.445204884 0.556060195
v -0.328983992 0.819154263 -0.469838947 0.492086619 0.455980599 0.500325024
v -0.368682057 0.819154322 -0.439377606 0.433011532 0.468303353 0.457760662
v -0.405576974 0.819154203 -0.405577213 0.359017551 0.450543463 0.438887507
v -0.439377367 0.819154203 -0.368682206 0.274940759 0.383411825 0.452019215
v -0.469838768 0.819154263 -0.328984201 0.200902119 0.296982437 0.496641278
v -0.49672839 0.819154263 -0.286786467 0.160843521 0.233669996 0.570031941
v -0.519827902 0.819154203 -0.242400482 0.16990152 0.226551056 0.663355947
v -0.538976848 0.819154263 -0.196171165 0.207992315 0.271351993 0.743320823
v -0.55402863 0.819154263 -0.148451671 0.246226817 0.354461074 0.770520508
v -0.564853191 0.819154263 -0.0995995924 0.262335271 0.460782886 0.722033381
v -0.571384549 0.819154322 -0.0499894023 0.26052615 0.569288194 0.64087826
v -0.573572636 0.819154203 -2.21887603e-07 0.251627117 0.65746367 0.586557984
v -0.57138449 0.819154203 0.0499889553 0.246427178 0.707649827 0.600503802
v -0.564853191 0.819154263 0.0995991528 0.255560189 0.72160399 0.651857913
v -0.554028749 0.819154263 0.148451358 0.289620996 0.705936968 0.691690624
v -0.538976967 0.819154203 0.196170866 0.352619946 0.667583525 0.68348825
v -0.5198282 0.819154203 0.242399991 0.422228575 0.614773631 0.640402257
v -0.496728629 0.819154263 0.28678602 0.469534814 0.556060255 0.588000238
v -0.469839066 0.819154263 0.328983873 0.475132674 0.500325024 0.546410501
v -0.439377725 0.819154322 0.368681908 0.457645833 0.457760662 0.514003277
v -0.405577332 0.819154203 0.405576855 0.445204824 0.438887507 0.483709216
v -0.368682355 0.819154203 0.439377278 0.455980569 0.452019215 0.452166826
v -0.32898432 0.819154263 0.469838679 0.468303353 0.496641278 0.430845708
v -0.286786467 0.819154263 0.49672842 0.450543404 0.570032179 0.43492353
v -0.242400423 0.819154203 0.519828022 0.383411735 0.663356185 0.470872194
v -0.196171299 0.819154203 0.538976729 0.296982676 0.743320644 0.510341942
v -0.14845182 0.819154263 0.55402863 0.233670026 0.770520508 0.516278982
v -0.0995996371 0.819154263 0.564853132 0.226551056 0.722033381 0.46751976
v -0.049989447 0.819154322 0.571384549 0.271351963 0.64087826 0.406470358
v -2.67013093e-07 0.819154203 0.573572636 0.354461014 0.586557984 0.3914285
v 0.0499889143 0.819154203 0.57138449 0.460783005 0.600503802 0.459309012
v 0.0995991081 0.819154263 0.564853191 0.569288373 0.651857913 0.561494231
v 0.148451298 0.819154263 0.554028749 0.657463729 0.691690624 0.627983034
v 0.196170822 0.819154203 0.538976967 0.707650065 0.68348825 0.609046638
v 0.242399961 0.819154203 0.5198282 0.72160399 0.640402257 0.536044359
v 0.28678596 0.819154263 0.496728688 0.705937088 0.588000238 0.460606158
v 0.328983873 0.819154263 0.469839066 0.667583585 0.546410501 0.422201574
v 0.368681908 0.819154322 0.439377725 0.614773571 0.514003277 0.41165477
v 0.405576855 0.819154203 0.405577362 0.556060195 0.483709216 0.407628477
v 0.439377278 0.819154203 0.368682384 0.501342952 0.45205158 0.393145055
v 0.469838679 0.819154263 0.32898438 0.465904802 0.429923564 0.368664831
v 0.496728331 0.819154263 0.286786616 0.466374278 0.431811333 0.339007795
v 0.519827962 0.819154263 0.242400661 0.5115574 0.466140896 0.308727771
v 0.538976729 0.819154203 0.196171552 0.578969657 0.517099738 0.281315029
v 0.554028571 0.819154322 0.148452014 0.638304353 0.56281656 0.259993553
v 0.564853132 0.819154322 0.0995996818 0.664945245 0.586486757 0.248906136
v 0.571384549 0.819154382 0.0499893241 0.657039702 0.591575682 0.255870074
v 0.642783642 0.766043007 3.7252903e-09 0.6741696 0.507872105 0.343932569
v 0.640331388 0.766042948 -0.0560212322 0.606346488 0.521165729 0.373501748
v 0.633011997 0.766043007 -0.111617684 0.533559024 0.541186392 0.407956094
v 0.620881319 0.766042948 -0.16636464 0.495580316 0.548671126 0.438046873
v 0.604013264 0.766042948 -0.21984224 0.520410776 0.528028488 0.45742768
v 0.582553744 0.766043007 -0.271649957 0.588959277 0.478354752 0.471360624
v 0.55666697 0.766043007 -0.321391851 0.670361459 0.402417839 0.488009959
v 0.52653265 0.766042948 -0.36868149 0.73827225 0.307115465 0.509996116
v 0.492395639 0.766043007 -0.413169712 0.78442204 0.215865508 0.517765164
v 0.454516679 0.766042948 -0.454516679 0.805060327 0.156215519 0.48621878
v 0.413169622 0.766042948 -0.49239561 0.799240232 0.147356734 0.402659744
v 0.368681431 0.766043007 -0.52653265 0.777230024 0.175055072 0.303993642
v 0.321391821 0.766043067 -0.55666703 0.7521016 0.216720089 0.239526451
v 0.271649957 0.766042948 -0.582553804 0.733470201 0.253536135 0.245926172
v 0.219842285 0.766043007 -0.604013324 0.717124283 0.281787455 0.309307694
v 0.166364685 0.766043007 -0.620881259 0.695395827 0.301533282 0.403147608
v 0.111617662 0.766042948 -0.633011937 0.66282469 0.314077139 0.503370404
v 0.0560212508 0.766043007 -0.640331328 0.622783601 0.325701356 0.595690906
v 4.78466973e-08 0.766042948 -0.642783642 0.580853581 0.343932569 0.66827184
v -0.0560211502 0.766042888 -0.640331268 0.542924047 0.373501748 0.711431861
v -0.11161764 0.766042888 -0.633011997 0.516119361 0.407956094 0.724114716
v -0.166364536 0.766042948 -0.620881319 0.507872105 0.438046873 0.70742029
v -0.219842166 0.766042948 -0.604013383 0.521165729 0.45742774 0.665130436
v -0.271649837 0.766042948 -0.582553923 0.541186333 0.471360624 0.611755013
v -0.321391732 0.766042948 -0.55666703 0.548671186 0.488009959 0.564485967
v -0.368681341 0.766042888 -0.526532769 0.528028548 0.509996176 0.535969257
v -0.413169593 0.766043007 -0.492395788 0.478354841 0.517765164 0.520668209
v -0.45451656 0.766042948 -0.454516798 0.402417839 0.48621878 0.508500099
v -0.492395461 0.766042888 -0.413169801 0.307115436 0.402659744 0.494851679
v -0.52653259 0.766042888 -0.36868158 0.215865433 0.303993523 0.496986747
v -0.556666851 0.766042948 -0.32139203 0.156215534 0.23952651 0.537638426
v -0.582553744 0.766042948 -0.271650106 0.147356719 0.245926172 0.626648784
v -0.604013205 0.766042948 -0.219842464 0.175055087 0.309307694 0.722296059
v -0.620881319 0.766042948 -0.166364804 0.216720089 0.403147727 0.769967198
v -0.633011937 0.766042888 -0.111617923 0.253536075 0.503370285 0.734458387
v -0.640331328 0.766043007 -0.0560214557 0.281787455 0.595690906 0.658202648
v -0.642783642 0.766042948 -2.51457095e-07 0.301533282 0.66827184 0.603042305
v -0.640331268 0.766042888 0.0560209453 0.314077139 0.711431861 0.612127364
v -0.633012056 0.766042888 0.111617424 0.325701416 0.724114716 0.653840005
v -0.620881438 0.766042888 0.166364446 0.343932629 0.70742023 0.677870452
v -0.604013383 0.766043007 0.219842121 0.373501837 0.665130317 0.647607207
v -0.582553983 0.766043007 0.271649539 0.407956034 0.611755133 0.581233621
v -0.556667149 0.766042888 0.321391493 0.438046813 0.564486027 0.510631025
v -0.526532829 0.766042888 0.368681133 0.457427651 0.535969257 0.460271984
v -0.492395937 0.766043007 0.413169473 0.471360683 0.520668209 0.424992204
v -0.454516947 0.766042948 0.454516411 0.48800993 0.508500099 0.392217845
v -0.41316995 0.766042888 0.492395371 0.509996116 0.494851679 0.355466485
v -0.368681639 0.766042888 0.526532471 0.517765164 0.496986747 0.332620949
v -0.32139194 0.766042888 0.556666851 0.486218691 0.537638545 0.347655267
v -0.271650016 0.766043007 0.582553744 0.402659625 0.626649141 0.411747038
v -0.219842598 0.766043007 0.604013145 0.303993791 0.72229594 0.48488906
v -0.166364968 0.766042888 0.620881259 0.239526525 0.769967198 0.514279127
v -0.111617967 0.766042888 0.633011937 0.245926097 0.734458387 0.468063593
v -0.0560215041 0.766043007 0.640331328 0.309307694 0.658202648 0.398190856
v -2.99536623e-07 0.766042948 0.642783642 0.403147638 0.603042305 0.377559245
v 0.0560209006 0.766042888 0.640331328 0.503370464 0.612127364 0.453231066
v 0.111617379 0.766042888 0.633012056 0.595690966 0.653840005 0.568924308
v 0.166364402 0.766042888 0.620881438 0.668271899 0.677870452 0.642520785
v 0.219842061 0.766043007 0.604013443 0.71143198 0.647607207 0.617013931
v 0.27164951 0.766043007 0.582553923 0.724114716 0.581233621 0.53584373
v 0.321391433 0.766042888 0.556667209 0.70742029 0.510631025 0.467560768
v 0.368681133 0.766042888 0.526532888 0.665130436 0.460271984 0.462066889
v 0.413169473 0.766043007 0.492395908 0.611755133 0.424992204 0.494665712
v 0.45451647 0.766042948 0.454516947 0.564485967 0.392217845 0.522010982
v 0.492395341 0.766042888 0.41316998 0.537515163 0.354949236 0.511267662
v 0.526532471 0.766042888 0.368681729 0.533035696 0.328482836 0.471645802
v 0.556666791 0.766042948 0.321392119 0.550240576 0.333689094 0.422866374
v 0.582553685 0.766043067 0.271650285 0.586481452 0.382405818 0.381402224
v 0.604013085 0.766043007 0.219842866 0.631743371 0.450340807 0.350734085
v 0.62088114 0.766042948 0.166365176 0.67417115 0.504170537 0.331094176
v 0.633011878 0.766042888 0.11161802 0.702215195 0.520203233 0.322835922
v 0.640331388 0.766043067 0.0560213588 0.705553353 0.513279319 0.326796204
v 0.707106709 0.707106709 1.39698386e-09 0.73004216 0.442434818 0.440550596
v 0.704409122 0.707106769 -0.0616272613 0.662474036 0.480187088 0.443047047
v 0.696357191 0.707106769 -0.122787215 0.580696821 0.537740111 0.445110023
v 0.683012605 0.707106709 -0.183012664 0.535851419 0.577387214 0.449849397
v 0.664456546 0.707106709 -0.241841748 0.563373208 0.570043147 0.459854335
v 0.64084971 0.707106709 -0.298833787 0.635876894 0.521108329 0.475630313
v 0.612372339 0.707106769 -0.353553385 0.710271895 0.444604486 0.497162014
v 0.57922262 0.707106769 -0.405575275 0.7522223 0.355346531 0.520970404
v 0.541669488 0.707106769 -0.454515398 0.762411714 0.271322191 0.529722154
v 0.49999994 0.707106709 -0.49999994 0.750278234 0.211312264 0.502620041
v 0.454515398 0.707106709 -0.541669428 0.724998653 0.189434797 0.430020273
v 0.405575246 0.707106709 -0.57922256 0.694704115 0.201155961 0.346892059
v 0.353553325 0.707106769 -0.612372398 0.6672647 0.237279102 0.299357533
v 0.298833787 0.707106769 -0.64084971 0.648406327 0.288202852 0.320374459
v 0.241841778 0.707106709 -0.664456666 0.635280788 0.342707813 0.390242517
v 0.183012724 0.707106709 -0.683012605 0.622896194 0.389169753 0.47609663
v 0.1227872 0.70710665 -0.696357191 0.606385469 0.418797761 0.550783813
v 0.06162728 0.707106769 -0.704409182 0.581382692 0.434133202 0.609998286
v 5.16884029e-08 0.707106709 -0.707106709 0.543646455 0.440550596 0.65514642
v -0.0616271682 0.707106709 -0.704409122 0.493780553 0.443047047 0.686397851
v -0.122787148 0.70710665 -0.69635725 0.451767623 0.445109993 0.698975444
v -0.18301256 0.70710665 -0.683012664 0.442434847 0.449849397 0.686865628
v -0.241841674 0.707106709 -0.664456725 0.480187088 0.459854335 0.648803711
v -0.298833728 0.70710665 -0.640849769 0.537740111 0.475630313 0.602522016
v -0.353553265 0.707106709 -0.612372458 0.577387214 0.497162044 0.570501745
v -0.405575037 0.70710665 -0.579222679 0.570043206 0.520970404 0.567054093
v -0.454515278 0.707106769 -0.541669607 0.521108389 0.529722214 0.57381016
v -0.499999821 0.707106709 -0.50000006 0.444604516 0.502620041 0.56423074
v -0.541669309 0.707106709 -0.454515547 0.355346531 0.430020273 0.523547292
v -0.579222441 0.70710665 -0.405575335 0.271322131 0.346892029 0.484072417
v -0.612372279 0.70710665 -0.353553534 0.211312324 0.299357533 0.489889324
v -0.64084965 0.707106709 -0.298834026 0.189434797 0.320374459 0.566973031
v -0.664456606 0.70710665 -0.241841987 0.201155961 0.390242517 0.668866694
v -0.683012605 0.707106709 -0.183012873 0.237279102 0.476096749 0.731005549
v -0.696357191 0.70710665 -0.122787476 0.288202792 0.550783694 0.709719241
v -0.704409063 0.707106769 -0.0616274923 0.342707843 0.609998286 0.644914865
v -0.707106709 0.707106709 -2.7474016e-07 0.389169753 0.65514642 0.59739387
v -0.704409122 0.707106709 0.061626941 0.418797761 0.686397851 0.609534919
v -0.69635725 0.70710665 0.122786932 0.434133202 0.698975444 0.650023639
v -0.683012724 0.707106709 0.183012456 0.440550625 0.686865509 0.669123232
v -0.664456725 0.70710665 0.241841599 0.443047136 0.648803651 0.630912602
v -0.640849948 0.70710665 0.29883337 0.445110023 0.602522016 0.554738283
v -0.612372577 0.707106709 0.353552997 0.449849397 0.570501745 0.473762006
v -0.579222798 0.70710665 0.405574888 0.459854305 0.567054093 0.413748324
v -0.541669726 0.707106769 0.454515129 0.475630343 0.57381016 0.3708691
v -0.500000238 0.707106709 0.499999672 0.497162014 0.56423074 0.333897889
v -0.454515725 0.707106709 0.54166919 0.520970404 0.523547292 0.297677904
v -0.405575454 0.70710665 0.579222322 0.529722154 0.484072417 0.281330347
v -0.353553474 0.707106709 0.612372279 0.502619982 0.489889383 0.310045987
v -0.298833936 0.70710665 0.640849769 0.430020213 0.566973209 0.394782394
v -0.241842151 0.70710665 0.664456546 0.346892238 0.668866515 0.489564389
v -0.183013067 0.707106709 0.683012545 0.299357533 0.73100549 0.534185171
v -0.122787528 0.70710665 0.696357131 0.320374429 0.709719241 0.491443187
v -0.0616275519 0.707106769 0.704409122 0.390242487 0.644914865 0.416164696
v -3.28756869e-07 0.707106709 0.707106709 0.47609663 0.59739387 0.386182696
v 0.0616268851 0.707106709 0.704409182 0.550783813 0.609534919 0.45276466
v 0.12278688 0.70710665 0.69635725 0.609998286 0.650023639 0.560915411
v 0.183012396 0.707106709 0.683012784 0.655146539 0.669123232 0.629073918
v 0.241841555 0.70710665 0.664456725 0.68639791 0.630912602 0.601584077
v 0.29883334 0.70710665 0.640850008 0.698975325 0.554738283 0.526409447
v 0.353552967 0.707106709 0.612372637 0.686865568 0.473762006 0.477417439
v 0.405574888 0.70710665 0.579222858 0.648803711 0.413748324 0.506195962
v 0.454515129 0.707106769 0.541669786 0.602522075 0.3708691 0.575212359
v 0.499999672 0.707106709 0.500000238 0.570501745 0.333897889 0.624653041
v 0.54166919 0.707106709 0.454515725 0.568957865 0.296871543 0.610758126
v 0.579222322 0.707106709 0.405575544 0.589040637 0.274879396 0.553979635
v 0.61237222 0.707106769 0.353553653 0.615633547 0.28827405 0.490822852
v 0.64084965 0.70710665 0.298834205 0.637408853 0.347355217 0.450369239
v 0.664456427 0.70710665 0.241842434 0.658192098 0.42221114 0.432006031
v 0.683012545 0.707106709 0.183013275 0.685597301 0.472878516 0.427696705
v 0.696357071 0.707106709 0.122787587 0.721547782 0.472812325 0.430213124
v 0.704409063 0.707106769 0.0616273992 0.745205641 0.449146628 0.435560107
v 0.766035616 0.64277935 0 0.764337778 0.400181711 0.572327614
v 0.763113081 0.642779171 -0.0667631403 0.706625104 0.459183097 0.562847257
v 0.75439024 0.642779171 -0.133020058 0.622994363 0.548681855 0.542150855
v 0.73993355 0.642779291 -0.198264614 0.57175827 0.610098481 0.514140964
v 0.719831109 0.642779112 -0.261996359 0.593306959 0.600576878 0.483768016
v 0.694256961 0.642779171 -0.323738039 0.656336665 0.540154696 0.460175276
v 0.663406372 0.642779291 -0.383017838 0.711621046 0.464592814 0.453554153
v 0.627493918 0.642779112 -0.439375103 0.72162497 0.403045207 0.468697727
v 0.586811125 0.642779171 -0.492393821 0.695580125 0.358238131 0.488807648
v 0.541668952 0.642779291 -0.541668952 0.654410183 0.326290995 0.491687328
v 0.492393732 0.642779112 -0.586811066 0.615427017 0.305334836 0.464110792
v 0.439375073 0.642779112 -0.627493918 0.581497848 0.301546872 0.428733915
v 0.383017778 0.642779291 -0.663406372 0.551878095 0.323116094 0.417182952
v 0.323738039 0.642779112 -0.694256961 0.526875377 0.373758405 0.450838
v 0.261996388 0.642779171 -0.719831169 0.511004806 0.439299285 0.510093629
v 0.198264644 0.642779291 -0.73993355 0.509833395 0.501090944 0.565098107
v 0.133020058 0.642779112 -0.75439018 0.524136961 0.543998361 0.593525052
v 0.0667631701 0.642779171 -0.763113141 0.535526633 0.566935301 0.603150189
v 5.54136932e-08 0.642779291 -0.766035557 0.520822406 0.572327614 0.609273911
v -0.0667630434 0.642779112 -0.763113081 0.468393505 0.562847197 0.622453332
v -0.133019999 0.642779112 -0.75439024 0.412807673 0.542150855 0.634268761
v -0.19826448 0.642779231 -0.73993361 0.400181711 0.514140964 0.631556153
v -0.261996269 0.642779112 -0.719831228 0.459183097 0.483768076 0.607055247
v -0.323737919 0.642779171 -0.694256961 0.548681855 0.460175276 0.577119708
v -0.383017719 0.642779231 -0.663406372 0.610098541 0.453554124 0.564006865
v -0.439374894 0.642779171 -0.627494037 0.600576997 0.468697727 0.580388427
v -0.492393702 0.642779171 -0.586811304 0.540154815 0.488807678 0.600593626
v -0.541668832 0.642779291 -0.541669071 0.464592844 0.491687328 0.589366674
v -0.586811006 0.642779112 -0.492393941 0.403045177 0.464110792 0.526840329
v -0.627493739 0.642779112 -0.439375192 0.358238101 0.428733915 0.454704404
v -0.663406193 0.642779231 -0.383018047 0.326291025 0.417182952 0.430037916
v -0.694256842 0.642779112 -0.323738277 0.305334836 0.450838 0.489247948
v -0.719831049 0.642779171 -0.261996597 0.301546901 0.510093629 0.586056888
v -0.73993355 0.642779231 -0.198264807 0.323116094 0.565098107 0.653515279
v -0.75439018 0.642779171 -0.133020341 0.373758376 0.593525052 0.645337045
v -0.763113141 0.642779171 -0.066763401 0.439299256 0.603150189 0.597890079
v -0.766035557 0.642779291 -2.98517989e-07 0.501091003 0.609273911 0.568205059
v -0.763113081 0.642779112 0.066762805 0.54399842 0.622453332 0.595688403
v -0.754390299 0.642779112 0.133019745 0.566935241 0.634268761 0.649246991
v -0.73993367 0.642779291 0.198264375 0.572327554 0.631556094 0.680163085
v -0.719831288 0.642779171 0.26199618 0.562847197 0.607055187 0.652639568
v -0.69425714 0.642779171 0.323737592 0.542150974 0.577119827 0.582562923
v -0.663406551 0.642779231 0.383017421 0.514140964 0.564006925 0.498739213
v -0.627494156 0.642779171 0.439374715 0.483768106 0.580388427 0.425164878
v -0.586811483 0.642779171 0.492393523 0.460175335 0.600593626 0.366593063
v -0.54166925 0.642779291 0.541668653 0.453554153 0.589366674 0.322966337
v -0.49239406 0.642779112 0.586810887 0.468697697 0.526840329 0.296598315
v -0.439375311 0.642779112 0.62749368 0.488807648 0.454704404 0.299288839
v -0.383017957 0.642779291 0.663406253 0.491687328 0.430037946 0.345208853
v -0.323738188 0.642779171 0.694256842 0.464110732 0.489248157 0.43711701
v -0.261996746 0.642779171 0.71983099 0.428733975 0.586056709 0.532123387
v -0.198265001 0.642779231 0.739933491 0.417182952 0.65351522 0.575927317
v -0.133020416 0.642779171 0.75439018 0.45083797 0.645337045 0.534878433
v -0.0667634681 0.642779171 0.763113141 0.510093629 0.597890079 0.45793587
v -3.55794327e-07 0.642779291 0.766035557 0.565098107 0.568205059 0.414710313
v 0.0667627528 0.642779112 0.763113081 0.593525112 0.595688403 0.452460855
v 0.133019701 0.642779112 0.754390299 0.603150129 0.649246991 0.529039562
v 0.198264286 0.642779291 0.73993367 0.60927397 0.680163085 0.579946756
v 0.26199609 0.642779171 0.719831347 0.622453332 0.652639568 0.561662078
v 0.323737532 0.642779171 0.69425714 0.634268761 0.582562923 0.514585078
v 0.383017361 0.642779231 0.663406551 0.631556153 0.498739213 0.500094175
v 0.439374655 0.642779171 0.627494216 0.607055247 0.425164878 0.558490872
v 0.492393523 0.642779171 0.586811423 0.577119768 0.366593063 0.645767391
v 0.541668653 0.642779291 0.54166925 0.564006925 0.322966337 0.696837842
v 0.586810827 0.642779112 0.49239412 0.582328975 0.295737505 0.666362584
v 0.62749356 0.642779112 0.43937543 0.616118252 0.292402357 0.587985635
v 0.663406074 0.642779291 0.383018166 0.641762435 0.321966946 0.515096843
v 0.694256783 0.642779171 0.323738486 0.643847704 0.385510713 0.488622874
v 0.71983093 0.642779112 0.261997133 0.639757335 0.452406436 0.499638259
v 0.739933431 0.642779291 0.19826524 0.655073941 0.484101385 0.526754737
v 0.754390121 0.642779231 0.133020476 0.703937292 0.457513303 0.551602483
v 0.763113201 0.642779231 0.0667632967 0.754716456 0.411447734 0.567885816
v 0.819143832 0.573568225 1.86264515e-09 0.766700864 0.382412136 0.699464381
v 0.816018879 0.573568285 -0.0713917539 0.725139678 0.45259735 0.687671542
v 0.806691229 0.573568285 -0.142242163 0.647131801 0.560485303 0.653595448
v 0.791232288 0.573568165 -0.212010026 0.593896866 0.63119936 0.593627274
v 0.769736171 0.573568225 -0.280160278 0.608005583 0.612057626 0.50995189
v 0.742388844 0.573568285 -0.346182406 0.657433391 0.539156616 0.427928388
v 0.709399462 0.573568165 -0.409571975 0.691506863 0.470787495 0.378708959
v 0.670997202 0.573568285 -0.469836444 0.67283392 0.450190514 0.383546889
v 0.627493978 0.573568285 -0.526530921 0.617146611 0.4604038 0.424097657
v 0.579222202 0.573568165 -0.579222143 0.553458333 0.469414264 0.472117752
v 0.526530862 0.573568285 -0.627493978 0.504532039 0.455119967 0.505992591
v 0.469836414 0.573568285 -0.670997083 0.468129933 0.435062587 0.530624032
v 0.409571946 0.573568225 -0.709399521 0.435764253 0.436694592 0.557542861
v 0.346182406 0.573568285 -0.742388904 0.403310627 0.478881538 0.593394458
v 0.280160308 0.573568285 -0.76973623 0.384100795 0.546142817 0.625282288
v 0.212010071 0.573568165 -0.791232169 0.395829946 0.614410937 0.635424495
v 0.142242163 0.573568225 -0.806691229 0.445939898 0.663873374 0.612981439
v 0.0713917837 0.573568285 -0.81601882 0.500856817 0.691737175 0.574884117
v 5.98374754e-08 0.573568165 -0.819143891 0.516753554 0.699464381 0.5450055
v -0.0713916495 0.573568285 -0.81601876 0.467964232 0.687671542 0.540268362
v -0.142242119 0.573568285 -0.80669117 0.401469648 0.653595388 0.549791932
v -0.212009907 0.573568225 -0.791232347 0.382412165 0.593627274 0.555745304
v -0.280160189 0.573568285 -0.76973623 0.45259735 0.509951949 0.5464499
v -0.346182317 0.573568285 -0.742388964 0.560485303 0.427928388 0.534839928
v -0.409571886 0.573568225 -0.709399521 0.63119936 0.378708988 0.540002525
v -0.469836265 0.573568225 -0.670997322 0.612057686 0.383546889 0.571415603
v -0.526530743 0.573568285 -0.627494097 0.539156616 0.424097627 0.60012269
v -0.579222143 0.573568165 -0.579222381 0.470787495 0.472117752 0.587557495
v -0.627493858 0.573568285 -0.526530981 0.450190544 0.505992591 0.512060344
v -0.670997083 0.573568285 -0.469836563 0.4604038 0.530624032 0.419594556
v -0.709399223 0.573568225 -0.409572214 0.469414264 0.557542861 0.373029351
v -0.742388725 0.573568285 -0.346182644 0.455119997 0.593394458 0.414122254
v -0.769736111 0.573568285 -0.280160517 0.435062617 0.625282288 0.500186324
v -0.791232169 0.573568225 -0.212010249 0.436694533 0.635424495 0.567422748
v -0.806691051 0.573568225 -0.142242476 0.478881478 0.612981498 0.571199834
v -0.81601882 0.573568285 -0.0713920444 0.546142757 0.574884117 0.543552816
v -0.819143891 0.573568165 -3.16882506e-07 0.614410996 0.5450055 0.535683155
v -0.81601882 0.573568285 0.0713913813 0.663873315 0.540268362 0.582542002
v -0.80669117 0.573568285 0.142241836 0.691737235 0.549791932 0.654076159
v -0.791232347 0.573568285 0.212009788 0.699464381 0.555745304 0.703981221
v -0.76973629 0.573568225 0.280160099 0.687671542 0.54644984 0.697073698
v -0.742389083 0.573568285 0.346181899 0.653595448 0.534839988 0.642653286
v -0.7093997 0.573568225 0.409571558 0.593627334 0.540002465 0.561139822
v -0.670997381 0.573568225 0.469836086 0.509951949 0.571415603 0.472353309
v -0.627494335 0.573568285 0.526530564 0.427928478 0.60012269 0.3937141
v -0.57922256 0.573568165 0.579221904 0.378708959 0.587557495 0.342042029
v -0.526531219 0.573568285 0.627493739 0.383546859 0.512060344 0.330648541
v -0.469836622 0.573568285 0.670997024 0.424097687 0.419594556 0.358810633
v -0.409572124 0.573568285 0.709399223 0.472117841 0.373029321 0.422296286
v -0.346182555 0.573568225 0.742388785 0.505992651 0.414122462 0.511012554
v -0.280160695 0.573568285 0.769735992 0.530624032 0.500186086 0.591420889
v -0.212010473 0.573568225 0.791232109 0.557542801 0.567422688 0.624122798
v -0.142242551 0.573568225 0.80669117 0.593394399 0.571199834 0.5849998
v -0.071392104 0.573568285 0.81601882 0.625282347 0.543552816 0.511060238
v -3.7997961e-07 0.573568165 0.819143891 0.635424495 0.535683155 0.454593837
v 0.0713913217 0.573568285 0.81601882 0.612981439 0.582542002 0.453009099
v 0.142241791 0.573568285 0.806691229 0.574884117 0.654076159 0.484190345
v 0.212009728 0.573568285 0.791232347 0.545005441 0.703981221 0.511140466
v 0.28016004 0.573568225 0.76973629 0.540268362 0.697073698 0.509209812
v 0.34618184 0.573568285 0.742389143 0.549791873 0.642653286 0.503137648
v 0.409571409 0.573568225 0.709399819 0.555745244 0.561139822 0.530010462
v 0.469836026 0.573568225 0.6709975 0.5464499 0.472353309 0.610648692
v 0.526530504 0.573568285 0.627494335 0.534839988 0.3937141 0.700807452
v 0.579221904 0.573568165 0.57922262 0.540002525 0.342042029 0.739975214
v 0.627493739 0.573568225 0.526531219 0.573098481 0.329946339 0.68876195
v 0.670996845 0.573568285 0.469836771 0.613585353 0.353192955 0.592261195
v 0.709399164 0.573568165 0.409572303 0.632994413 0.403336734 0.516688228
v 0.742388725 0.573568225 0.346182823 0.614400804 0.468038231 0.511241198
v 0.769735992 0.573568285 0.280161083 0.587054849 0.519379795 0.557053506
v 0.791232049 0.573568225 0.212010711 0.591750205 0.525550306 0.618243039
v 0.806691051 0.573568225 0.14224261 0.653009892 0.470570773 0.665008783
v 0.81601882 0.573568344 0.0713919252 0.730271518 0.401795566 0.691879153
v 0.866025388 0.49999997 -1.86264515e-09 0.729613781 0.38828063 0.773999512
v 0.862721443 0.499999911 -0.0754776672 0.705593109 0.452419788 0.760584176
v 0.852860034 0.49999994 -0.150383011 0.639983535 0.557099104 0.72047466
v 0.83651638 0.499999911 -0.224143848 0.593322039 0.624002755 0.639391065
v 0.813789904 0.49999994 -0.296194494 0.607736468 0.599408627 0.514046073
v 0.784877598 0.499999911 -0.365995198 0.651716769 0.527971625 0.385124981
v 0.75000006 0.5 -0.433012694 0.675343692 0.478940278 0.304306448
v 0.709399879 0.49999994 -0.496726245 0.642331958 0.500903904 0.308529764
v 0.663406909 0.49999997 -0.55666548 0.570933044 0.559816182 0.375778705
v 0.612372339 0.49999997 -0.612372398 0.493032336 0.60097158 0.469297737
v 0.556665421 0.49999997 -0.663406909 0.433636397 0.586569965 0.557338536
v 0.496726245 0.499999911 -0.709399879 0.390237033 0.546433926 0.628179848
v 0.433012635 0.49999997 -0.750000119 0.353446841 0.527291119 0.675107718
v 0.365995198 0.499999911 -0.784877539 0.319169372 0.562564969 0.692905843
v 0.296194494 0.49999994 -0.813789904 0.304470778 0.632462025 0.68235141
v 0.224143893 0.49999997 -0.836516321 0.331707895 0.703884006 0.645719349
v 0.150382981 0.49999994 -0.852859974 0.410150468 0.750313759 0.588261485
v 0.0754776821 0.49999997 -0.862721443 0.496719629 0.771556735 0.527137518
v 6.47269189e-08 0.49999997 -0.866025388 0.535249293 0.773999512 0.482483417
v -0.0754775554 0.49999994 -0.862721384 0.49132669 0.760584056 0.468203038
v -0.150382921 0.49999994 -0.852859914 0.417552471 0.720474601 0.473270804
v -0.224143714 0.49999997 -0.83651638 0.3882806 0.639391184 0.480428338
v -0.296194375 0.499999911 -0.813789904 0.452419758 0.514046073 0.47808072
v -0.365995049 0.49999994 -0.784877539 0.557099104 0.385124981 0.477285802
v -0.433012635 0.49999997 -0.75000006 0.624002755 0.304306388 0.494764656
v -0.496726066 0.499999911 -0.709400058 0.599408746 0.308529735 0.537737787
v -0.556665361 0.49999997 -0.663407028 0.527971685 0.375778615 0.575424612
v -0.612372339 0.49999997 -0.612372518 0.478940248 0.469297737 0.567543685
v -0.663406849 0.49999994 -0.556665599 0.500903904 0.557338536 0.491185755
v -0.70939976 0.49999994 -0.496726394 0.559816182 0.628179908 0.392931014
v -0.749999821 0.49999997 -0.433012962 0.60097158 0.675107718 0.336731851
v -0.784877419 0.499999911 -0.365995407 0.586570024 0.692905843 0.366176337
v -0.813789785 0.49999994 -0.296194732 0.546433866 0.68235141 0.443397909
v -0.836516201 0.49999997 -0.224144086 0.527291119 0.64571929 0.510165989
v -0.852859795 0.499999911 -0.150383338 0.562564969 0.588261425 0.525286794
v -0.862721384 0.49999997 -0.0754779652 0.632462025 0.527137518 0.515714467
v -0.866025448 0.49999997 -3.37604433e-07 0.703884065 0.482483417 0.525439441
v -0.862721384 0.49999994 0.0754772872 0.750313759 0.468203038 0.584298015
v -0.852859914 0.49999994 0.150382683 0.771556735 0.473270804 0.665509164
v -0.83651638 0.49999994 0.224143595 0.773999512 0.480428368 0.728137553
v -0.813790083 0.49999997 0.296194285 0.760584116 0.47808072 0.73976326
v -0.784877598 0.499999911 0.365994692 0.720474839 0.477285773 0.702030361
v -0.750000238 0.49999994 0.433012217 0.639391303 0.494764626 0.625098765
v -0.709400177 0.499999911 0.496725798 0.514046192 0.537737787 0.523022056
v -0.663407266 0.49999997 0.556665123 0.385125041 0.575424612 0.425429642
v -0.612372756 0.49999997 0.6123721 0.304306448 0.567543685 0.365844667
v -0.556665778 0.49999994 0.66340661 0.308529764 0.491185755 0.368405163
v -0.496726483 0.49999994 0.7093997 0.375778705 0.392931014 0.419709593
v -0.433012873 0.49999994 0.749999821 0.469297886 0.336731821 0.496971101
v -0.365995347 0.49999997 0.784877419 0.557338715 0.366176486 0.577511489
v -0.296194971 0.499999911 0.813789785 0.628179729 0.443397701 0.639086366
v -0.224144295 0.49999994 0.836516142 0.675107718 0.51016593 0.659560442
v -0.150383428 0.499999911 0.852859795 0.692905903 0.525286794 0.625789642
v -0.0754780322 0.49999997 0.862721384 0.68235147 0.515714467 0.560596526
v -4.03262675e-07 0.49999997 0.866025448 0.645719349 0.525439441 0.49579522
v 0.0754772201 0.49999994 0.862721384 0.588261485 0.584298015 0.456633329
v 0.150382608 0.49999994 0.852859974 0.527137399 0.665509164 0.442090601
v 0.22414352 0.49999994 0.83651644 0.482483327 0.728137553 0.44457987
v 0.296194226 0.49999997 0.813790023 0.468203127 0.73976326 0.459452629
v 0.365994632 0.499999911 0.784877658 0.473270774 0.702030361 0.493814766
v 0.433012128 0.49999994 0.750000298 0.480428398 0.625098765 0.557711601
v 0.496725768 0.499999911 0.709400237 0.47808069 0.523022056 0.651315451
v 0.556665063 0.49999997 0.663407266 0.477285802 0.425429642 0.735310316
v 0.6123721 0.49999997 0.612372756 0.494764656 0.365844667 0.760507464
v 0.66340661 0.499999911 0.556665838 0.538939476 0.368017167 0.697620749
v 0.709399581 0.499999911 0.496726573 0.585037291 0.416605502 0.596973896
v 0.749999702 0.499999911 0.433013111 0.599986672 0.486494809 0.528792322
v 0.78487736 0.49999994 0.365995705 0.564945519 0.552764833 0.543823838
v 0.813789666 0.499999911 0.296195298 0.517993391 0.591273427 0.614903986
v 0.836516023 0.49999994 0.224144593 0.511438906 0.5780738 0.695391774
v 0.852859795 0.499999911 0.150383487 0.578049123 0.504015565 0.74779743
v 0.862721443 0.49999997 0.0754778385 0.67242223 0.41913873 0.771242201
v 0.906298637 0.422615558 0 0.653102934 0.4153319 0.762167871
v 0.902841032 0.422615528 -0.0789876506 0.644114554 0.452358693 0.741167247
v 0.892521024 0.422615528 -0.157376349 0.596428931 0.527908862 0.700043678
v 0.875417173 0.422615528 -0.234567314 0.566998661 0.578444242 0.615530431
v 0.851633906 0.422615528 -0.309968561 0.595155537 0.561017573 0.47868216
v 0.821377158 0.422615588 -0.383015275 0.649748623 0.515047908 0.33784017
v 0.784877717 0.422615528 -0.453149319 0.68200618 0.500545382 0.255666971
v 0.742389441 0.422615558 -0.519825637 0.656023145 0.556922913 0.276798159
v 0.694257677 0.422615588 -0.582552373 0.587361276 0.641205609 0.373761147
v 0.640849769 0.422615558 -0.640849829 0.504448771 0.689821064 0.501056015
v 0.582552254 0.422615558 -0.694257617 0.431057513 0.660396039 0.617887855
v 0.519825697 0.422615528 -0.742389441 0.372331709 0.595352709 0.702280462
v 0.453149289 0.422615588 -0.784877658 0.328758627 0.55831182 0.736962497
v 0.383015305 0.422615588 -0.821377099 0.302966207 0.594255686 0.712187529
v 0.309968591 0.422615588 -0.851633906 0.306145251 0.673613846 0.648308218
v 0.234567374 0.422615588 -0.875417233 0.351627022 0.748176992 0.573203087
v 0.157376334 0.422615558 -0.892520905 0.441670328 0.780890107 0.51022464
v 0.0789876729 0.422615618 -0.902841091 0.534243464 0.779315054 0.46462667
v 6.74917828e-08 0.422615558 -0.906298578 0.576242566 0.762167871 0.437137157
v -0.0789875314 0.422615558 -0.902841032 0.534843862 0.741167188 0.426669002
v -0.157376274 0.422615588 -0.892520905 0.458346963 0.700043619 0.424872607
v -0.234567165 0.422615588 -0.875417292 0.4153319 0.615530491 0.42158249
v -0.309968472 0.422615588 -0.851633966 0.452358693 0.47868219 0.411330998
v -0.383015156 0.422615588 -0.821377099 0.527908862 0.33784017 0.407441467
v -0.453149229 0.422615588 -0.784877658 0.578444242 0.255666971 0.427934527
v -0.519825459 0.422615558 -0.742389619 0.561017632 0.276798099 0.480561167
v -0.582552195 0.422615618 -0.694257855 0.515047967 0.373761088 0.531992972
v -0.64084971 0.422615558 -0.640850008 0.500545382 0.501056015 0.538630962
v -0.694257498 0.422615558 -0.582552433 0.556922913 0.617887855 0.474617869
v -0.742389441 0.422615588 -0.519825816 0.641205668 0.702280581 0.385061145
v -0.784877479 0.422615588 -0.453149617 0.689821064 0.736962557 0.332809359
v -0.821376979 0.422615588 -0.383015543 0.660396099 0.712187529 0.361404777
v -0.851633728 0.422615588 -0.309968829 0.59535265 0.648308218 0.437166184
v -0.875417113 0.422615588 -0.234567583 0.55831188 0.573203027 0.507105947
v -0.892520785 0.422615558 -0.157376707 0.594255626 0.5102247 0.53308481
v -0.902841091 0.422615618 -0.0789879486 0.673613906 0.46462667 0.536357403
v -0.906298637 0.422615558 -3.50759365e-07 0.748176992 0.437137157 0.553026378
v -0.902841032 0.422615558 0.0789872557 0.780890107 0.426669002 0.607896328
v -0.892520964 0.422615588 0.157376006 0.779314935 0.424872607 0.680579662
v -0.875417292 0.422615558 0.234567061 0.762167931 0.42158249 0.739390373
v -0.851634026 0.422615618 0.309968352 0.741167188 0.411331058 0.757968426
v -0.821377218 0.422615588 0.383014768 0.700043857 0.407441407 0.731258392
v -0.784877837 0.422615588 0.453148782 0.61553055 0.427934468 0.659530163
v -0.742389739 0.422615558 0.51982522 0.47868228 0.480561167 0.550431311
v -0.694258034 0.422615618 0.582551956 0.337840229 0.531992972 0.441118479
v -0.640850246 0.422615558 0.640849471 0.255666971 0.538630962 0.376125216
v -0.582552612 0.422615558 0.694257319 0.276798218 0.474617869 0.386713386
v -0.519825935 0.422615588 0.742389321 0.373761207 0.385061145 0.451056063
v -0.453149498 0.422615558 0.784877539 0.501056194 0.332809329 0.534054399
v -0.383015454 0.422615618 0.821377039 0.617888093 0.361404985 0.605116427
v -0.309969038 0.422615588 0.851633787 0.702280402 0.437165946 0.651679218
v -0.234567806 0.422615588 0.875417173 0.736962497 0.507105827 0.665687561
v -0.157376766 0.422615558 0.892520845 0.712187469 0.53308481 0.642661154
v -0.0789880231 0.422615618 0.902841151 0.648308337 0.536357403 0.592423618
v -4.22005542e-07 0.422615558 0.906298637 0.573203027 0.553026378 0.528373539
v 0.0789871886 0.422615558 0.902841032 0.51022464 0.607896328 0.464349836
v 0.157375932 0.422615588 0.892520905 0.464626521 0.680579662 0.41594854
v 0.234567001 0.422615558 0.875417292 0.437137127 0.739390373 0.399205297
v 0.309968263 0.422615618 0.851634145 0.426669061 0.757968426 0.425559163
v 0.383014709 0.422615588 0.821377337 0.424872607 0.731258392 0.488063633
v 0.453148752 0.422615588 0.784877956 0.42158255 0.659530163 0.575176716
v 0.519825161 0.422615558 0.742389798 0.411330998 0.550431311 0.671513617
v 0.582551956 0.422615618 0.694258153 0.407441407 0.441118479 0.746322632
v 0.640849471 0.422615558 0.640850246 0.427934527 0.376125216 0.765010118
v 0.694257259 0.422615528 0.582552791 0.481150985 0.386745214 0.709148467
v 0.742389143 0.422615498 0.519826114 0.536711037 0.451310724 0.624975562
v 0.78487736 0.422615558 0.453149706 0.554554522 0.534913898 0.574894965
v 0.82137686 0.422615588 0.383015782 0.511245608 0.605379701 0.60266149
v 0.851633668 0.422615558 0.309969425 0.449847341 0.641466618 0.677433729
v 0.875417054 0.422615588 0.234568089 0.430046111 0.624666572 0.7497226
v 0.892520785 0.422615618 0.157376856 0.490640283 0.549191773 0.781348109
v 0.902841032 0.422615618 0.0789878219 0.586874306 0.460140646 0.779372454
v 0.939683735 0.342016429 0 0.567371249 0.454671562 0.686991811
v 0.936098814 0.342016429 -0.0818973035 0.571047008 0.452996314 0.655078828
v 0.925398588 0.342016399 -0.163173586 0.543370068 0.484048992 0.61445415
v 0.907664776 0.342016429 -0.243208036 0.535532355 0.510952592 0.538205445
v 0.883005321 0.342016399 -0.321386814 0.582475424 0.509129167 0.414459676
v 0.851633906 0.342016429 -0.39712432 0.654138803 0.503195524 0.291506022
v 0.813789964 0.342016429 -0.469841868 0.704211593 0.530067027 0.232673764
v 0.769736707 0.342016459 -0.538974464 0.697496593 0.61045295 0.282062143
v 0.719831884 0.342016459 -0.604011655 0.643253028 0.700237155 0.406851321
v 0.664456666 0.342016429 -0.664456725 0.561853468 0.739098132 0.554991543
v 0.604011536 0.342016429 -0.719831824 0.473089844 0.689038038 0.679648995
v 0.538974404 0.342016429 -0.769736648 0.394431412 0.601357818 0.754854262
v 0.469841808 0.342016429 -0.813790023 0.342766076 0.549682438 0.75985384
v 0.39712432 0.342016429 -0.851633906 0.331444591 0.585217834 0.685869157
v 0.321386844 0.342016459 -0.883005321 0.359667659 0.669490576 0.572021365
v 0.243208095 0.342016459 -0.907664716 0.423098475 0.741608083 0.469406068
v 0.163173556 0.342016459 -0.925398469 0.5115816 0.755895436 0.416735232
v 0.0818973184 0.342016429 -0.936098814 0.59168607 0.727551401 0.403184593
v 7.0547685e-08 0.342016429 -0.939683676 0.624162197 0.686991811 0.405545622
v -0.0818971694 0.342016429 -0.936098754 0.584995389 0.655078828 0.404280245
v -0.163173512 0.342016429 -0.925398469 0.511111557 0.61445415 0.394531012
v -0.243207857 0.342016399 -0.907664835 0.454671562 0.538205504 0.375110805
v -0.321386725 0.342016429 -0.883005321 0.452996373 0.414459705 0.348745644
v -0.397124201 0.342016459 -0.851633906 0.484048963 0.291506022 0.333815396
v -0.469841748 0.342016459 -0.813790023 0.510952652 0.232673749 0.35261327
v -0.538974166 0.342016399 -0.769736826 0.509129226 0.282062024 0.415509403
v -0.604011476 0.342016429 -0.719832063 0.503195524 0.406851262 0.485182643
v -0.664456546 0.342016429 -0.664456844 0.530066967 0.554991543 0.512388468
v -0.719831705 0.342016429 -0.604011714 0.61045295 0.679648995 0.466451138
v -0.769736469 0.342016429 -0.538974524 0.700237274 0.754854262 0.390969217
v -0.813789785 0.342016399 -0.469842106 0.739098191 0.759853899 0.348109722
v -0.851633728 0.342016429 -0.397124529 0.689038098 0.685869157 0.38146022
v -0.883005261 0.342016459 -0.321387112 0.601357758 0.572021365 0.460291982
v -0.907664657 0.342016459 -0.243208274 0.549682498 0.469406009 0.535296679
v -0.92539835 0.342016399 -0.163173944 0.585217714 0.416735262 0.570110321
v -0.936098754 0.342016429 -0.0818976089 0.669490635 0.403184593 0.58014667
v -0.939683676 0.342016429 -3.65776941e-07 0.741608083 0.405545622 0.593763053
v -0.936098754 0.342016429 0.0818968937 0.755895495 0.404280245 0.631229222
v -0.925398529 0.342016429 0.163173243 0.727551281 0.394531012 0.680462599
v -0.907664895 0.342016429 0.243207768 0.686991751 0.375110775 0.721292675
v -0.8830055 0.342016459 0.321386635 0.655078769 0.348745614 0.735800505
v -0.851634145 0.342016429 0.397123784 0.614454269 0.333815366 0.715077221
v -0.813790262 0.342016459 0.469841361 0.538205564 0.352613181 0.652465403
v -0.769737005 0.342016399 0.538973927 0.414459765 0.415509403 0.55005002
v -0.719832182 0.342016429 0.604011238 0.291506112 0.485182643 0.444883853
v -0.664457202 0.342016429 0.664456367 0.232673734 0.512388468 0.382761985
v -0.604011953 0.342016429 0.719831586 0.282062173 0.466451138 0.395493865
v -0.538974643 0.342016429 0.769736469 0.406851411 0.390969217 0.458946764
v -0.469842076 0.342016429 0.813789785 0.554991782 0.348109722 0.53500247
v -0.397124469 0.342016459 0.851633847 0.679649174 0.381460398 0.592171729
v -0.321387321 0.342016429 0.883005261 0.754854143 0.460291773 0.625480473
v -0.243208513 0.342016459 0.907664657 0.759853899 0.535296559 0.636583805
v -0.163174018 0.342016399 0.925398409 0.685869277 0.570110321 0.626750052
v -0.0818976834 0.342016429 0.936098814 0.572021484 0.58014667 0.595702291
v -4.36790287e-07 0.342016429 0.939683735 0.469406039 0.593763053 0.542777121
v 0.0818968192 0.342016429 0.936098754 0.416735232 0.631229222 0.472344935
v 0.163173154 0.342016429 0.925398529 0.403184533 0.680462599 0.408912182
v 0.243207693 0.342016429 0.907664835 0.405545652 0.721292675 0.382019252
v 0.321386516 0.342016459 0.883005559 0.404280216 0.735800505 0.412470967
v 0.397123724 0.342016429 0.851634145 0.394531071 0.715077221 0.48612982
v 0.469841301 0.342016459 0.813790262 0.375110805 0.652465403 0.58012414
v 0.538973927 0.342016399 0.769737005 0.348745614 0.55005002 0.671773732
v 0.604011238 0.342016429 0.719832301 0.333815396 0.444883853 0.739169836
v 0.664456308 0.342016429 0.664457262 0.35261324 0.382761985 0.76059556
v 0.719831526 0.342016429 0.604012132 0.415537655 0.39603129 0.725733399
v 0.76973635 0.342016399 0.538974762 0.485408038 0.463246465 0.669858873
v 0.813789606 0.342016399 0.469842315 0.513148844 0.549514055 0.639645994
v 0.851633668 0.342016459 0.397124827 0.468611151 0.623022616 0.666813552
v 0.883005142 0.342016399 0.321387678 0.397350907 0.664288163 0.723259091
v 0.907664597 0.342016429 0.243208826 0.363849372 0.656909525 0.765925646
v 0.925398409 0.342016399 0.163174078 0.411576003 0.59469837 0.763100743
v 0.936098814 0.342016429 0.0818974823 0.499948353 0.512324512 0.728452027
v 0.965925813 0.258819073 0 0.510165989 0.49579522 0.585691035
v 0.962240696 0.258819044 -0.0841844082 0.525286913 0.4566333 0.544495463
v 0.951241732 0.258819044 -0.167730466 0.515714467 0.442090631 0.502082646
v 0.933012605 0.258819044 -0.25 0.525439441 0.44457984 0.436591804
v 0.907664597 0.258819014 -0.330362022 0.584297955 0.45945254 0.338969827
v 0.875417113 0.258819044 -0.408214599 0.665509224 0.493814856 0.251394391
v 0.836516321 0.258819073 -0.482962936 0.728137493 0.55771172 0.228850588
v 0.791232705 0.258819073 -0.554026067 0.739763081 0.65131551 0.308171213
v 0.739934266 0.258819044 -0.62087965 0.702030301 0.735310256 0.453579277
v 0.683012605 0.258819073 -0.683012664 0.625098705 0.760507464 0.611145258
v 0.620879591 0.258819073 -0.739934266 0.523021936 0.697867751 0.732696891
v 0.554026127 0.258819044 -0.791232824 0.425429583 0.598949194 0.793091297
v 0.482962877 0.258819073 -0.83651638 0.365844607 0.535458744 0.77294296
v 0.408214599 0.258819044 -0.875417173 0.368405163 0.557169378 0.666534662
v 0.330362052 0.258819044 -0.907664597 0.419709504 0.626118243 0.522823811
v 0.25000006 0.258819073 -0.933012664 0.496970922 0.682408214 0.404436082
v 0.167730436 0.258819073 -0.951241612 0.577511311 0.681303084 0.357408464
v 0.0841844231 0.258819073 -0.962240696 0.639086366 0.638708591 0.361423522
v 7.35744834e-08 0.258819073 -0.965925872 0.659560442 0.585691035 0.379575014
v -0.0841842741 0.258819073 -0.962240696 0.625789583 0.544495463 0.381701499
v -0.167730376 0.258819073 -0.951241672 0.560596287 0.502082586 0.364621341
v -0.249999821 0.258819073 -0.933012724 0.49579525 0.436591864 0.331897944
v -0.330361903 0.258819044 -0.907664657 0.4566333 0.338969857 0.291159749
v -0.40821448 0.258819044 -0.875417173 0.442090631 0.251394391 0.266297489
v -0.482962787 0.258819073 -0.836516321 0.44457987 0.228850618 0.285267144
v -0.554025829 0.258819044 -0.791232884 0.45945248 0.308171093 0.361810535
v -0.620879471 0.258819073 -0.739934385 0.493814826 0.453579187 0.45281437
v -0.683012545 0.258819073 -0.683012843 0.557711661 0.611145258 0.500950694
v -0.739934087 0.258819073 -0.620879769 0.65131551 0.732696891 0.469202965
v -0.791232526 0.258819073 -0.554026306 0.735310316 0.793091357 0.401798636
v -0.836516142 0.258819073 -0.482963204 0.760507464 0.77294302 0.363276631
v -0.875416994 0.258819044 -0.408214867 0.697867811 0.666534662 0.399409384
v -0.907664537 0.258819044 -0.33036229 0.598949134 0.522823811 0.48090747
v -0.933012605 0.258819073 -0.250000238 0.535458684 0.404435962 0.559715331
v -0.951241612 0.258819044 -0.167730838 0.557169318 0.357408494 0.599387467
v -0.962240696 0.258819073 -0.0841847286 0.626118302 0.361423522 0.60991776
v -0.965925872 0.258819073 -3.76719981e-07 0.682408273 0.379575014 0.612909913
v -0.962240756 0.258819073 0.0841839835 0.681303084 0.381701499 0.624926686
v -0.951241732 0.258819073 0.167730093 0.638708413 0.364621341 0.642368615
v -0.933012724 0.258819073 0.249999717 0.585690975 0.331897885 0.656595469
v -0.907664835 0.258819103 0.330361813 0.544495404 0.291159689 0.659082592
v -0.875417233 0.258819044 0.408214003 0.502082765 0.266297489 0.641770363
v -0.836516559 0.258819073 0.48296234 0.436591923 0.285267055 0.596714973
v -0.791233003 0.258819044 0.55402559 0.338969916 0.361810535 0.522898793
v -0.739934683 0.258819073 0.620879233 0.251394421 0.45281437 0.447010487
v -0.683013141 0.258819073 0.683012366 0.228850588 0.500950694 0.40266487
v -0.620880008 0.258819073 0.739933908 0.308171242 0.469202965 0.412936002
v -0.554026425 0.258819073 0.791232467 0.453579396 0.401798636 0.458734691
v -0.482963085 0.258819073 0.836516142 0.611145377 0.363276601 0.510430694
v -0.408214778 0.258819103 0.875416994 0.732697189 0.399409503 0.544482291
v -0.330362529 0.258819044 0.907664418 0.793091178 0.480907261 0.56170094
v -0.250000477 0.258819073 0.933012545 0.772943079 0.559715271 0.56898731
v -0.167730898 0.258819044 0.951241612 0.666534781 0.599387467 0.570622683
v -0.0841847882 0.258819073 0.962240696 0.52282393 0.60991776 0.560414433
v -4.48897481e-07 0.258819073 0.965925813 0.404436022 0.612909913 0.529551327
v 0.0841839015 0.258819073 0.962240756 0.357408434 0.624926686 0.475597143
v 0.167730018 0.258819073 0.951241732 0.361423552 0.642368615 0.4216142
v 0.249999627 0.258819073 0.933012724 0.379575044 0.656595469 0.397039652
v 0.330361724 0.258819103 0.907664895 0.381701529 0.659082592 0.423072517
v 0.408213973 0.258819044 0.875417352 0.36462149 0.641770363 0.48795855
v 0.48296231 0.258819073 0.836516559 0.331897944 0.596714973 0.57170701
v 0.554025531 0.258819044 0.791233122 0.291159779 0.522898793 0.655003548
v 0.620879233 0.258819073 0.739934742 0.266297519 0.447010487 0.721246123
v 0.683012307 0.258819073 0.683013141 0.285267085 0.40266487 0.754510224
v 0.739933908 0.258819044 0.620880127 0.361530244 0.414052516 0.746308446
v 0.791232407 0.258819044 0.554026604 0.450571209 0.467666984 0.717901111
v 0.836515963 0.258819044 0.482963353 0.493379861 0.540577292 0.697985768
v 0.875416875 0.258819044 0.408215135 0.452238947 0.610695362 0.706030667
v 0.907664299 0.258819044 0.330362916 0.374603361 0.659303844 0.724588156
v 0.933012486 0.258819044 0.250000805 0.32921955 0.66852957 0.726982594
v 0.951241612 0.258819044 0.167731002 0.363950372 0.628447175 0.6945104
v 0.962240696 0.258819073 0.0841845945 0.443119675 0.560928702 0.640359521
v 0.984797716 0.173647046 -1.89174898e-09 0.507105947 0.528373539 0.492806464
v 0.981040776 0.173647076 -0.0858291686 0.533084869 0.464349896 0.448138058
v 0.969826818 0.173647061 -0.171007529 0.536357403 0.41594857 0.399626344
v 0.951241553 0.173647031 -0.254884452 0.553026378 0.399205297 0.34030953
v 0.92539835 0.173647046 -0.336816549 0.607896328 0.425559014 0.271056563
v 0.892520785 0.173647076 -0.416190237 0.680579603 0.488063782 0.224058971
v 0.852859855 0.173647046 -0.492398947 0.739390314 0.575176775 0.239338964
v 0.806691706 0.173647076 -0.564850569 0.757968485 0.671513736 0.341899335
v 0.754390776 0.173647076 -0.633010209 0.731258214 0.746322632 0.496665448
v 0.696357191 0.173647061 -0.696357131 0.659530044 0.765010118 0.653543174
v 0.633010209 0.173647061 -0.754390836 0.550431192 0.707973719 0.768331945
v 0.564850569 0.173647076 -0.806691706 0.441118389 0.615577102 0.820405424
v 0.492398858 0.173647046 -0.852859974 0.376125187 0.543175042 0.79503113
v 0.416190237 0.173647076 -0.892520785 0.386713386 0.530510247 0.689296484
v 0.336816549 0.173647076 -0.92539835 0.451056033 0.554876447 0.547569215
v 0.254884511 0.173647046 -0.951241553 0.53405422 0.577955723 0.426037729
v 0.171007529 0.173647076 -0.969826758 0.605116189 0.570189595 0.366441131
v 0.0858291984 0.173647091 -0.981040835 0.651679277 0.537059486 0.352724612
v 7.49714673e-08 0.173647061 -0.984797657 0.665687561 0.492806464 0.354384363
v -0.0858290344 0.173647061 -0.981040716 0.642661154 0.448138028 0.346065283
v -0.171007439 0.173647061 -0.969826698 0.592423499 0.399626315 0.323006332
v -0.254884273 0.173647046 -0.951241732 0.528373599 0.34030959 0.285595059
v -0.3368164 0.173647076 -0.92539835 0.464349896 0.271056563 0.239686906
v -0.416190118 0.173647076 -0.892520845 0.41594854 0.224058971 0.213010088
v -0.492398828 0.173647046 -0.852859974 0.399205297 0.239338994 0.238760918
v -0.564850211 0.173647061 -0.806691825 0.425558984 0.341899186 0.333412766
v -0.633010089 0.173647091 -0.754391015 0.488063753 0.496665388 0.446549296
v -0.696356952 0.173647061 -0.69635731 0.575176775 0.653543174 0.511030853
v -0.754390657 0.173647061 -0.633010328 0.671513736 0.768331945 0.482766479
v -0.806691527 0.173647061 -0.564850688 0.746322691 0.820405483 0.409859121
v -0.852859735 0.173647046 -0.492399186 0.765010178 0.79503125 0.363460094
v -0.892520666 0.173647076 -0.416190505 0.707973719 0.689296484 0.39466995
v -0.92539829 0.173647076 -0.336816818 0.615577161 0.547569215 0.474388033
v -0.951241553 0.173647046 -0.25488469 0.543175042 0.426037669 0.553462684
v -0.969826698 0.173647061 -0.171007901 0.530510247 0.36644119 0.593583226
v -0.981040776 0.173647091 -0.0858295113 0.554876506 0.352724612 0.599803209
v -0.984797776 0.173647061 -3.80474376e-07 0.577955723 0.354384363 0.588016331
v -0.981040716 0.173647061 0.0858287364 0.570189595 0.346065283 0.571724653
v -0.969826758 0.173647061 0.171007171 0.537059367 0.323006332 0.554861724
v -0.951241732 0.173647046 0.254884154 0.492806375 0.28559497 0.538969219
v -0.925398529 0.173647076 0.336816341 0.448137969 0.239686802 0.524886489
v -0.892521083 0.173647076 0.416189641 0.399626434 0.213010103 0.510644913
v -0.852860153 0.173647061 0.492398381 0.34030965 0.238760784 0.493573427
v -0.806692064 0.173647061 0.564850032 0.271056622 0.333412766 0.472705156
v -0.754391253 0.173647091 0.633009851 0.224058986 0.446549296 0.453889847
v -0.696357608 0.173647061 0.696356714 0.239338934 0.511030853 0.444680631
v -0.633010566 0.173647061 0.754390419 0.341899365 0.482766479 0.449716359
v -0.564850807 0.173647061 0.806691468 0.496665597 0.409859121 0.461975515
v -0.492399067 0.173647046 0.852859795 0.653543413 0.363460064 0.471521676
v -0.416190386 0.173647076 0.892520666 0.768332064 0.394670099 0.471444398
v -0.336817086 0.173647076 0.92539829 0.820405424 0.474387884 0.466937423
v -0.254884928 0.173647061 0.951241493 0.795031309 0.553462505 0.46622026
v -0.171007976 0.173647061 0.969826579 0.689296544 0.593583226 0.474403918
v -0.0858295783 0.173647091 0.981040835 0.547569275 0.599803209 0.484164834
v -4.57279384e-07 0.173647061 0.984797776 0.426037699 0.588016331 0.485070646
v 0.0858286619 0.173647061 0.981040835 0.366441131 0.571724653 0.470879823
v 0.171007097 0.173647061 0.969826818 0.352724582 0.554861724 0.452113688
v 0.254884094 0.173647046 0.951241732 0.354384363 0.538969219 0.443483949
v 0.336816251 0.173647076 0.925398529 0.346065283 0.524886489 0.456953079
v 0.416189581 0.173647076 0.892521024 0.323006392 0.510644913 0.493485212
v 0.492398351 0.173647061 0.852860272 0.285595119 0.493573427 0.551295817
v 0.564849973 0.173647061 0.806692123 0.239686921 0.472705156 0.62552911
v 0.633009791 0.173647091 0.754391313 0.213010117 0.453889847 0.699048162
v 0.696356714 0.173647046 0.696357667 0.238760874 0.444680631 0.751644909
v 0.754390419 0.173647061 0.633010745 0.333200634 0.45143488 0.76865232
v 0.806691349 0.173647061 0.564850986 0.4448511 0.475723535 0.757565677
v 0.852859616 0.173647031 0.492399335 0.505298972 0.517921209 0.731420457
v 0.892520547 0.173647061 0.416190743 0.469826102 0.574647188 0.700870097
v 0.925398111 0.173647046 0.336817414 0.388494581 0.627498209 0.66704005
v 0.951241434 0.173647061 0.254885226 0.335059851 0.654316902 0.628673136
v 0.969826579 0.173647061 0.17100805 0.362071544 0.639292121 0.585216999
v 0.981040716 0.173647091 0.0858293623 0.437249511 0.592002451 0.538937867
v 0.996184945 0.0871538967 1.86264515e-09 0.535296679 0.54277724 0.43216905
v 0.992384493 0.0871538892 -0.0868216082 0.57011044 0.472344965 0.390905768
v 0.981040835 0.0871538892 -0.172984898 0.58014667 0.408912241 0.337070197
v 0.962240696 0.0871538967 -0.257831633 0.593763053 0.382019281 0.280757576
v 0.936098754 0.0871538892 -0.340711176 0.631229281 0.412470788 0.234575897
v 0.902840853 0.0871538967 -0.421002567 0.680462718 0.486130059 0.221183404
v 0.862721503 0.0871538892 -0.498092502 0.721292675 0.580124319 0.265751034
v 0.816019297 0.0871539041 -0.571381927 0.735800564 0.671773911 0.381717294
v 0.763113856 0.0871538967 -0.640329659 0.715077221 0.739169896 0.535591483
v 0.704409122 0.0871538967 -0.704409122 0.652465343 0.760595679 0.682150483
v 0.640329599 0.0871538892 -0.763113916 0.550049901 0.723312557 0.782755375
v 0.571381867 0.0871538967 -0.816019416 0.444883823 0.650492072 0.825104594
v 0.498092473 0.0871538967 -0.862721503 0.382762015 0.574282765 0.803480268
v 0.421002597 0.0871538892 -0.902840912 0.395493865 0.520367444 0.719383836
v 0.340711176 0.0871538892 -0.936098814 0.458946675 0.488562942 0.603193104
v 0.257831693 0.0871539041 -0.962240756 0.535002351 0.472220004 0.492505133
v 0.172984883 0.0871539041 -0.981040835 0.592171729 0.464048475 0.416356534
v 0.086821638 0.0871539041 -0.992384434 0.625480592 0.454196006 0.369544089
v 7.26431608e-08 0.0871538967 -0.996184886 0.636583805 0.43216905 0.338304311
v -0.0868214667 0.0871538892 -0.992384374 0.626750112 0.390905768 0.310375005
v -0.172984794 0.0871539041 -0.981040776 0.595702291 0.337070167 0.279498965
v -0.257831454 0.0871539041 -0.962240756 0.54277724 0.280757636 0.24092038
v -0.340711057 0.0871538892 -0.936098814 0.472344965 0.234575927 0.196555123
v -0.421002448 0.0871538892 -0.902840853 0.408912212 0.221183404 0.175007924
v -0.498092353 0.0871539041 -0.862721562 0.382019281 0.265751094 0.211555511
v -0.571381629 0.0871539116 -0.816019475 0.412470788 0.381717145 0.323145568
v -0.64032948 0.0871539041 -0.763114035 0.486130059 0.535591483 0.45341152
v -0.704408944 0.0871538967 -0.704409361 0.580124319 0.682150483 0.527656913
v -0.763113737 0.0871538892 -0.640329719 0.671773911 0.782755375 0.496538579
v -0.816019237 0.0871539041 -0.571382046 0.739169955 0.825104654 0.412124753
v -0.862721324 0.0871539041 -0.498092771 0.76059562 0.803480268 0.351836354
v -0.902840793 0.0871538892 -0.421002835 0.723312616 0.719383836 0.372064412
v -0.936098576 0.0871538892 -0.340711445 0.650492013 0.603193104 0.445082158
v -0.962240636 0.0871539041 -0.257831872 0.574282765 0.492505044 0.52213341
v -0.981040716 0.0871539116 -0.172985256 0.520367444 0.416356564 0.563938022
v -0.992384434 0.0871539041 -0.0868219733 0.488562942 0.369544089 0.569122434
v -0.996184886 0.0871538967 -3.87663022e-07 0.472220004 0.338304311 0.545789182
v -0.992384374 0.0871538892 0.0868211612 0.464048415 0.310375005 0.502783477
v -0.981040835 0.0871539041 0.172984496 0.454195946 0.279498965 0.451921791
v -0.962240756 0.0871538892 0.257831365 0.43216902 0.24092029 0.405762941
v -0.936098814 0.0871539041 0.340710908 0.390905738 0.196555048 0.375279933
v -0.902841032 0.0871538892 0.421002001 0.337070316 0.17500791 0.365101904
v -0.862721801 0.0871538892 0.498091936 0.280757636 0.211555347 0.378272057
v -0.816019654 0.0871539116 0.57138139 0.234575912 0.323145568 0.414022565
v -0.763114333 0.0871539041 0.640329242 0.221183404 0.45341152 0.456341237
v -0.704409599 0.0871538967 0.704408824 0.265751004 0.527656913 0.48540467
v -0.640330017 0.0871538892 0.763113558 0.381717324 0.496538579 0.486459851
v -0.571382165 0.0871539041 0.816019177 0.535591602 0.412124753 0.46503526
v -0.498092651 0.0871538892 0.862721264 0.682150662 0.351836324 0.431729198
v -0.421002775 0.0871539041 0.902840793 0.782755613 0.372064531 0.396823138
v -0.340711653 0.0871538892 0.936098516 0.825104654 0.445081979 0.369329423
v -0.25783214 0.0871538892 0.962240577 0.803480387 0.522133291 0.35794273
v -0.17298536 0.0871539116 0.981040716 0.719383955 0.563938022 0.368456274
v -0.0868220478 0.0871539041 0.992384493 0.603193223 0.569122434 0.395056129
v -4.60073352e-07 0.0871538967 0.996184886 0.492505133 0.545789182 0.429026246
v 0.0868210793 0.0871538892 0.992384493 0.416356474 0.502783477 0.462145805
v 0.172984436 0.0871539041 0.981040895 0.369543999 0.451921791 0.488174528
v 0.257831275 0.0871538892 0.962240875 0.338304251 0.405762941 0.50136739
v 0.340710819 0.0871539041 0.936098874 0.310374975 0.375279933 0.500521839
v 0.421001941 0.0871538892 0.902841032 0.279499114 0.365101904 0.502606511
v 0.498091877 0.0871538892 0.86272186 0.24092041 0.378272057 0.529133081
v 0.57138133 0.0871539116 0.816019714 0.196555123 0.414022565 0.593353212
v 0.640329242 0.0871539041 0.763114393 0.175007924 0.456341237 0.675481319
v 0.704408646 0.0871538967 0.704409659 0.211555481 0.48540467 0.747471571
v 0.763113379 0.0871538892 0.640330195 0.323185295 0.488599807 0.785928786
v 0.816019058 0.0871538967 0.571382344 0.45372802 0.482154787 0.786058962
v 0.862721145 0.0871538892 0.498092979 0.528724968 0.489507675 0.747718334
v 0.902840674 0.0871538892 0.421003133 0.499071181 0.5261181 0.675115943
v 0.936098397 0.0871538892 0.3407121 0.417077154 0.575531125 0.589874804
v 0.962240517 0.0871538892 0.257832468 0.360405684 0.613313496 0.517969728
v 0.981040716 0.0871539116 0.172985405 0.385103434 0.619855285 0.477604002
v 0.992384493 0.0871539041 0.0868218094 0.460747391 0.594840527 0.455890447
v 1 -4.65661287e-09 0 0.559715331 0.529551268 0.424931228
v 0.996184826 -2.21189111e-09 -0.0871541053 0.599387467 0.475597203 0.394242048
v 0.984797776 -2.79396772e-09 -0.173647374 0.60991776 0.421614259 0.34272033
v 0.965925872 -3.25962901e-09 -0.258819044 0.612909853 0.397039682 0.289779037
v 0.939683557 -5.93718141e-09 -0.342015922 0.624926627 0.423072368 0.254636467
v 0.906298459 -5.12227416e-09 -0.422614843 0.642368555 0.487958759 0.255733609
v 0.866025388 -2.32830644e-09 -0.50000006 0.656595349 0.571707129 0.311316788
v 0.819144368 -4.07453626e-10 -0.573570013 0.659082472 0.655003667 0.429020166
v 0.766036391 -4.65661287e-09 -0.642781973 0.641770363 0.721246183 0.574029148
v 0.707106829 -5.12227416e-09 -0.707106769 0.596714854 0.754510224 0.700916946
v 0.642781913 -6.98491931e-10 -0.766036451 0.522898734 0.743557513 0.773394108
v 0.573570073 -3.95812094e-09 -0.819144428 0.447010428 0.695894182 0.791720152
v 0.5 -4.65661287e-10 -0.866025567 0.40266487 0.623712242 0.765291989
v 0.422614872 -2.0081643e-09 -0.906298518 0.412935972 0.540549755 0.704555273
v 0.342015952 -3.25962901e-09 -0.939683616 0.458734572 0.465328753 0.624151051
v 0.258819103 -6.05359674e-09 -0.965925753 0.510430634 0.418317437 0.539769471
v 0.173647329 -4.13274392e-09 -0.984797776 0.544482112 0.411476791 0.464259237
v 0.0871541426 -6.75208867e-09 -0.996184886 0.561701 0.423539519 0.399107128
v 7.35744834e-08 -5.12227416e-09 -0.999999881 0.56898725 0.424931228 0.342958212
v -0.0871539786 -6.98491931e-10 -0.996184826 0.570622623 0.394242018 0.294101655
v -0.173647285 -3.7252903e-09 -0.984797776 0.560414314 0.3427203 0.249399811
v -0.258818865 9.85539391e-23 -0.965925813 0.529551327 0.289779067 0.205358565
v -0.342015803 -2.0081643e-09 -0.939683735 0.475597203 0.254636496 0.164270684
v -0.422614723 -3.25962901e-09 -0.906298518 0.42161423 0.255733609 0.151578248
v -0.499999911 -2.79396772e-09 -0.866025448 0.397039652 0.311316818 0.198510394
v -0.573569834 -3.25962901e-09 -0.819144666 0.423072278 0.429020017 0.318558514
v -0.642781794 -6.75208867e-09 -0.76603651 0.487958699 0.574029148 0.454265237
v -0.70710659 -5.12227416e-09 -0.707106948 0.571707189 0.700916946 0.530434966
v -0.766036153 -6.98491931e-10 -0.642782032 0.655003667 0.773394108 0.497291535
v -0.819144368 -3.7252903e-09 -0.573570132 0.721246123 0.791720092 0.406735808
v -0.866025269 9.85539391e-23 -0.500000238 0.754510164 0.765291989 0.336087883
v -0.90629828 -2.0081643e-09 -0.422615111 0.743557513 0.704555273 0.342765719
v -0.939683497 -3.25962901e-09 -0.34201622 0.695894182 0.624151051 0.404581547
v -0.965925753 -2.79396772e-09 -0.258819312 0.623712242 0.539769351 0.479445785
v -0.984797657 -3.25962901e-09 -0.173647746 0.540549755 0.464259326 0.531334996
v -0.996184886 -6.75208867e-09 -0.0871544629 0.465328842 0.399107128 0.548491597
v -0.999999881 -5.12227416e-09 -3.87895852e-07 0.418317378 0.342958212 0.525223851
v -0.996184886 -6.98491931e-10 0.0871536732 0.411476791 0.294101655 0.461369306
v -0.984797776 -3.7252903e-09 0.173646986 0.42353949 0.249399811 0.378881723
v -0.965925813 -4.19095159e-09 0.258818746 0.424931169 0.205358461 0.305243969
v -0.939683795 -3.7252903e-09 0.342015713 0.394241989 0.164270625 0.263578266
v -0.906298697 -3.7252903e-09 0.422614306 0.342720449 0.151578233 0.259565383
v -0.866025686 -5.58793545e-09 0.499999493 0.289779097 0.198510215 0.294525921
v -0.819144785 -3.25962901e-09 0.573569596 0.254636526 0.318558514 0.364110589
v -0.766036749 -6.75208867e-09 0.642781496 0.255733639 0.454265237 0.441291094
v -0.707107127 -5.12227416e-09 0.707106411 0.311316818 0.530434966 0.493369132
v -0.642782211 -6.98491931e-10 0.766036034 0.429020226 0.497291535 0.496278584
v -0.573570251 -3.7252903e-09 0.819144249 0.574029267 0.406735808 0.460482061
v -0.500000179 -4.19095159e-09 0.866025269 0.700917184 0.336087793 0.405074328
v -0.422615021 -3.7252903e-09 0.906298518 0.773394227 0.342765778 0.347974658
v -0.342016488 -3.7252903e-09 0.939683378 0.791720152 0.404581368 0.302401751
v -0.25881955 -5.58793545e-09 0.965925634 0.765292048 0.479445636 0.280398399
v -0.173647821 -3.25962901e-09 0.984797716 0.704555273 0.531334996 0.290700614
v -0.0871545151 -6.75208867e-09 0.996184945 0.62415117 0.548491597 0.328814387
v -4.65195626e-07 -5.12227416e-09 1 0.539769471 0.525223851 0.386938006
v 0.0871535912 -6.98491931e-10 0.996184945 0.464259267 0.461369306 0.45514217
v 0.173646882 -3.7252903e-09 0.984797776 0.399106979 0.378881723 0.514987111
v 0.258818656 -4.19095159e-09 0.965925813 0.342958152 0.305243969 0.545904696
v 0.342015624 -3.7252903e-09 0.939683855 0.294101655 0.263578266 0.536892653
v 0.422614217 -3.7252903e-09 0.906298697 0.24939993 0.259565383 0.515209556
v 0.499999434 -5.58793545e-09 0.866025686 0.205358595 0.294525921 0.517678797
v 0.573569417 -3.23052518e-09 0.819144905 0.164270729 0.364110589 0.569897175
v 0.642781436 -6.51925802e-09 0.766036808 0.151578248 0.441291094 0.652552843
v 0.707106352 -4.65661287e-09 0.707107365 0.198510349 0.493369132 0.735106528
v 0.766035855 1.16415322e-09 0.64278239 0.318761736 0.498417825 0.790146828
v 0.81914413 -1.86264515e-09 0.573570549 0.45589 0.477596015 0.802773356
v 0.86602509 -2.32830644e-09 0.500000477 0.535918117 0.462833941 0.761213064
v 0.90629828 -3.7252903e-09 0.422615409 0.510172784 0.477595508 0.663358331
v 0.939683318 -1.86264515e-09 0.342016876 0.431194276 0.511480629 0.545762539
v 0.965925634 -1.86264515e-09 0.258819878 0.376824975 0.545623899 0.454642564
v 0.984797716 -3.23052518e-09 0.173647881 0.403423667 0.56370014 0.422239751
v 0.996184945 -6.51925802e-09 0.0871542916 0.481409162 0.559549093 0.424884856
v 0.996184886 -0.0871539041 0 0.553462625 0.485070646 0.47910428
v 0.992384434 -0.0871538967 -0.0868216008 0.593583226 0.470879853 0.465275615
v 0.981040776 -0.0871538818 -0.172984883 0.59980309 0.452113658 0.428275585
v 0.962240756 -0.0871538967 -0.257831633 0.588016331 0.443483919 0.38213563
v 0.936098576 -0.0871538818 -0.340711087 0.571724534 0.456952989 0.342588186
v 0.902840853 -0.0871538818 -0.421002507 0.554861724 0.493485272 0.332171381
v 0.862721384 -0.0871539041 -0.498092413 0.538969219 0.551295877 0.375124514
v 0.816019237 -0.0871538892 -0.571381807 0.524886489 0.62552917 0.482562035
v 0.763113856 -0.0871538967 -0.640329659 0.510644794 0.699048162 0.613098741
v 0.704409182 -0.0871539041 -0.704409182 0.493573368 0.75164485 0.712224305
v 0.64032954 -0.0871538967 -0.763113797 0.472705066 0.766941428 0.739666641
v 0.571381867 -0.0871538892 -0.816019297 0.453889787 0.743878305 0.712105751
v 0.498092413 -0.0871539041 -0.862721443 0.444680691 0.685225606 0.660459936
v 0.421002537 -0.0871538967 -0.902840912 0.449716359 0.59850359 0.610101342
v 0.340711117 -0.0871538892 -0.936098576 0.461975515 0.510234356 0.564220726
v 0.257831663 -0.0871538967 -0.962240756 0.471521676 0.451690048 0.520462513
v 0.172984853 -0.0871538892 -0.981040716 0.471444368 0.443475276 0.476259857
v 0.0868216306 -0.0871538967 -0.992384493 0.466937423 0.463524491 0.428199589
v 7.11734174e-08 -0.0871539041 -0.996184766 0.46622026 0.47910428 0.372656614
v -0.0868214816 -0.0871538967 -0.992384434 0.474403888 0.465275615 0.308180898
v -0.172984794 -0.0871538818 -0.981040716 0.484164745 0.428275585 0.242022589
v -0.257831424 -0.0871539041 -0.962240756 0.485070646 0.382135689 0.183606654
v -0.340710998 -0.0871538967 -0.936098635 0.470879853 0.342588216 0.144066408
v -0.421002388 -0.0871538892 -0.902840853 0.452113658 0.332171381 0.141370133
v -0.498092353 -0.0871539041 -0.862721443 0.443483949 0.375124574 0.195194647
v -0.571381629 -0.0871538892 -0.816019416 0.456952959 0.482561916 0.310959727
v -0.64032954 -0.0871538967 -0.763114035 0.493485272 0.613098621 0.437059224
v -0.704408944 -0.0871539041 -0.704409301 0.551295877 0.712224305 0.507629514
v -0.763113558 -0.0871538967 -0.640329719 0.62552923 0.739666641 0.478954554
v -0.816019118 -0.0871538818 -0.571381986 0.699048221 0.712105691 0.395907253
v -0.862721145 -0.0871539041 -0.498092681 0.751644909 0.660459936 0.325508088
v -0.902840793 -0.0871538967 -0.421002805 0.766941488 0.610101342 0.319183916
v -0.936098456 -0.0871538892 -0.340711415 0.743878365 0.564220726 0.365991533
v -0.962240756 -0.0871539041 -0.257831901 0.685225606 0.520462453 0.439394444
v -0.981040597 -0.0871538892 -0.172985256 0.59850359 0.476259917 0.512782335
v -0.992384434 -0.0871538967 -0.0868219584 0.510234416 0.428199589 0.559251845
v -0.996184766 -0.0871539041 -3.87663022e-07 0.451690078 0.372656614 0.551825523
v -0.992384434 -0.0871538967 0.0868211687 0.443475276 0.308180898 0.475946337
v -0.981040716 -0.0871538818 0.172984511 0.463524461 0.242022589 0.36673972
v -0.962240756 -0.0871539041 0.257831335 0.47910431 0.183606535 0.271751642
v -0.936098695 -0.0871539041 0.340710878 0.465275586 0.144066364 0.228421494
v -0.902841032 -0.0871538967 0.421001941 0.428275675 0.141370103 0.233763546
v -0.862721622 -0.0871539041 0.498091936 0.382135689 0.195194453 0.274686038
v -0.816019535 -0.0871538892 0.57138133 0.342588246 0.310959727 0.336909115
v -0.763114274 -0.0871538967 0.640329242 0.332171351 0.437059224 0.401400834
v -0.70440954 -0.0871539041 0.704408765 0.375124514 0.507629514 0.447941273
v -0.640329957 -0.0871538967 0.763113439 0.482562035 0.478954554 0.460842043
v -0.571382105 -0.0871538818 0.816019058 0.613098741 0.395907253 0.442541063
v -0.498092592 -0.0871539041 0.862721264 0.712224424 0.325507969 0.400007427
v -0.421002656 -0.0871539041 0.902840734 0.7396667 0.319184005 0.342508882
v -0.340711623 -0.0871538967 0.936098397 0.712105811 0.365991414 0.288506567
v -0.25783214 -0.0871539041 0.962240577 0.660459936 0.439394265 0.258759499
v -0.172985315 -0.0871538892 0.981040597 0.610101402 0.512782335 0.268718183
v -0.0868220255 -0.0871538967 0.992384434 0.564220726 0.559251845 0.312596977
v -4.62590833e-07 -0.0871539041 0.996184826 0.520462513 0.551825523 0.379300922
v 0.0868210867 -0.0871538967 0.992384493 0.476259828 0.475946337 0.456040949
v 0.172984421 -0.0871538818 0.981040776 0.4281995 0.36673972 0.523251057
v 0.257831246 -0.0871539041 0.962240756 0.372656494 0.271751642 0.559671342
v 0.340710789 -0.0871539041 0.936098695 0.308180839 0.228421494 0.55339396
v 0.421001881 -0.0871538967 0.902841091 0.242022783 0.233763546 0.529921234
v 0.498091787 -0.0871539041 0.862721741 0.183606684 0.274686038 0.524107814
v 0.571381271 -0.0871538892 0.816019654 0.144066438 0.336909115 0.561440229
v 0.640329182 -0.0871538967 0.763114333 0.141370133 0.401400834 0.629932225
v 0.704408705 -0.0871539041 0.704409659 0.195194602 0.447941273 0.708229005
v 0.763113379 -0.0871538892 0.640330076 0.311027557 0.462428302 0.774745405
v 0.816018939 -0.0871538818 0.571382344 0.437600821 0.455230922 0.806973159
v 0.862721145 -0.0871538967 0.49809289 0.509457052 0.442835659 0.782173336
v 0.902840555 -0.0871538892 0.421003044 0.484181285 0.438622773 0.690250158
v 0.936098337 -0.0871538892 0.340712041 0.411527991 0.443546414 0.571680903
v 0.962240517 -0.0871539041 0.257832438 0.364292741 0.455454737 0.479584873
v 0.981040597 -0.0871538892 0.172985405 0.394916594 0.471214116 0.451740414
v 0.992384493 -0.0871538967 0.0868217871 0.474418819 0.48376599 0.464557648
v 0.984797716 -0.173647165 -1.86264515e-09 0.522133231 0.429026097 0.550133705
v 0.981040716 -0.173647135 -0.0858291835 0.563937902 0.462145746 0.553876042
v 0.969826877 -0.173647121 -0.171007529 0.569122314 0.488174528 0.539004505
v 0.951241612 -0.17364715 -0.254884422 0.545789063 0.50136739 0.504262865
v 0.925398231 -0.173647106 -0.336816519 0.502783418 0.500521779 0.454744428
v 0.892520785 -0.173647135 -0.416190177 0.451921642 0.502606511 0.42094174
v 0.852859855 -0.17364718 -0.492398918 0.405762762 0.529133022 0.439696223
v 0.806691527 -0.173647135 -0.564850569 0.375279665 0.593353212 0.530533552
v 0.754390955 -0.173647135 -0.633010268 0.365101665 0.6754812 0.643713951
v 0.696357131 -0.17364718 -0.696357191 0.378271908 0.747471511 0.712181389
v 0.633010149 -0.17364715 -0.754390955 0.414022475 0.785935938 0.688961506
v 0.564850509 -0.173647135 -0.806691587 0.456341147 0.7861166 0.607405543
v 0.492398858 -0.17364718 -0.852859974 0.48540464 0.747912705 0.520945966
v 0.416190177 -0.173647135 -0.892520666 0.486459851 0.676227093 0.471442968
v 0.336816579 -0.173647135 -0.925398409 0.46503523 0.595976293 0.454468042
v 0.254884481 -0.17364718 -0.951241553 0.431729168 0.537080407 0.454020292
v 0.171007499 -0.173647135 -0.969826758 0.396823049 0.520659983 0.45449239
v 0.0858292058 -0.173647165 -0.981040657 0.369329244 0.532637 0.441851288
v 7.20610842e-08 -0.17364718 -0.984797716 0.357942522 0.550133705 0.402457476
v -0.0858290493 -0.17364715 -0.981040597 0.368456125 0.553876102 0.329406559
v -0.171007454 -0.173647165 -0.969826758 0.395056009 0.539004505 0.242734104
v -0.254884243 -0.173647165 -0.951241612 0.429026127 0.504262865 0.169210851
v -0.33681643 -0.173647135 -0.925398409 0.462145746 0.454744488 0.132080168
v -0.416190058 -0.173647135 -0.892520785 0.488174528 0.42094174 0.140478507
v -0.492398769 -0.173647165 -0.852859974 0.50136739 0.439696223 0.200015247
v -0.56485033 -0.17364715 -0.806691766 0.500521779 0.530533433 0.306691498
v -0.63301003 -0.173647165 -0.754391074 0.502606511 0.643713892 0.418077976
v -0.696357071 -0.17364718 -0.696357369 0.529132962 0.712181389 0.482136369
v -0.754390717 -0.17364715 -0.633010387 0.593353271 0.688961506 0.464083314
v -0.806691527 -0.173647165 -0.564850688 0.67548126 0.607405424 0.398152977
v -0.852859676 -0.173647165 -0.492399156 0.747471511 0.520945966 0.335834116
v -0.892520547 -0.173647135 -0.416190445 0.785935998 0.471442968 0.318675965
v -0.925398171 -0.173647135 -0.336816818 0.7861166 0.454468042 0.348472506
v -0.951241493 -0.173647165 -0.25488469 0.747912765 0.454020292 0.417078793
v -0.969826698 -0.17364715 -0.171007901 0.676227152 0.45449236 0.50978756
v -0.981040657 -0.173647165 -0.0858295113 0.595976353 0.441851288 0.585645676
v -0.984797716 -0.17364718 -3.81842256e-07 0.537080407 0.402457476 0.597137272
v -0.981040657 -0.17364715 0.0858287513 0.520659983 0.329406559 0.515771031
v -0.969826758 -0.173647165 0.171007186 0.53263694 0.242734104 0.389152199
v -0.951241732 -0.173647165 0.254884154 0.550133705 0.169210717 0.283910036
v -0.925398469 -0.173647165 0.336816341 0.553876162 0.132080153 0.249744594
v -0.892520964 -0.173647165 0.416189641 0.539004564 0.140478432 0.268638462
v -0.852860153 -0.173647165 0.492398381 0.504262924 0.200015038 0.305645585
v -0.806692004 -0.17364715 0.564850032 0.454744577 0.306691498 0.333076745
v -0.754391372 -0.173647165 0.633009791 0.42094174 0.418077976 0.352272242
v -0.696357608 -0.17364718 0.696356833 0.439696223 0.482136369 0.371829361
v -0.633010626 -0.17364715 0.754390538 0.530533612 0.464083314 0.396051228
v -0.564850807 -0.173647165 0.806691408 0.643714011 0.398152977 0.412063032
v -0.492399067 -0.173647165 0.852859735 0.712181449 0.335834026 0.402695477
v -0.416190356 -0.173647165 0.892520666 0.688961565 0.318675995 0.359049022
v -0.336817056 -0.173647165 0.925398171 0.607405782 0.348472476 0.305304021
v -0.254884899 -0.173647165 0.951241493 0.520946026 0.417078614 0.273909658
v -0.171007991 -0.17364715 0.969826698 0.471443027 0.50978756 0.288730085
v -0.0858295783 -0.173647165 0.981040716 0.454468101 0.585645676 0.339285195
v -4.59724106e-07 -0.17364718 0.984797835 0.454020321 0.597137272 0.406508833
v 0.0858286619 -0.17364715 0.981040716 0.45449236 0.515771031 0.472711056
v 0.171007067 -0.173647165 0.969826877 0.441851258 0.389152199 0.525706708
v 0.254884034 -0.173647165 0.951241732 0.402457416 0.283910036 0.554686606
v 0.336816221 -0.173647165 0.925398529 0.32940647 0.249744594 0.554212391
v 0.416189551 -0.173647165 0.892521024 0.242734388 0.268638462 0.540329039
v 0.492398322 -0.173647165 0.852860272 0.169210881 0.305645585 0.534452319
v 0.564849973 -0.17364715 0.806692064 0.132080197 0.333076745 0.553691983
v 0.633009672 -0.173647165 0.754391432 0.140478507 0.352272242 0.597936511
v 0.696356714 -0.173647165 0.696357727 0.200015172 0.371829361 0.662768722
v 0.754390478 -0.17364715 0.633010685 0.306360394 0.396847725 0.738881886
v 0.806691289 -0.173647135 0.564850986 0.415427804 0.418434948 0.797412097
v 0.852859616 -0.17364715 0.492399365 0.473191857 0.424200684 0.804606736
v 0.892520547 -0.17364715 0.416190743 0.445553064 0.406967551 0.740695298
v 0.925398052 -0.173647165 0.336817443 0.378116399 0.380411297 0.641839027
v 0.951241434 -0.173647165 0.254885256 0.336411923 0.363420099 0.558180392
v 0.969826639 -0.17364715 0.17100805 0.367494076 0.37007907 0.526911855
v 0.981040716 -0.173647165 0.0858293772 0.444510758 0.395258844 0.533418417
v 0.965925932 -0.258819014 -4.65661287e-10 0.479445755 0.386938006 0.580323219
v 0.962240815 -0.258818984 -0.0841844082 0.531334996 0.45514217 0.595598161
v 0.951241732 -0.258818984 -0.16773048 0.548491538 0.514986932 0.603567779
v 0.933012664 -0.258818984 -0.25 0.525223732 0.545904636 0.585514307
v 0.907664657 -0.258818954 -0.330362052 0.461369306 0.536892653 0.533659756
v 0.875417054 -0.258818954 -0.408214599 0.378881842 0.515209496 0.483985394
v 0.836516321 -0.258818984 -0.482962966 0.305244088 0.517678916 0.483412296
v 0.791232705 -0.258818984 -0.554026186 0.263578326 0.569897294 0.558484137
v 0.739934146 -0.258818984 -0.620879591 0.259565473 0.652552903 0.654236853
v 0.683012664 -0.258819014 -0.683012724 0.294526041 0.735106587 0.695329547
v 0.620879531 -0.258818984 -0.739934325 0.364110738 0.791572154 0.630660117
v 0.554026186 -0.258818984 -0.791232765 0.441291124 0.814175546 0.506086051
v 0.482962847 -0.258818984 -0.83651638 0.493369132 0.799695492 0.391703993
v 0.408214629 -0.258818984 -0.875417173 0.496278614 0.749355614 0.341533065
v 0.330362022 -0.258818984 -0.907664657 0.460482121 0.682159603 0.345281452
v 0.25000006 -0.258818984 -0.933012724 0.405074447 0.621555984 0.376579821
v 0.167730421 -0.258818984 -0.951241672 0.347974718 0.586050093 0.410096824
v 0.084184438 -0.258819014 -0.962240815 0.302401721 0.574375808 0.424652755
v 7.03148544e-08 -0.258819014 -0.965925813 0.280398399 0.580323219 0.400105983
v -0.084184289 -0.258818984 -0.962240756 0.290700704 0.595598221 0.326036751
v -0.167730406 -0.258818954 -0.951241612 0.328814447 0.603567779 0.230914235
v -0.249999836 -0.258818984 -0.933012664 0.386937976 0.585514367 0.152929559
v -0.330361903 -0.258818984 -0.907664657 0.45514217 0.533659816 0.123176217
v -0.40821448 -0.258818984 -0.875417173 0.514986932 0.483985394 0.144359782
v -0.482962817 -0.258818984 -0.83651638 0.545904636 0.483412266 0.212088481
v -0.554025948 -0.258818954 -0.791232884 0.536892653 0.558483958 0.315854728
v -0.620879412 -0.258819014 -0.739934385 0.515209615 0.654236853 0.420689881
v -0.683012605 -0.258819014 -0.683012843 0.517678857 0.695329547 0.485509008
v -0.739934087 -0.258818984 -0.62087965 0.569897294 0.630660117 0.482390016
v -0.791232646 -0.258818954 -0.554026246 0.652552843 0.506085932 0.436061293
v -0.836516082 -0.258818984 -0.482963175 0.735106587 0.391704053 0.384413898
v -0.875416934 -0.258818984 -0.408214897 0.791572154 0.341533065 0.359835029
v -0.907664537 -0.258818984 -0.33036229 0.814175487 0.345281452 0.372698605
v -0.933012545 -0.258818984 -0.250000238 0.799695432 0.376579911 0.427874833
v -0.951241612 -0.258818954 -0.167730808 0.749355674 0.410096765 0.519983053
v -0.962240756 -0.258819014 -0.0841847286 0.682159603 0.424652755 0.602640033
v -0.965925753 -0.258819014 -3.77185643e-07 0.621555924 0.400105983 0.619211376
v -0.962240875 -0.258818984 0.0841839835 0.586050153 0.326036751 0.535297573
v -0.951241672 -0.258818954 0.167730108 0.574375808 0.230914235 0.405439854
v -0.933012784 -0.258818984 0.249999717 0.580323279 0.15292944 0.306414396
v -0.907664776 -0.258819014 0.330361843 0.595598221 0.12317621 0.292806089
v -0.875417411 -0.258818984 0.408214003 0.603567839 0.144359693 0.330435544
v -0.836516559 -0.258818984 0.48296237 0.585514426 0.212088287 0.36293301
v -0.791233063 -0.258818954 0.55402565 0.533659875 0.315854728 0.349951982
v -0.739934742 -0.258819014 0.620879173 0.483985454 0.420689881 0.315242082
v -0.683013141 -0.258819014 0.683012307 0.483412266 0.485509008 0.298576683
v -0.620880008 -0.258818984 0.739933968 0.558484197 0.482390016 0.326364577
v -0.554026425 -0.258818954 0.791232467 0.654236913 0.436061293 0.371555448
v -0.482963115 -0.258818984 0.836516201 0.695329487 0.384413838 0.393734336
v -0.408214778 -0.258819014 0.875417113 0.630659938 0.359835058 0.366471708
v -0.330362529 -0.258818984 0.907664418 0.50608629 0.372698516 0.319280952
v -0.250000477 -0.258818984 0.933012545 0.391704112 0.427874684 0.295660347
v -0.167730898 -0.258818954 0.951241553 0.341533035 0.519983053 0.326617062
v -0.0841848031 -0.258819014 0.962240815 0.345281482 0.602640033 0.39319098
v -4.49828804e-07 -0.258819014 0.965925872 0.376579851 0.619211376 0.46393016
v 0.0841839015 -0.258818984 0.962240875 0.410096824 0.535297573 0.513445914
v 0.167730004 -0.258818954 0.951241612 0.424652696 0.405439854 0.540603161
v 0.249999613 -0.258818984 0.933012784 0.400105864 0.306414396 0.550329983
v 0.330361694 -0.258819014 0.907664776 0.326036662 0.292806089 0.547749102
v 0.408213973 -0.258818984 0.875417471 0.230914518 0.330435544 0.538760483
v 0.482962281 -0.258818984 0.836516619 0.152929604 0.36293301 0.529458821
v 0.554025531 -0.258818954 0.791233122 0.123176217 0.349951982 0.527219713
v 0.620879173 -0.258819014 0.739934742 0.144359782 0.315242082 0.544544995
v 0.683012307 -0.258819014 0.683013201 0.212088436 0.298576683 0.595217466
v 0.739933848 -0.258818984 0.620880067 0.314957917 0.32656166 0.683142662
v 0.791232467 -0.258818954 0.554026544 0.413514227 0.373131871 0.772715986
v 0.836516023 -0.258818954 0.482963353 0.461290866 0.399054706 0.818455696
v 0.875416994 -0.258818984 0.408215165 0.429595858 0.377453804 0.789660275
v 0.907664359 -0.258818984 0.330362916 0.360836238 0.330878973 0.714752614
v 0.933012486 -0.258818984 0.250000805 0.315192282 0.294236004 0.636935472
v 0.951241493 -0.258818954 0.167730972 0.336574405 0.294800699 0.590607047
v 0.962240815 -0.258819014 0.0841845945 0.40380767 0.329326898 0.57494539
v 0.939683676 -0.342016429 1.45519152e-11 0.439394414 0.379300922 0.532912374
v 0.936098874 -0.342016429 -0.081897296 0.512782454 0.456040889 0.549345136
v 0.925398588 -0.342016399 -0.163173601 0.559251845 0.523251116 0.574983537
v 0.907664776 -0.342016399 -0.243208021 0.551825464 0.559671342 0.577984095
v 0.883005321 -0.342016429 -0.321386814 0.475946367 0.5533939 0.539800823
v 0.851633906 -0.342016429 -0.39712432 0.366739839 0.529921293 0.495076954
v 0.813790083 -0.342016429 -0.469841897 0.271751732 0.524107873 0.491753191
v 0.769736648 -0.342016459 -0.538974464 0.228421524 0.561440289 0.557439029
v 0.719831824 -0.342016429 -0.604011655 0.23376362 0.629932225 0.638419151
v 0.664456785 -0.342016429 -0.664456725 0.274686098 0.708229184 0.660646856
v 0.604011595 -0.342016429 -0.719831884 0.336909205 0.77654928 0.575063765
v 0.538974464 -0.342016429 -0.769736648 0.401400834 0.821403742 0.432566136
v 0.469841808 -0.342016459 -0.813789964 0.447941333 0.830876708 0.309037924
v 0.39712432 -0.342016488 -0.851633787 0.460842073 0.798087239 0.262061089
v 0.321386814 -0.342016429 -0.883005321 0.442541152 0.736297011 0.276008487
v 0.243208081 -0.342016429 -0.907664716 0.400007546 0.663802683 0.316950589
v 0.163173571 -0.342016459 -0.925398529 0.342508972 0.597710252 0.354047656
v 0.0818973258 -0.342016459 -0.936098874 0.288506508 0.550362825 0.368819028
v 7.11006578e-08 -0.342016429 -0.939683735 0.258759469 0.532912374 0.345873922
v -0.0818971768 -0.342016429 -0.936098814 0.268718213 0.549345076 0.278461367
v -0.163173512 -0.342016459 -0.925398469 0.312597036 0.574983478 0.194391131
v -0.243207872 -0.342016459 -0.907664835 0.379300863 0.577984154 0.130112737
v -0.321386725 -0.342016488 -0.883005381 0.456040889 0.539800823 0.115036637
v -0.397124201 -0.342016429 -0.851633847 0.523251057 0.495076954 0.150417864
v -0.469841778 -0.342016459 -0.813790023 0.559671342 0.49175328 0.230472475
v -0.538974226 -0.342016399 -0.769736826 0.55339396 0.55743891 0.344041497
v -0.604011476 -0.342016459 -0.719832063 0.529921293 0.638419151 0.458468586
v -0.664456606 -0.342016429 -0.664456904 0.524107873 0.660646856 0.53572166
v -0.719831765 -0.342016429 -0.604011774 0.561440289 0.575063765 0.549357831
v -0.769736469 -0.342016459 -0.538974524 0.629932344 0.432565957 0.519287765
v -0.813789845 -0.342016459 -0.469842136 0.708229125 0.309038043 0.477010697
v -0.851633668 -0.342016488 -0.397124529 0.776549339 0.262061089 0.449848026
v -0.883005261 -0.342016429 -0.321387112 0.821403742 0.276008487 0.448411316
v -0.907664657 -0.342016459 -0.243208274 0.830876589 0.316950649 0.479134649
v -0.925398409 -0.342016399 -0.163173944 0.798087239 0.354047626 0.539529622
v -0.936098874 -0.342016459 -0.0818976164 0.736297071 0.368819028 0.59142077
v -0.939683735 -0.342016429 -3.63987056e-07 0.663802624 0.345873922 0.587709606
v -0.936098814 -0.342016429 0.0818968862 0.597710192 0.278461367 0.501262426
v -0.925398529 -0.342016459 0.163173229 0.550362766 0.194391131 0.384803355
v -0.907664835 -0.342016459 0.243207783 0.532912314 0.130112663 0.311020523
v -0.883005559 -0.342016488 0.321386635 0.549345195 0.115036651 0.328644067
v -0.851634145 -0.342016429 0.397123754 0.574983418 0.150417745 0.390571475
v -0.813790262 -0.342016459 0.469841331 0.577984154 0.230472267 0.425743282
v -0.769736946 -0.342016399 0.538973987 0.539800823 0.344041497 0.385244071
v -0.719832242 -0.342016459 0.604011238 0.495076984 0.458468586 0.308739781
v -0.664457202 -0.342016429 0.664456367 0.491753191 0.53572166 0.258041322
v -0.604011953 -0.342016429 0.719831586 0.55743897 0.549357831 0.275886118
v -0.538974702 -0.342016459 0.769736469 0.638419151 0.519287765 0.328716159
v -0.469842076 -0.342016459 0.813789845 0.660646737 0.477010667 0.363899797
v -0.397124469 -0.342016488 0.851633728 0.575063586 0.449848026 0.346053302
v -0.321387321 -0.342016429 0.883005261 0.432566375 0.448411316 0.308784753
v -0.243208528 -0.342016459 0.907664657 0.309038073 0.47913453 0.302949399
v -0.163174018 -0.342016399 0.925398409 0.262061059 0.539529622 0.363117248
v -0.0818976834 -0.342016459 0.936098874 0.276008487 0.59142077 0.45871371
v -4.3604814e-07 -0.342016429 0.939683795 0.316950589 0.587709606 0.542877793
v 0.0818968043 -0.342016429 0.936098874 0.354047656 0.501262426 0.579966486
v 0.163173124 -0.342016459 0.925398588 0.368819028 0.384803355 0.579207301
v 0.243207678 -0.342016459 0.907664835 0.345873833 0.311020523 0.561045885
v 0.321386516 -0.342016488 0.883005559 0.278461277 0.328644067 0.541916609
v 0.397123665 -0.342016429 0.851634145 0.19439137 0.390571475 0.522210181
v 0.469841272 -0.342016459 0.813790321 0.130112782 0.425743282 0.498306125
v 0.538973987 -0.342016399 0.769737124 0.115036614 0.385244071 0.471836239
v 0.604011178 -0.342016459 0.719832242 0.150417835 0.308739781 0.465440333
v 0.664456367 -0.342016429 0.664457202 0.230472386 0.258041322 0.507010043
v 0.719831586 -0.342016429 0.604012132 0.342547387 0.275958449 0.610187769
v 0.76973629 -0.342016429 0.538974822 0.446514726 0.32929495 0.731617749
v 0.813789666 -0.342016429 0.469842285 0.495377243 0.365853429 0.813694358
v 0.851633549 -0.342016429 0.397124797 0.459814936 0.348736525 0.814575374
v 0.883005142 -0.342016399 0.321387678 0.381215751 0.302249074 0.75547123
v 0.907664597 -0.342016429 0.243208811 0.318643361 0.265995234 0.673354268
v 0.925398409 -0.342016399 0.163174093 0.317149997 0.270862132 0.6005404
v 0.936098874 -0.342016459 0.0818974823 0.365737319 0.312864959 0.550716579
v 0.906298637 -0.422615558 1.16415322e-10 0.417078763 0.406508774 0.454882473
v 0.902841032 -0.422615558 -0.0789876506 0.509787679 0.472711086 0.467413038
v 0.892521024 -0.422615588 -0.157376349 0.585645735 0.525706589 0.503697693
v 0.875417173 -0.422615528 -0.234567344 0.597137213 0.554686487 0.52472645
v 0.851633966 -0.422615528 -0.309968531 0.515771091 0.554212391 0.50528276
v 0.821377039 -0.422615588 -0.383015275 0.389152229 0.540329039 0.475323796
v 0.784877658 -0.422615558 -0.453149319 0.283910125 0.53445226 0.478599936
v 0.7423895 -0.422615588 -0.519825757 0.249744564 0.553691983 0.540325344
v 0.694257557 -0.422615618 -0.582552314 0.268638492 0.59793663 0.611569047
v 0.640849829 -0.422615558 -0.640849829 0.305645585 0.662768781 0.624864042
v 0.582552254 -0.422615588 -0.694257677 0.333076775 0.740240157 0.536160409
v 0.519825757 -0.422615618 -0.7423895 0.352272242 0.808279216 0.395078421
v 0.453149289 -0.422615588 -0.784877598 0.37182942 0.841282904 0.274655223
v 0.383015275 -0.422615558 -0.821377099 0.396051258 0.820867956 0.229666263
v 0.309968621 -0.422615618 -0.851633966 0.412063062 0.757528722 0.241838083
v 0.234567404 -0.422615558 -0.875417233 0.402695507 0.66897893 0.274634928
v 0.157376334 -0.422615588 -0.892521024 0.359049082 0.573883235 0.296659052
v 0.0789876729 -0.422615618 -0.902841091 0.305303931 0.494711071 0.297064304
v 6.58910722e-08 -0.422615558 -0.906298578 0.273909628 0.454882473 0.270142108
v -0.0789875239 -0.422615588 -0.902841032 0.288730085 0.467413038 0.215597168
v -0.157376289 -0.422615558 -0.892520964 0.339285195 0.503697753 0.154785782
v -0.23456718 -0.422615618 -0.875417292 0.406508744 0.52472645 0.114477068
v -0.309968472 -0.422615558 -0.851634026 0.472711027 0.505282819 0.11661534
v -0.383015156 -0.422615618 -0.821377039 0.525706589 0.475323796 0.163846552
v -0.453149229 -0.422615618 -0.784877598 0.554686546 0.478599966 0.253991812
v -0.519825578 -0.422615588 -0.74238956 0.554212391 0.540325224 0.378809363
v -0.582552254 -0.422615618 -0.694257796 0.540329099 0.611569047 0.505807698
v -0.640849769 -0.422615558 -0.640849948 0.53445226 0.624864042 0.596431673
v -0.694257498 -0.422615588 -0.582552493 0.553691983 0.536160409 0.623553872
v -0.742389321 -0.422615558 -0.519825876 0.59793663 0.395078242 0.605756342
v -0.784877419 -0.422615618 -0.453149557 0.662768722 0.274655312 0.573048592
v -0.821376979 -0.422615558 -0.383015484 0.740240157 0.229666263 0.550275147
v -0.851633847 -0.422615618 -0.309968829 0.808279216 0.241838083 0.541623473
v -0.875417113 -0.422615618 -0.234567553 0.841282964 0.274634957 0.546116471
v -0.892520845 -0.422615588 -0.157376692 0.820867956 0.296659023 0.558704197
v -0.902841032 -0.422615618 -0.0789879486 0.757528841 0.297064304 0.558046758
v -0.906298578 -0.422615558 -3.50759365e-07 0.66897893 0.270142108 0.518730998
v -0.902841032 -0.422615588 0.0789872482 0.573883176 0.215597168 0.429530174
v -0.892520964 -0.422615558 0.157376036 0.494710982 0.154785782 0.335961163
v -0.875417352 -0.422615588 0.234567091 0.454882473 0.114477023 0.297726512
v -0.851634145 -0.422615618 0.309968382 0.467413157 0.116615392 0.35141331
v -0.821377337 -0.422615558 0.383014768 0.503697574 0.163846374 0.441145867
v -0.784877896 -0.422615588 0.453148812 0.52472645 0.253991574 0.487934887
v -0.742389739 -0.422615588 0.51982528 0.505282819 0.378809363 0.438145071
v -0.694258094 -0.422615618 0.582552016 0.475323886 0.505807698 0.339565992
v -0.640850246 -0.422615558 0.640849531 0.478599906 0.596431673 0.26534307
v -0.582552612 -0.422615588 0.694257379 0.540325344 0.623553872 0.267304271
v -0.519826055 -0.422615558 0.742389202 0.611569047 0.605756342 0.312006295
v -0.453149498 -0.422615588 0.784877539 0.624864101 0.573048592 0.344687939
v -0.383015424 -0.422615618 0.821377039 0.536160231 0.550275147 0.328670442
v -0.309969038 -0.422615558 0.851633787 0.395078689 0.541623473 0.29960373
v -0.234567821 -0.422615588 0.875417113 0.274655342 0.546116471 0.311219454
v -0.157376736 -0.422615588 0.892520905 0.229666278 0.558704197 0.398396283
v -0.0789880082 -0.422615618 0.902841091 0.241838068 0.558046758 0.520599544
v -4.22471203e-07 -0.422615558 0.906298578 0.274634957 0.518730998 0.618440688
v 0.0789871737 -0.422615588 0.902841032 0.296659052 0.429530174 0.647702873
v 0.157375932 -0.422615558 0.892521024 0.297064215 0.335961163 0.624854743
v 0.234566987 -0.422615588 0.875417352 0.270142019 0.297726512 0.581536055
v 0.309968293 -0.422615618 0.851634204 0.215597108 0.35141331 0.542673945
v 0.383014649 -0.422615558 0.821377397 0.154785931 0.441145867 0.506342411
v 0.453148752 -0.422615588 0.784877956 0.114477076 0.487934887 0.463902354
v 0.51982522 -0.422615588 0.742389798 0.116615318 0.438145071 0.414337665
v 0.582551897 -0.422615618 0.694258034 0.163846508 0.339565992 0.387122631
v 0.640849471 -0.422615558 0.640850306 0.253991723 0.26534307 0.41935432
v 0.694257319 -0.422615558 0.582552731 0.376974851 0.267440766 0.530971408
v 0.742389143 -0.422615558 0.519826174 0.491130412 0.313098162 0.673279464
v 0.7848773 -0.422615558 0.453149706 0.546895742 0.348373055 0.780425668
v 0.82137692 -0.422615588 0.383015722 0.512506008 0.334798098 0.80272609
v 0.851633728 -0.422615558 0.309969425 0.427390248 0.295805067 0.755173802
v 0.875416994 -0.422615588 0.234568074 0.348774195 0.270299852 0.668930292
v 0.892520785 -0.422615588 0.157376841 0.322510034 0.28766048 0.57386893
v 0.902841032 -0.422615618 0.0789878219 0.348951846 0.339151472 0.494709253
v 0.866025388 -0.50000006 -1.39698386e-09 0.427874833 0.463930249 0.414150655
v 0.862721384 -0.50000006 -0.0754776672 0.519983172 0.513445973 0.425446719
v 0.852860034 -0.50000006 -0.150382996 0.602640033 0.540603161 0.46451351
v 0.836516261 -0.5 -0.224143848 0.619211316 0.550329983 0.491535693
v 0.813789845 -0.5 -0.296194434 0.535297692 0.547748983 0.480133176
v 0.784877479 -0.5 -0.365995198 0.405440003 0.538760483 0.457667023
v 0.75000006 -0.50000006 -0.433012724 0.306414485 0.529458761 0.464933306
v 0.709399819 -0.5 -0.496726185 0.292806089 0.527219594 0.525545418
v 0.663406909 -0.50000006 -0.556665421 0.330435753 0.544544935 0.594384849
v 0.612372339 -0.50000006 -0.612372398 0.362933189 0.595217347 0.609149933
v 0.556665361 -0.50000006 -0.663406909 0.349952012 0.68368578 0.52885884
v 0.496726155 -0.49999997 -0.709399879 0.315242022 0.777061462 0.397808194
v 0.433012635 -0.50000006 -0.75 0.298576593 0.833121896 0.281613857
v 0.365995198 -0.50000006 -0.784877479 0.326364458 0.82070601 0.229724541
v 0.296194464 -0.50000006 -0.813789845 0.371555358 0.752902448 0.226918906
v 0.224143893 -0.50000006 -0.836516201 0.393734306 0.653861463 0.241808221
v 0.150382981 -0.5 -0.852859974 0.366471738 0.547856808 0.24808003
v 0.0754776895 -0.50000006 -0.862721384 0.319280922 0.459656268 0.239727065
v 6.51925802e-08 -0.50000006 -0.866025329 0.295660377 0.414150655 0.215818286
v -0.0754775554 -0.50000006 -0.862721264 0.326617211 0.425446659 0.178492472
v -0.150382951 -0.5 -0.852859974 0.393191159 0.46451351 0.142167434
v -0.224143684 -0.50000006 -0.836516261 0.463930219 0.491535693 0.124330752
v -0.296194345 -0.50000006 -0.813789845 0.513445973 0.480133176 0.13968417
v -0.365995079 -0.50000006 -0.784877419 0.540603101 0.457667023 0.19178699
v -0.433012605 -0.50000006 -0.75 0.550330043 0.464933395 0.28141281
v -0.496725976 -0.5 -0.709399998 0.547749043 0.525545359 0.403207242
v -0.556665361 -0.50000006 -0.663407028 0.538760543 0.594384849 0.52730608
v -0.61237222 -0.50000006 -0.612372577 0.529458761 0.609149933 0.61771667
v -0.663406849 -0.50000006 -0.55666548 0.527219594 0.52885884 0.649315953
v -0.70939976 -0.5 -0.496726274 0.544544876 0.397808045 0.640458047
v -0.749999881 -0.50000006 -0.433012962 0.595217347 0.281613946 0.620366752
v -0.7848773 -0.50000006 -0.365995377 0.68368572 0.229724541 0.611269951
v -0.813789666 -0.50000006 -0.296194702 0.777061522 0.226918906 0.607415438
v -0.836516142 -0.50000006 -0.224144086 0.833121896 0.241808265 0.596055031
v -0.852859855 -0.5 -0.150383338 0.820706069 0.24808003 0.566312253
v -0.862721384 -0.50000006 -0.0754779577 0.752902508 0.239727065 0.514795601
v -0.866025388 -0.50000006 -3.36673111e-07 0.653861463 0.215818286 0.439984441
v -0.862721324 -0.50000006 0.0754772797 0.547856808 0.178492472 0.348247737
v -0.852859974 -0.5 0.150382668 0.459656149 0.142167434 0.277511477
v -0.836516321 -0.50000006 0.22414358 0.414150596 0.124330744 0.273590893
v -0.813790023 -0.50000006 0.296194255 0.425446779 0.139684245 0.361047655
v -0.784877598 -0.5 0.365994722 0.464513421 0.191786826 0.479429424
v -0.750000179 -0.50000006 0.433012247 0.491535693 0.281412601 0.547032475
v -0.709400117 -0.5 0.496725768 0.480133206 0.403207242 0.508217692
v -0.663407326 -0.50000006 0.556665123 0.457667023 0.52730608 0.411613941
v -0.612372756 -0.50000006 0.612372041 0.464933306 0.61771667 0.331916779
v -0.556665719 -0.50000006 0.66340661 0.525545418 0.649315953 0.322953343
v -0.496726424 -0.5 0.709399641 0.594384849 0.640458047 0.355077475
v -0.433012843 -0.50000006 0.749999762 0.609149873 0.620366693 0.377774596
v -0.365995318 -0.50000006 0.784877419 0.528858721 0.61127001 0.357599676
v -0.296194881 -0.5 0.813789725 0.397808462 0.607415438 0.32938689
v -0.224144295 -0.50000006 0.836516142 0.281614006 0.596055031 0.345039338
v -0.150383398 -0.5 0.852859795 0.229724556 0.566312253 0.437476665
v -0.0754780248 -0.50000006 0.862721384 0.226918936 0.514795601 0.563681483
v -4.03728336e-07 -0.50000006 0.866025388 0.241808265 0.439984441 0.661651909
v 0.0754772127 -0.50000006 0.862721324 0.248080015 0.348247737 0.68551296
v 0.150382593 -0.5 0.852859974 0.23972702 0.277511477 0.653898001
v 0.224143505 -0.50000006 0.83651638 0.215818256 0.273590893 0.60156709
v 0.296194166 -0.50000006 0.813790023 0.178492427 0.361047655 0.555491626
v 0.365994602 -0.5 0.784877658 0.142167524 0.479429424 0.511489034
v 0.433012158 -0.50000006 0.750000238 0.124330759 0.547032475 0.457587808
v 0.496725708 -0.5 0.709400237 0.139684141 0.508217692 0.390765727
v 0.556665063 -0.50000006 0.663407326 0.19178696 0.411613941 0.343796045
v 0.612371981 -0.50000006 0.612372816 0.28141275 0.331916779 0.358400851
v 0.66340661 -0.5 0.556665778 0.401615918 0.322914273 0.458520949
v 0.709399521 -0.49999997 0.496726543 0.514574051 0.354764938 0.596970916
v 0.749999702 -0.50000006 0.433013111 0.574745715 0.376719743 0.708784342
v 0.7848773 -0.50000006 0.365995675 0.55216217 0.353452206 0.743861318
v 0.813789546 -0.5 0.296195269 0.47914654 0.311326563 0.711572528
v 0.836516082 -0.50000006 0.224144578 0.403593659 0.29212904 0.63615489
v 0.852859795 -0.5 0.150383472 0.365517974 0.325570762 0.542610407
v 0.862721443 -0.50000006 0.0754778236 0.373408973 0.393060327 0.459000438
v 0.819144011 -0.573568165 9.31322575e-10 0.479339272 0.543223023 0.456591517
v 0.816018879 -0.573568165 -0.0713917539 0.539696515 0.580332696 0.474757224
v 0.80669117 -0.573568165 -0.142242193 0.591608226 0.579427302 0.50926888
v 0.791232228 -0.573568165 -0.212010056 0.587929428 0.561044335 0.525375962
v 0.769736052 -0.573568165 -0.280160278 0.501488328 0.541699171 0.501356959
v 0.742388904 -0.573568285 -0.346182406 0.385005116 0.521819174 0.46760565
v 0.709399462 -0.573568225 -0.409572035 0.311172783 0.497809231 0.467544228
v 0.670997202 -0.573568225 -0.469836473 0.328721553 0.471325278 0.526880741
v 0.627494037 -0.573568285 -0.526530981 0.390531301 0.465026617 0.60046494
v 0.579222143 -0.573568165 -0.579222202 0.425519288 0.506823123 0.62543273
v 0.526530921 -0.573568225 -0.627494037 0.384764284 0.610114217 0.55889672
v 0.469836414 -0.573568165 -0.670997322 0.307991415 0.730257094 0.437880218
v 0.409571916 -0.573568165 -0.709399581 0.25708726 0.808098614 0.319383621
v 0.346182406 -0.573568225 -0.742388904 0.274844199 0.800664961 0.247984976
v 0.280160338 -0.573568285 -0.769736111 0.327677608 0.729703069 0.218571573
v 0.2120101 -0.573568165 -0.791232288 0.362908721 0.63313961 0.21360819
v 0.142242163 -0.573568225 -0.80669117 0.345123291 0.544733465 0.217208549
v 0.0713917911 -0.573568225 -0.816018879 0.307966501 0.481576324 0.220081449
v 6.07105903e-08 -0.573568165 -0.819144011 0.302347749 0.456591517 0.214584604
v -0.071391657 -0.573568225 -0.816018879 0.362858593 0.474757224 0.196812093
v -0.142242119 -0.573568225 -0.806691229 0.458817095 0.50926888 0.17780374
v -0.212009907 -0.573568165 -0.791232347 0.543223023 0.525375962 0.172335625
v -0.280160189 -0.573568225 -0.76973623 0.580332696 0.501356959 0.19252117
v -0.346182287 -0.573568285 -0.742388964 0.579427242 0.46760565 0.239823565
v -0.409571886 -0.573568165 -0.709399521 0.561044276 0.467544258 0.313043267
v -0.469836295 -0.573568285 -0.670997381 0.541699231 0.526880682 0.406924456
v -0.526530802 -0.573568225 -0.627494156 0.521819234 0.60046494 0.499987841
v -0.579222143 -0.573568165 -0.579222441 0.497809261 0.62543273 0.566697299
v -0.627493978 -0.573568225 -0.526531041 0.471325308 0.55889672 0.59006089
v -0.670997202 -0.573568225 -0.469836563 0.465026617 0.437880099 0.587260902
v -0.709399343 -0.573568165 -0.409572214 0.506823063 0.31938374 0.584023178
v -0.742388785 -0.573568225 -0.346182615 0.610114217 0.247984976 0.59773618
v -0.769736052 -0.573568285 -0.280160546 0.730257213 0.218571573 0.612436831
v -0.791232288 -0.573568165 -0.212010279 0.808098614 0.21360822 0.603824556
v -0.80669117 -0.573568285 -0.142242521 0.800665021 0.217208549 0.554302096
v -0.816018879 -0.573568225 -0.071392037 0.729703188 0.220081449 0.473083913
v -0.81914407 -0.573568165 -3.17413651e-07 0.633139551 0.214584604 0.3760885
v -0.816018879 -0.573568225 0.0713914037 0.544733465 0.196812093 0.282840014
v -0.806691408 -0.573568225 0.14224188 0.481576204 0.17780374 0.227287695
v -0.791232347 -0.573568225 0.212009817 0.456591487 0.172335625 0.24698703
v -0.76973623 -0.573568285 0.280160159 0.474757314 0.192521244 0.359784424
v -0.742389083 -0.573568225 0.346181959 0.50926882 0.239823416 0.504690826
v -0.70939976 -0.573568225 0.409571558 0.525375962 0.313043118 0.601010323
v -0.670997441 -0.573568285 0.469836056 0.501357019 0.406924456 0.592805803
v -0.627494335 -0.573568225 0.526530623 0.46760571 0.499987841 0.523184955
v -0.57922256 -0.573568165 0.579221904 0.467544228 0.566697299 0.460016221
v -0.526531219 -0.573568225 0.627493799 0.526880741 0.59006089 0.452653825
v -0.469836652 -0.573568225 0.670997024 0.600465 0.587260902 0.476394802
v -0.409572154 -0.573568225 0.709399402 0.62543273 0.584023237 0.488021821
v -0.346182585 -0.573568285 0.742388844 0.558896601 0.597736239 0.459147424
v -0.280160755 -0.573568225 0.769735992 0.437880486 0.612436831 0.420704335
v -0.212010488 -0.573568225 0.791232228 0.3193838 0.603824615 0.418454707
v -0.142242566 -0.573568285 0.80669117 0.24798499 0.554302096 0.482093722
v -0.071392104 -0.573568225 0.816018879 0.218571573 0.473083913 0.577047229
v -3.80896381e-07 -0.573568165 0.819144011 0.213608205 0.3760885 0.652673125
v 0.0713913366 -0.573568225 0.816018879 0.217208534 0.282840014 0.671451092
v 0.142241821 -0.573568225 0.806691349 0.220081449 0.227287695 0.648344755
v 0.212009758 -0.573568225 0.791232347 0.214584559 0.24698703 0.611439586
v 0.28016004 -0.573568285 0.76973629 0.196812078 0.359784424 0.581429482
v 0.34618184 -0.573568225 0.742389143 0.1778038 0.504690826 0.54944557
v 0.409571439 -0.573568225 0.70939976 0.17233561 0.601010323 0.499227583
v 0.469835967 -0.573568285 0.67099756 0.19252114 0.592805803 0.424334347
v 0.526530564 -0.573568225 0.627494454 0.23982352 0.523184955 0.35760048
v 0.579221904 -0.573568165 0.57922262 0.313043237 0.460016221 0.341679305
v 0.627493739 -0.573568165 0.526531279 0.406324208 0.451932549 0.403402776
v 0.670996964 -0.573568165 0.469836831 0.495185435 0.470624685 0.50631696
v 0.709399283 -0.573568225 0.409572363 0.550489008 0.468547672 0.598146319
v 0.742388844 -0.573568285 0.346182883 0.552474678 0.415090233 0.6378842
v 0.769735813 -0.573568225 0.280161083 0.518891156 0.347376317 0.629598081
v 0.791232109 -0.573568165 0.212010741 0.47686404 0.319462448 0.588623881
v 0.80669117 -0.573568285 0.14224264 0.450110346 0.367929518 0.531543732
v 0.816018999 -0.573568225 0.0713919178 0.448711395 0.459450901 0.47992757
v 0.766035736 -0.642779291 5.82076609e-11 0.547754169 0.621203542 0.53991282
v 0.76311326 -0.642779231 -0.0667631477 0.560039461 0.650633931 0.569323659
v 0.754390359 -0.642779291 -0.133020058 0.559546709 0.626614749 0.59794265
v 0.73993367 -0.642779291 -0.198264614 0.520489693 0.581523299 0.597892821
v 0.719831169 -0.642779171 -0.261996418 0.431337029 0.540934503 0.553871632
v 0.694256961 -0.642779291 -0.323738068 0.337574929 0.503214598 0.500872672
v 0.663406372 -0.642779291 -0.383017927 0.298944235 0.459927469 0.486463606
v 0.627493978 -0.642779231 -0.439375162 0.352033705 0.410250306 0.539628148
v 0.586811185 -0.642779291 -0.492393881 0.440823972 0.383812964 0.615013182
v 0.541669011 -0.642779291 -0.541668952 0.48614338 0.417858332 0.648681939
v 0.492393792 -0.642779231 -0.586811185 0.434307367 0.531503141 0.595329046
v 0.439375103 -0.642779291 -0.627493918 0.33357963 0.671358168 0.484177709
v 0.383017808 -0.642779291 -0.663406432 0.257710427 0.765908241 0.363082767
v 0.323738068 -0.642779231 -0.694256961 0.25896883 0.764029622 0.271689624
v 0.261996418 -0.642779291 -0.719831228 0.303697824 0.696166217 0.216803953
v 0.198264644 -0.64277935 -0.73993361 0.336758733 0.613153517 0.19702208
v 0.133020058 -0.642779231 -0.754390359 0.321230024 0.556876481 0.207938626
v 0.0667631924 -0.642779291 -0.763113201 0.293058068 0.533418596 0.233142525
v 5.72181307e-08 -0.642779291 -0.766035736 0.306406081 0.53991282 0.253221244
v -0.0667630732 -0.642779231 -0.763113201 0.396326393 0.569323599 0.254687697
v -0.133020028 -0.642779291 -0.754390419 0.521426678 0.59794265 0.247756809
v -0.198264465 -0.642779291 -0.739933729 0.621203542 0.59789288 0.248568878
v -0.261996359 -0.642779231 -0.719831228 0.650633931 0.553871691 0.269430608
v -0.323737979 -0.642779231 -0.694257021 0.62661469 0.500872672 0.307314187
v -0.383017808 -0.64277935 -0.663406432 0.58152324 0.486463636 0.355358154
v -0.439374983 -0.642779291 -0.627494037 0.540934563 0.539627969 0.406212896
v -0.492393732 -0.642779291 -0.586811423 0.503214657 0.615013182 0.450578183
v -0.541668892 -0.642779291 -0.54166913 0.459927529 0.648681939 0.478665233
v -0.586811066 -0.642779231 -0.49239397 0.410250247 0.595329046 0.485521823
v -0.627493858 -0.642779291 -0.439375252 0.383812934 0.484177619 0.485541046
v -0.663406253 -0.642779291 -0.383018106 0.417858273 0.363082856 0.497952163
v -0.694256842 -0.642779231 -0.323738277 0.531503081 0.271689624 0.533578157
v -0.719831169 -0.642779231 -0.261996657 0.671358168 0.216803953 0.569616795
v -0.73993361 -0.64277935 -0.198264822 0.765908241 0.19702208 0.574859262
v -0.754390359 -0.642779291 -0.133020341 0.764029741 0.207938612 0.527192533
v -0.76311326 -0.642779291 -0.0667634085 0.696166277 0.233142525 0.440885454
v -0.766035795 -0.642779291 -2.986053e-07 0.613153517 0.253221244 0.339302331
v -0.76311326 -0.642779231 0.0667628199 0.556876481 0.254687697 0.247844979
v -0.754390419 -0.642779291 0.13301979 0.533418536 0.247756809 0.200064033
v -0.739933729 -0.642779231 0.198264375 0.539912879 0.248568907 0.231547281
v -0.719831347 -0.642779291 0.261996239 0.569323778 0.269430697 0.359074563
v -0.694257081 -0.642779171 0.323737621 0.597942591 0.307314068 0.524192691
v -0.663406551 -0.642779231 0.383017421 0.597892821 0.355358034 0.649643242
v -0.627494097 -0.642779291 0.439374745 0.553871751 0.406212896 0.680379629
v -0.586811543 -0.642779291 0.492393583 0.500872672 0.450578183 0.650214195
v -0.541669309 -0.642779291 0.541668713 0.486463636 0.478665233 0.615174413
v -0.49239412 -0.642779231 0.586810946 0.539628148 0.485521823 0.6161744
v -0.439375311 -0.642779291 0.62749368 0.615013242 0.485541046 0.633678675
v -0.383018017 -0.642779231 0.663406253 0.648681998 0.497952223 0.633038878
v -0.323738247 -0.642779291 0.694256902 0.595328987 0.533578217 0.5917418
v -0.261996806 -0.642779171 0.719831109 0.484177917 0.569616675 0.535814643
v -0.198265016 -0.642779231 0.73993355 0.363082945 0.574859262 0.50341934
v -0.133020401 -0.642779291 0.754390359 0.271689683 0.527192533 0.520834446
v -0.0667634755 -0.642779291 0.763113201 0.216803983 0.440885454 0.566802442
v -3.57511453e-07 -0.642779291 0.766035795 0.19702208 0.339302331 0.608181775
v 0.0667627454 -0.642779231 0.76311326 0.207938626 0.247844979 0.620357573
v 0.13301973 -0.642779291 0.754390419 0.233142525 0.200064033 0.612821937
v 0.198264316 -0.642779231 0.739933789 0.253221214 0.231547281 0.603592873
v 0.26199618 -0.642779291 0.719831347 0.254687697 0.359074563 0.603905737
v 0.323737562 -0.642779171 0.69425714 0.247756809 0.524192691 0.597863853
v 0.383017361 -0.642779231 0.66340667 0.248568878 0.649643242 0.562787175
v 0.439374715 -0.642779291 0.627494156 0.269430578 0.680379629 0.486947209
v 0.492393523 -0.642779291 0.586811483 0.307314157 0.650214195 0.402420551
v 0.541668713 -0.642779291 0.541669309 0.355358094 0.615174413 0.352235168
v 0.586810887 -0.642779231 0.492394179 0.406867415 0.614643574 0.366339266
v 0.62749368 -0.642779291 0.43937549 0.455813855 0.621431947 0.422361881
v 0.663406193 -0.642779231 0.383018225 0.496335596 0.591706097 0.484852195
v 0.694256842 -0.642779291 0.323738515 0.523927331 0.500416756 0.525312245
v 0.71983099 -0.642779171 0.261997133 0.53951031 0.397652 0.543056309
v 0.739933491 -0.642779231 0.198265269 0.545362651 0.352282584 0.544351459
v 0.754390299 -0.642779291 0.133020476 0.544518948 0.409919262 0.536490679
v 0.76311332 -0.642779291 0.0667633116 0.543042719 0.523125768 0.530870378
v 0.707106829 -0.707106829 2.32830644e-10 0.601582289 0.670976639 0.599779725
v 0.704409242 -0.707106829 -0.0616272502 0.570818424 0.695405185 0.638791084
v 0.69635731 -0.707106769 -0.122787222 0.519857585 0.659837842 0.66754806
v 0.683012664 -0.707106769 -0.183012694 0.445919931 0.601523399 0.661901474
v 0.664456606 -0.707106769 -0.241841778 0.354345411 0.549620748 0.609571815
v 0.640849888 -0.707106769 -0.298833877 0.282957554 0.500932634 0.545758963
v 0.612372458 -0.707106829 -0.353553414 0.277700663 0.444172621 0.51753217
v 0.579222679 -0.707106829 -0.405575335 0.363141984 0.376970917 0.554463327
v 0.541669488 -0.707106769 -0.454515487 0.478342474 0.332625628 0.616133809
v 0.5 -0.707106829 -0.49999997 0.540986121 0.353351682 0.644626796
v 0.454515427 -0.707106769 -0.541669488 0.495265782 0.462017089 0.598039508
v 0.405575335 -0.707106769 -0.57922262 0.391410202 0.60410279 0.498522848
v 0.353553355 -0.707106769 -0.612372458 0.306156546 0.705743253 0.384241134
v 0.298833847 -0.707106829 -0.640849888 0.294821173 0.714140058 0.28845337
v 0.241841808 -0.707106769 -0.664456666 0.327036381 0.660764813 0.224795863
v 0.183012739 -0.707106769 -0.683012664 0.351013392 0.598156333 0.201999485
v 0.122787215 -0.707106769 -0.69635725 0.332488 0.568463206 0.222913429
v 0.0616272837 -0.707106829 -0.704409122 0.307295114 0.572272182 0.266860664
v 5.47152013e-08 -0.707106829 -0.707106829 0.328794092 0.599779725 0.307282686
v -0.0616271757 -0.707106769 -0.704409122 0.430490434 0.638791084 0.3248671
v -0.12278717 -0.707106829 -0.69635725 0.566473067 0.66754818 0.329286873
v -0.18301259 -0.707106769 -0.683012784 0.670976579 0.661901593 0.337461114
v -0.241841704 -0.707106769 -0.664456725 0.695405126 0.609571815 0.361222684
v -0.298833728 -0.707106769 -0.640849948 0.659837842 0.545758963 0.392059654
v -0.353553295 -0.707106829 -0.612372518 0.60152334 0.51753211 0.41637361
v -0.405575097 -0.707106709 -0.579222798 0.549620748 0.554463267 0.423964709
v -0.454515338 -0.707106829 -0.541669607 0.500932693 0.616133809 0.418227434
v -0.499999851 -0.707106829 -0.500000119 0.444172651 0.644626796 0.405954242
v -0.541669369 -0.707106769 -0.454515606 0.376970917 0.598039508 0.394510508
v -0.57922256 -0.707106829 -0.405575395 0.332625657 0.498522699 0.393551856
v -0.612372339 -0.707106769 -0.353553623 0.353351653 0.384241253 0.413306415
v -0.640849829 -0.707106769 -0.298834056 0.46201703 0.28845337 0.457450569
v -0.664456666 -0.707106769 -0.241842017 0.60410285 0.224795863 0.503453374
v -0.683012724 -0.707106829 -0.183012873 0.705743313 0.2019995 0.522232413
v -0.696357131 -0.707106709 -0.122787483 0.714140058 0.22291337 0.492645532
v -0.704409122 -0.707106829 -0.061627496 0.660764754 0.266860664 0.425312966
v -0.707106829 -0.707106829 -2.74274498e-07 0.598156333 0.307282686 0.338795632
v -0.704409122 -0.707106769 0.0616269484 0.568463206 0.3248671 0.255079299
v -0.69635725 -0.707106829 0.122786947 0.572272122 0.329286873 0.209850058
v -0.683012784 -0.707106829 0.1830125 0.599779785 0.337461144 0.242218822
v -0.664456785 -0.707106769 0.241841629 0.638791084 0.361222744 0.372671872
v -0.640849948 -0.707106709 0.2988334 0.66754806 0.392059535 0.547195852
v -0.612372577 -0.707106829 0.353553027 0.661901593 0.416373521 0.693155646
v -0.579222798 -0.707106709 0.405574918 0.609571874 0.423964709 0.75718981
v -0.541669786 -0.707106829 0.454515159 0.545758963 0.418227434 0.763044596
v -0.500000298 -0.707106829 0.499999762 0.51753217 0.405954242 0.753742635
v -0.454515725 -0.707106769 0.54166925 0.554463387 0.394510508 0.760769546
v -0.405575514 -0.707106829 0.579222381 0.616133809 0.393551856 0.769462347
v -0.353553504 -0.707106829 0.612372339 0.644626856 0.413306504 0.753620863
v -0.298833966 -0.707106769 0.64084971 0.598039448 0.457450688 0.696840107
v -0.241842166 -0.707106709 0.664456487 0.498523057 0.503453314 0.621897221
v -0.183013052 -0.707106829 0.683012605 0.384241343 0.522232413 0.561363518
v -0.12278755 -0.707106709 0.696357191 0.2884534 0.492645532 0.538998008
v -0.0616275519 -0.707106829 0.704409182 0.224795878 0.425312966 0.543307066
v -3.28291208e-07 -0.707106829 0.707106829 0.2019995 0.338795632 0.553983212
v 0.0616268925 -0.707106769 0.704409182 0.222913444 0.255079299 0.556269884
v 0.122786894 -0.707106829 0.69635725 0.266860723 0.209850058 0.557610869
v 0.183012411 -0.707106829 0.683012784 0.307282716 0.242218822 0.571000636
v 0.241841555 -0.707106769 0.664456785 0.324867159 0.372671872 0.601927698
v 0.29883334 -0.707106709 0.640850067 0.329286873 0.547195852 0.625859141
v 0.353552967 -0.707106829 0.612372637 0.337461114 0.693155646 0.610757113
v 0.405574888 -0.707106709 0.579222858 0.361222655 0.75718981 0.53767997
v 0.454515129 -0.707106829 0.541669726 0.392059624 0.763044596 0.44007659
v 0.499999732 -0.707106829 0.500000238 0.416373581 0.753742635 0.364492923
v 0.54166925 -0.707106769 0.454515725 0.425490737 0.758842528 0.345592201
v 0.579222381 -0.707106769 0.405575603 0.430435628 0.754046261 0.370506167
v 0.612372339 -0.707106829 0.353553742 0.447156996 0.701591671 0.414483637
v 0.64084965 -0.707106769 0.298834234 0.486202002 0.582713425 0.456816912
v 0.664456487 -0.707106769 0.241842464 0.53651005 0.454634279 0.492971629
v 0.683012605 -0.707106888 0.18301329 0.58161968 0.393572211 0.522457123
v 0.696357131 -0.707106769 0.12278758 0.608048081 0.449683756 0.54603374
v 0.704409182 -0.707106888 0.0616273955 0.614230812 0.568872154 0.569468558
v 0.642783642 -0.766043067 1.8371793e-09 0.616263807 0.673449039 0.588364422
v 0.640331447 -0.766043067 -0.0560212247 0.564388216 0.693528175 0.631227195
v 0.633012056 -0.766043127 -0.111617692 0.484269738 0.661700189 0.671459496
v 0.620881379 -0.766043007 -0.16636464 0.389095515 0.611537635 0.681947768
v 0.604013205 -0.766042948 -0.219842285 0.296156913 0.568566978 0.646416903
v 0.582553864 -0.766042888 -0.271649987 0.239164665 0.52613014 0.591942847
v 0.55666703 -0.766043067 -0.321391851 0.25593397 0.469523191 0.556439281
v 0.526532769 -0.766043007 -0.36868149 0.364300013 0.393778265 0.564822257
v 0.49239561 -0.766043127 -0.413169742 0.502178431 0.332873553 0.590018392
v 0.454516709 -0.766043007 -0.454516679 0.587504745 0.330523044 0.591956437
v 0.413169682 -0.766043007 -0.49239558 0.563962281 0.412596405 0.541937113
v 0.368681461 -0.766043067 -0.526532829 0.478226304 0.533584535 0.456750244
v 0.321391761 -0.766043067 -0.556667089 0.402719468 0.630133867 0.364557117
v 0.271649957 -0.766042888 -0.582553923 0.390117645 0.655565441 0.290045232
v 0.21984227 -0.766043007 -0.604013324 0.414107561 0.629901409 0.244004413
v 0.166364685 -0.766043007 -0.620881319 0.428628594 0.589838266 0.233750403
v 0.111617677 -0.766043007 -0.633011997 0.403461665 0.566078186 0.261635959
v 0.0560212582 -0.766043067 -0.640331447 0.371753365 0.565344095 0.310162336
v 5.11899998e-08 -0.766043007 -0.642783642 0.382491708 0.588364422 0.356867909
v -0.0560211539 -0.766043007 -0.640331447 0.466671407 0.631227195 0.385328799
v -0.11161764 -0.766042888 -0.633011997 0.583314478 0.671459436 0.403271794
v -0.166364536 -0.766042948 -0.620881379 0.67344892 0.681947827 0.424461424
v -0.219842181 -0.766042888 -0.604013324 0.693528175 0.646416962 0.457191318
v -0.271649837 -0.766042888 -0.582553983 0.661700189 0.591942847 0.487871081
v -0.321391732 -0.766042948 -0.556667149 0.611537576 0.556439281 0.497439057
v -0.368681312 -0.766042888 -0.526532829 0.568566978 0.564822257 0.473399132
v -0.413169593 -0.766043067 -0.492395788 0.526130199 0.590018332 0.429515302
v -0.45451656 -0.766043007 -0.454516858 0.469523251 0.591956437 0.386116892
v -0.492395461 -0.766043007 -0.413169831 0.393778265 0.541937113 0.360066921
v -0.52653271 -0.766042888 -0.36868155 0.332873493 0.456750095 0.354363412
v -0.55666697 -0.766042948 -0.321392 0.330523044 0.364557236 0.368537813
v -0.582553744 -0.766042888 -0.271650136 0.412596345 0.290045232 0.399614424
v -0.604013264 -0.766042888 -0.219842464 0.533584535 0.244004413 0.434586942
v -0.620881319 -0.766042948 -0.166364819 0.630133927 0.233750433 0.457942009
v -0.633011997 -0.766042888 -0.111617915 0.655565441 0.2616359 0.45693475
v -0.640331447 -0.766043067 -0.0560214482 0.629901469 0.310162336 0.429896981
v -0.642783642 -0.766043007 -2.48033757e-07 0.589838266 0.356867909 0.377928823
v -0.640331447 -0.766043007 0.0560209528 0.566078126 0.385328799 0.309715956
v -0.633012056 -0.766042888 0.111617446 0.565344036 0.403271794 0.26428315
v -0.620881438 -0.766043007 0.166364446 0.588364542 0.424461484 0.288240492
v -0.604013383 -0.766043007 0.219842121 0.631227314 0.457191467 0.409181505
v -0.582554042 -0.766043007 0.271649569 0.671459317 0.487871021 0.578634739
v -0.556667209 -0.766043007 0.321391493 0.681947768 0.497439057 0.729115367
v -0.526532948 -0.766042888 0.368681163 0.646417022 0.473399132 0.809711456
v -0.492395878 -0.766043067 0.413169473 0.591942906 0.429515302 0.835815489
v -0.454516947 -0.766043007 0.454516441 0.556439281 0.386116892 0.839395583
v -0.41316992 -0.766043007 0.492395371 0.564822257 0.360066921 0.843901038
v -0.368681639 -0.766042888 0.52653265 0.590018392 0.354363412 0.838706672
v -0.32139191 -0.766043007 0.556666911 0.591956377 0.368537843 0.804668844
v -0.271650076 -0.766043007 0.582553804 0.541936994 0.399614513 0.731075525
v -0.219842613 -0.766043007 0.604013145 0.456750423 0.434586942 0.640944958
v -0.166364968 -0.766043007 0.620881259 0.364557326 0.457941949 0.565726399
v -0.111617967 -0.766042888 0.633011937 0.290045261 0.45693475 0.528290212
v -0.0560215041 -0.766043067 0.640331447 0.244004473 0.429896981 0.517185748
v -2.9797593e-07 -0.766043007 0.642783642 0.233750418 0.377928823 0.51238209
v 0.0560208969 -0.766043007 0.640331447 0.261635959 0.309715956 0.500372589
v 0.111617371 -0.766042888 0.633012056 0.310162395 0.26428315 0.493745565
v 0.166364402 -0.766043007 0.620881438 0.356867969 0.288240492 0.511613488
v 0.219842076 -0.766043007 0.604013383 0.385328859 0.409181505 0.562465131
v 0.271649539 -0.766043007 0.582554042 0.403271735 0.578634739 0.612293363
v 0.321391433 -0.766043007 0.556667268 0.424461395 0.729115367 0.616469264
v 0.368681103 -0.766042888 0.526532948 0.457191318 0.809711456 0.547075748
v 0.413169444 -0.766043067 0.492395878 0.487871051 0.835815489 0.44305256
v 0.454516411 -0.766043007 0.454516947 0.497439086 0.839395583 0.360052794
v 0.492395371 -0.766043007 0.41316998 0.474958479 0.842352629 0.33985427
v 0.52653259 -0.766042888 0.368681699 0.441990614 0.826319456 0.368732363
v 0.55666697 -0.766043007 0.321392089 0.428221434 0.762861669 0.419086754
v 0.582553804 -0.766043067 0.271650314 0.454742312 0.639829278 0.467437118
v 0.604013145 -0.766043007 0.219842896 0.508267462 0.510211289 0.506783545
v 0.620881259 -0.766043067 0.166365206 0.566917419 0.443279684 0.534246624
v 0.633011937 -0.766043007 0.11161802 0.611087918 0.4846825 0.549606502
v 0.640331447 -0.766043067 0.0560213588 0.630278349 0.585565686 0.563285172
v 0.573572516 -0.819154322 7.27595761e-10 0.595148146 0.640733302 0.52386564
v 0.57138443 -0.819154263 -0.0499891974 0.543295503 0.655187786 0.568387628
v 0.564853072 -0.819154322 -0.0995993689 0.457815796 0.634527862 0.628492415
v 0.554028571 -0.819154322 -0.148451492 0.358283937 0.605005145 0.669499934
v 0.538976789 -0.819154263 -0.196170971 0.2669819 0.585154772 0.666624129
v 0.519828022 -0.819154322 -0.242400318 0.217020229 0.562646866 0.634653091
v 0.49672848 -0.819154322 -0.286786318 0.244216651 0.517435253 0.598268807
v 0.469838828 -0.819154322 -0.328984082 0.365178853 0.440223098 0.575180769
v 0.439377457 -0.819154322 -0.368682086 0.519674838 0.364713043 0.555207849
v 0.405577093 -0.819154322 -0.405577064 0.62826252 0.335357338 0.521196783
v 0.368682086 -0.819154263 -0.439377487 0.635272861 0.381282985 0.462031215
v 0.328984082 -0.819154322 -0.469838858 0.580129266 0.470316768 0.390743673
v 0.286786258 -0.819154322 -0.496728539 0.52602762 0.55496043 0.326403648
v 0.242400318 -0.819154263 -0.519828022 0.519109905 0.597792387 0.284849674
v 0.196170986 -0.819154263 -0.538976789 0.53730011 0.601697862 0.26899606
v 0.148451537 -0.819154322 -0.554028571 0.541468024 0.579639077 0.2785258
v 0.099599354 -0.819154263 -0.564852953 0.506187975 0.545932353 0.311048329
v 0.0499892235 -0.819154382 -0.57138443 0.460853666 0.520311832 0.35587737
v 4.35102265e-08 -0.819154322 -0.573572516 0.448563099 0.52386564 0.400253028
v -0.0499891266 -0.819154263 -0.57138437 0.4975923 0.568387628 0.434972197
v -0.0995993093 -0.819154263 -0.564853013 0.576927781 0.628492415 0.465058595
v -0.148451388 -0.819154322 -0.55402863 0.640733242 0.669499934 0.499092907
v -0.196170896 -0.819154263 -0.538976789 0.655187666 0.666624129 0.540564775
v -0.242400244 -0.819154263 -0.519828081 0.634527802 0.634653091 0.572600543
v -0.286786228 -0.819154322 -0.496728539 0.605005145 0.598268867 0.573235691
v -0.328983963 -0.819154263 -0.469838977 0.585154772 0.575180709 0.529042065
v -0.368681997 -0.819154382 -0.439377606 0.562646925 0.555207849 0.460738003
v -0.405576944 -0.819154322 -0.405577153 0.517435253 0.521196783 0.397578001
v -0.439377367 -0.819154263 -0.368682206 0.440223068 0.462031215 0.362142175
v -0.469838738 -0.819154263 -0.328984171 0.364713013 0.390743613 0.350311935
v -0.496728301 -0.819154322 -0.286786437 0.335357368 0.326403677 0.351293564
v -0.519827902 -0.819154263 -0.242400467 0.381282955 0.284849674 0.356757045
v -0.538976669 -0.819154263 -0.196171135 0.470316827 0.26899606 0.36822477
v -0.55402863 -0.819154322 -0.148451641 0.554960489 0.278525889 0.389682651
v -0.564852953 -0.819154263 -0.0995995775 0.597792327 0.311048239 0.42078194
v -0.57138443 -0.819154382 -0.0499893986 0.601697922 0.35587737 0.443836838
v -0.573572516 -0.819154322 -2.21276423e-07 0.579639018 0.400253028 0.436826497
v -0.57138437 -0.819154263 0.0499889515 0.545932353 0.434972197 0.390353501
v -0.564853072 -0.819154263 0.0995991528 0.520311773 0.465058595 0.345511556
v -0.55402869 -0.819154382 0.148451328 0.52386564 0.499092996 0.356017292
v -0.538976729 -0.819154382 0.196170852 0.568387687 0.540564895 0.456612319
v -0.519828081 -0.819154263 0.242399961 0.628492117 0.572600484 0.606138051
v -0.496728599 -0.819154322 0.28678596 0.669499934 0.57323575 0.744463742
v -0.469839036 -0.819154263 0.328983754 0.666624129 0.529042065 0.825314701
v -0.439377725 -0.819154382 0.368681878 0.634653091 0.460738003 0.857852817
v -0.405577302 -0.819154322 0.405576855 0.598268807 0.397578001 0.865098953
v -0.368682265 -0.819154263 0.439377278 0.575180709 0.362142175 0.863859296
v -0.328984231 -0.819154263 0.469838679 0.555207789 0.350311935 0.846084058
v -0.286786407 -0.819154382 0.496728331 0.521196783 0.351293594 0.797508895
v -0.242400423 -0.819154382 0.519827962 0.462031156 0.356757104 0.711782277
v -0.196171284 -0.819154263 0.53897661 0.390743762 0.36822474 0.614203453
v -0.14845179 -0.819154322 0.554028511 0.326403707 0.389682621 0.537983596
v -0.0995996073 -0.819154263 0.564852953 0.284849733 0.42078194 0.506041229
v -0.0499894395 -0.819154382 0.57138443 0.26899606 0.443836838 0.50012219
v -2.65048584e-07 -0.819154322 0.573572516 0.278525829 0.436826497 0.491678327
v 0.0499889031 -0.819154263 0.57138443 0.311048329 0.390353501 0.462442368
v 0.0995991006 -0.819154263 0.564853072 0.35587737 0.345511556 0.435268134
v 0.148451284 -0.819154382 0.55402863 0.400253087 0.356017292 0.443289697
v 0.196170807 -0.819154382 0.538976789 0.434972227 0.456612319 0.50433588
v 0.242399916 -0.819154263 0.5198282 0.465058565 0.606138051 0.575012922
v 0.28678596 -0.819154322 0.496728629 0.499092937 0.744463742 0.596623719
v 0.328983754 -0.819154263 0.469839036 0.540564775 0.825314701 0.531548262
v 0.368681878 -0.819154382 0.439377666 0.572600663 0.857852817 0.426486313
v 0.405576855 -0.819154322 0.405577332 0.573235691 0.865098953 0.349217236
v 0.439377248 -0.819154263 0.368682325 0.530108809 0.863107562 0.349542707
v 0.469838649 -0.819154263 0.32898429 0.469272166 0.840070367 0.405353665
v 0.496728301 -0.819154382 0.286786586 0.42638129 0.77721262 0.476563662
v 0.519827902 -0.819154322 0.242400631 0.428039938 0.667880058 0.52968049
v 0.53897655 -0.819154263 0.196171537 0.464645743 0.55389905 0.557589889
v 0.554028511 -0.819154322 0.148451984 0.517545402 0.48921451 0.55977273
v 0.564852953 -0.819154322 0.0995996818 0.568369329 0.509637117 0.540045977
v 0.57138443 -0.819154441 0.0499893129 0.599886179 0.578433275 0.519576073
v 0.5 -0.866025448 2.32830644e-10 0.548562646 0.592743576 0.440988958
v 0.498092473 -0.866025388 -0.0435770489 0.512634873 0.598394215 0.490450323
v 0.492398947 -0.866025388 -0.0868236721 0.443854719 0.585577667 0.573823631
v 0.482962936 -0.866025388 -0.129409522 0.357600659 0.576101184 0.647757173
v 0.469841778 -0.866025329 -0.171007961 0.27317211 0.583409071 0.678474963
v 0.453149259 -0.866025388 -0.211307436 0.225551367 0.587493658 0.670505762
v 0.433012694 -0.866025448 -0.25 0.253641248 0.559984207 0.637953699
v 0.409572244 -0.866025329 -0.286785036 0.377303749 0.485170633 0.59277463
v 0.383018196 -0.866025388 -0.321390957 0.540237188 0.397987753 0.538330436
v 0.353553355 -0.866025448 -0.353553385 0.667098939 0.346030802 0.475834042
v 0.321390867 -0.866025269 -0.383018196 0.703711689 0.362894118 0.408356369
v 0.286785007 -0.866025329 -0.409572244 0.680559814 0.426167995 0.346399158
v 0.249999955 -0.866025388 -0.433012754 0.649292767 0.499441415 0.302321851
v 0.211307421 -0.866025388 -0.453149319 0.647683024 0.551536143 0.28540507
v 0.171007976 -0.866025388 -0.469841838 0.657996595 0.572205544 0.29261446
v 0.129409537 -0.866025388 -0.482962877 0.648622334 0.556435704 0.31783697
v 0.0868236572 -0.866025329 -0.492398918 0.599572301 0.506643534 0.354952306
v 0.0435770638 -0.866025329 -0.498092502 0.53735292 0.454970568 0.397811443
v 3.73111106e-08 -0.866025448 -0.5 0.500093699 0.440988958 0.440258503
v -0.0435769856 -0.866025269 -0.498092473 0.513826907 0.490450352 0.477927238
v -0.0868236125 -0.866025209 -0.492398977 0.556195199 0.57382369 0.513612032
v -0.129409418 -0.866025448 -0.482962966 0.592743576 0.647757173 0.551897049
v -0.171007901 -0.866025329 -0.469841868 0.598394215 0.678474963 0.59305495
v -0.211307377 -0.866025329 -0.453149289 0.585577667 0.670505762 0.620110631
v -0.249999925 -0.866025388 -0.433012724 0.576101184 0.637953699 0.611777544
v -0.286784887 -0.866025269 -0.409572303 0.583409071 0.592774749 0.555746794
v -0.321390837 -0.866025329 -0.383018255 0.587493777 0.538330436 0.475621074
v -0.353553265 -0.866025448 -0.353553444 0.559984207 0.475834042 0.403980762
v -0.383018017 -0.866025269 -0.321390986 0.485170633 0.408356369 0.364915401
v -0.409572124 -0.866025209 -0.286785066 0.397987694 0.346399128 0.348550349
v -0.433012575 -0.866025448 -0.250000119 0.346030831 0.302321881 0.336519748
v -0.453149199 -0.866025329 -0.211307541 0.362894148 0.28540507 0.317172289
v -0.469841719 -0.866025329 -0.171008095 0.426168025 0.29261446 0.305715948
v -0.482962936 -0.866025388 -0.129409641 0.499441415 0.31783703 0.324073404
v -0.492398918 -0.866025269 -0.0868238434 0.551536083 0.354952216 0.383520812
v -0.498092473 -0.866025329 -0.0435772166 0.572205663 0.397811443 0.45274958
v -0.5 -0.866025448 -1.93424057e-07 0.556435704 0.440258503 0.489804268
v -0.498092443 -0.866025269 0.0435768291 0.506643534 0.477927238 0.468947262
v -0.492398977 -0.866025209 0.0868234709 0.454970479 0.513612032 0.429311097
v -0.482962936 -0.866025329 0.129409373 0.440988928 0.551897109 0.426245838
v -0.469841897 -0.866025448 0.171007842 0.490450501 0.59305501 0.497824162
v -0.453149348 -0.866025329 0.211307153 0.573823452 0.620110631 0.61300838
v -0.433012784 -0.866025388 0.249999717 0.647757113 0.611777604 0.723485887
v -0.409572363 -0.866025269 0.286784768 0.678474963 0.555746794 0.791593909
v -0.383018374 -0.866025329 0.321390718 0.670505822 0.475621074 0.822279274
v -0.353553593 -0.866025448 0.353553176 0.637953699 0.403980762 0.831141531
v -0.321391046 -0.866025269 0.383017957 0.59277457 0.364915401 0.829141974
v -0.286785096 -0.866025209 0.409572095 0.538330317 0.348550349 0.808694124
v -0.25000006 -0.866025329 0.433012635 0.475833952 0.336519688 0.757573485
v -0.211307496 -0.866025448 0.453149199 0.40835619 0.317172259 0.671470106
v -0.171008185 -0.866025329 0.469841719 0.346399307 0.305715978 0.577731788
v -0.12940976 -0.866025388 0.482962817 0.302321881 0.324073344 0.511619091
v -0.0868238956 -0.866025269 0.492398918 0.28540504 0.383520812 0.495987505
v -0.0435772575 -0.866025329 0.498092473 0.29261452 0.45274958 0.5040645
v -2.31084414e-07 -0.866025448 0.5 0.31783697 0.489804268 0.496670425
v 0.0435767882 -0.866025269 0.498092443 0.354952276 0.468947262 0.449403644
v 0.0868234187 -0.866025209 0.492398947 0.397811532 0.429311097 0.396972775
v 0.129409328 -0.866025329 0.482962936 0.440258533 0.426245838 0.38886416
v 0.171007812 -0.866025448 0.469841897 0.477927357 0.497824162 0.45432055
v 0.211307094 -0.866025329 0.453149348 0.513611913 0.61300838 0.541610718
v 0.249999687 -0.866025388 0.433012813 0.551896989 0.723485887 0.578761876
v 0.286784738 -0.866025269 0.409572363 0.593054891 0.791593909 0.51897794
v 0.321390688 -0.866025329 0.383018404 0.620110691 0.822279274 0.41617924
v 0.353553176 -0.866025448 0.353553623 0.611777604 0.831141531 0.349464625
v 0.383017957 -0.866025269 0.321391135 0.556298792 0.829068959 0.375505716
v 0.409572065 -0.866025209 0.286785215 0.480037063 0.808109999 0.461265862
v 0.433012575 -0.866025329 0.250000209 0.418885291 0.755602121 0.551280797
v 0.45314914 -0.866025388 0.211307719 0.400348246 0.667549133 0.600421846
v 0.469841689 -0.866025329 0.171008438 0.418379456 0.574620843 0.60490346
v 0.482962787 -0.866025388 0.129409939 0.458544999 0.516151845 0.571275175
v 0.492398918 -0.866025269 0.0868239328 0.505709052 0.518584847 0.511040449
v 0.498092473 -0.866025388 0.0435771495 0.541929543 0.556789875 0.455520213
v 0.342006117 -0.939647019 -9.06097697e-10 0.413580567 0.517936707 0.325949162
v 0.340701342 -0.9396469 -0.0298072416 0.435864806 0.492913812 0.398135453
v 0.336806893 -0.9396469 -0.0593884662 0.449519664 0.461475313 0.515644133
v 0.330352545 -0.9396469 -0.0885176957 0.435278565 0.459106505 0.626353264
v 0.321377516 -0.9396469 -0.116971545 0.385671824 0.506284297 0.689030409
v 0.30995962 -0.939646959 -0.144536883 0.340415418 0.563452363 0.706002355
v 0.29618603 -0.939646959 -0.171003088 0.351022243 0.57604599 0.69048512
v 0.28015244 -0.9396469 -0.196164504 0.450118303 0.509626865 0.654210448
v 0.261989117 -0.9396469 -0.219835356 0.594784617 0.410262167 0.602972865
v 0.241834864 -0.939647019 -0.241834879 0.72321558 0.344145417 0.541082025
v 0.219835326 -0.9396469 -0.261989146 0.788709581 0.35842225 0.473808527
v 0.196164474 -0.9396469 -0.28015244 0.80498153 0.424046844 0.410265177
v 0.171003044 -0.939647019 -0.29618603 0.800849855 0.492925376 0.360525042
v 0.144536883 -0.9396469 -0.30995965 0.79731077 0.525595963 0.333189905
v 0.116971545 -0.939646959 -0.321377605 0.784070373 0.517125726 0.330975115
v 0.088517718 -0.939647019 -0.330352575 0.743012547 0.471213311 0.355124593
v 0.0593884438 -0.9396469 -0.336806893 0.664976478 0.398229569 0.403895438
v 0.0298072472 -0.939647019 -0.340701371 0.576625884 0.335231811 0.463597685
v 2.20258851e-08 -0.939647019 -0.342006117 0.513579726 0.325949162 0.517554641
v -0.0298071969 -0.9396469 -0.340701312 0.499808103 0.398135513 0.552844286
v -0.0593884327 -0.9396469 -0.336806923 0.512685478 0.515644252 0.571564198
v -0.0885176361 -0.939646959 -0.330352545 0.517936707 0.626353204 0.579566658
v -0.1169715 -0.9396469 -0.321377575 0.492913812 0.689030409 0.580163836
v -0.144536838 -0.9396469 -0.30995965 0.461475313 0.706002355 0.56650728
v -0.171003044 -0.939647019 -0.29618603 0.459106594 0.69048512 0.529208601
v -0.196164399 -0.9396469 -0.28015247 0.506284297 0.654210508 0.464453816
v -0.219835296 -0.939647019 -0.261989176 0.563452303 0.602972984 0.390728146
v -0.241834819 -0.939647019 -0.241834909 0.57604599 0.541082025 0.332091242
v -0.261989057 -0.9396469 -0.21983543 0.509626806 0.473808527 0.304937333
v -0.28015238 -0.9396469 -0.196164519 0.410262018 0.410265088 0.294998735
v -0.296185941 -0.939646959 -0.171003148 0.344145477 0.360525072 0.280342191
v -0.30995962 -0.9396469 -0.144536957 0.358422279 0.333189905 0.248407379
v -0.321377516 -0.9396469 -0.116971642 0.424046874 0.330975115 0.224126726
v -0.330352545 -0.939647019 -0.0885177851 0.492925435 0.355124623 0.241805747
v -0.336806864 -0.9396469 -0.0593885854 0.525595963 0.403895378 0.321870446
v -0.340701371 -0.939647019 -0.0298073553 0.517125785 0.463597685 0.429230928
v -0.342006117 -0.939647019 -1.33153904e-07 0.471213341 0.517554641 0.514917076
v -0.340701371 -0.9396469 0.0298070852 0.398229569 0.552844286 0.543513954
v -0.336806923 -0.9396469 0.0593883172 0.335231751 0.571564198 0.533825517
v -0.330352545 -0.939647019 0.0885175914 0.325949192 0.579566658 0.518209875
v -0.321377575 -0.939647019 0.116971478 0.398135692 0.580163836 0.521828413
v -0.30995971 -0.939646959 0.144536659 0.515643895 0.566507339 0.541054249
v -0.296186119 -0.939647019 0.171002895 0.626353145 0.52920866 0.565063477
v -0.280152529 -0.9396469 0.19616428 0.689030409 0.464453816 0.58547169
v -0.261989266 -0.939647019 0.219835192 0.706002355 0.390728146 0.603651702
v -0.241834998 -0.939647019 0.2418347 0.69048512 0.332091242 0.623415887
v -0.21983549 -0.9396469 0.261988997 0.654210508 0.304937333 0.645433724
v -0.196164563 -0.9396469 0.280152351 0.602972746 0.294998735 0.657805622
v -0.171003133 -0.939647019 0.29618597 0.541081965 0.280342162 0.645488143
v -0.144536927 -0.939647019 0.30995962 0.473808467 0.248407334 0.601409256
v -0.116971724 -0.939646959 0.321377456 0.410265326 0.224126726 0.550376832
v -0.0885178745 -0.939647019 0.330352455 0.360525131 0.241805598 0.525168598
v -0.0593886115 -0.9396469 0.336806893 0.333189905 0.321870446 0.545109808
v -0.0298073832 -0.939647019 0.340701312 0.330975115 0.429230928 0.575712144
v -1.62143152e-07 -0.939647019 0.342006117 0.355124623 0.514917076 0.569034338
v 0.0298070535 -0.9396469 0.340701342 0.403895408 0.543513954 0.496871322
v 0.0593882874 -0.9396469 0.336806923 0.463597715 0.533825517 0.409965038
v 0.0885175541 -0.939647019 0.330352545 0.517554641 0.518209875 0.378793865
v 0.116971433 -0.939647019 0.321377575 0.552844346 0.521828413 0.447516084
v 0.144536629 -0.939646959 0.309959739 0.571564198 0.541054249 0.555008709
v 0.17100285 -0.939647019 0.29618609 0.579566658 0.565063477 0.613830566
v 0.196164265 -0.9396469 0.280152559 0.580163717 0.58547169 0.565775394
v 0.219835177 -0.939647019 0.261989266 0.566507399 0.603651702 0.469584554
v 0.241834685 -0.939647019 0.241834983 0.529208601 0.623415887 0.413236052
v 0.261988968 -0.9396469 0.219835505 0.46485278 0.645340741 0.457959622
v 0.280152261 -0.9396469 0.196164638 0.393920183 0.657061398 0.557991147
v 0.296185881 -0.939647019 0.171003222 0.342864811 0.642976403 0.640818238
v 0.30995959 -0.939647019 0.144537061 0.330546707 0.595111012 0.650451362
v 0.321377456 -0.939646959 0.116971873 0.345451802 0.535992861 0.596996367
v 0.330352485 -0.939647019 0.0885179937 0.368472695 0.495775133 0.507081568
v 0.336806864 -0.939646959 0.0593886375 0.384887755 0.494532645 0.408857197
v 0.340701342 -0.939647019 0.0298073031 0.397520602 0.512026072 0.336560279
v 0.173672274 -0.98489058 3.46142226e-09 0.260394543 0.545037746 0.356022835
v 0.173009723 -0.98489058 -0.0151362512 0.339220613 0.478292197 0.416417181
v 0.171032116 -0.984890521 -0.03015773 0.441501081 0.397969097 0.506121516
v 0.167754531 -0.98489058 -0.0449496917 0.516042829 0.370087296 0.589184463
v 0.163196996 -0.984890461 -0.0593986809 0.52754885 0.435731471 0.638314426
v 0.157398924 -0.984890521 -0.073396489 0.50430572 0.536252499 0.660857797
v 0.150404602 -0.98489064 -0.0868361294 0.490496069 0.588067114 0.672820687
v 0.142262697 -0.984890521 -0.0996132195 0.518573701 0.536020637 0.685005426
v 0.133039311 -0.98489064 -0.111633405 0.574077666 0.438671023 0.687400281
v 0.122804843 -0.98489058 -0.122804835 0.63081789 0.383004129 0.664790034
v 0.111633398 -0.984890461 -0.133039281 0.668458998 0.429035991 0.60842818
v 0.0996132195 -0.984890521 -0.142262682 0.690081418 0.52890259 0.535442948
v 0.086836122 -0.98489058 -0.150404617 0.7046206 0.607770026 0.469430774
v 0.073396489 -0.98489064 -0.157398924 0.717059493 0.609270632 0.430046707
v 0.0593986958 -0.98489064 -0.163196996 0.716574907 0.550903738 0.421177179
v 0.0449497178 -0.98489058 -0.167754531 0.688392103 0.468634814 0.442766517
v 0.030157743 -0.984890521 -0.171032086 0.626115918 0.395390481 0.491140604
v 0.0151362717 -0.984890521 -0.173009709 0.556869924 0.35194236 0.548150599
v 2.4401464e-08 -0.98489058 -0.173672259 0.51615715 0.356022835 0.592029214
v -0.0151362205 -0.984890461 -0.173009694 0.525584161 0.416417211 0.60587877
v -0.0301577114 -0.984890521 -0.171032071 0.55117017 0.506121576 0.592280626
v -0.0449496508 -0.98489064 -0.167754531 0.545037806 0.589184463 0.558685958
v -0.0593986548 -0.98489064 -0.163196996 0.478292167 0.638314426 0.511867404
v -0.0733964443 -0.98489064 -0.157398939 0.397969097 0.660857797 0.455884367
v -0.0868360996 -0.98489058 -0.150404602 0.370087296 0.672820687 0.394117951
v -0.0996131599 -0.984890521 -0.142262712 0.435731381 0.685005367 0.33184579
v -0.111633353 -0.984890521 -0.133039311 0.536252379 0.687400281 0.281930715
v -0.122804806 -0.98489058 -0.122804865 0.588067055 0.664790034 0.259132504
v -0.133039221 -0.984890461 -0.111633435 0.536020637 0.60842818 0.271892756
v -0.142262638 -0.984890521 -0.0996132419 0.438670903 0.535442829 0.303381354
v -0.150404558 -0.98489064 -0.0868361816 0.383004099 0.469430894 0.330449998
v -0.157398865 -0.98489064 -0.0733965337 0.429035962 0.430046707 0.336730719
v -0.163196936 -0.98489064 -0.0593987331 0.52890259 0.421177179 0.332976371
v -0.167754501 -0.98489058 -0.0449497364 0.607770085 0.442766577 0.336719751
v -0.171032026 -0.984890521 -0.0301577896 0.609270692 0.491140515 0.360967606
v -0.173009679 -0.984890521 -0.015136309 0.550903797 0.548150599 0.400622994
v -0.173672244 -0.98489058 -6.40594706e-08 0.468634754 0.592029214 0.446062565
v -0.173009679 -0.984890461 0.0151361767 0.395390451 0.60587877 0.487502933
v -0.171032086 -0.984890521 0.0301576648 0.351942301 0.592280626 0.514519155
v -0.167754531 -0.98489064 0.0449496359 0.356022865 0.558685899 0.516526222
v -0.163197011 -0.98489064 0.0593986511 0.41641736 0.511867285 0.488063067
v -0.157398939 -0.98489058 0.0733963773 0.506121278 0.455884486 0.444165796
v -0.150404647 -0.98489064 0.0868360549 0.589184403 0.3941181 0.404994041
v -0.142262712 -0.984890521 0.0996131301 0.638314366 0.33184579 0.386677593
v -0.133039325 -0.984890521 0.111633316 0.660857856 0.281930715 0.389225274
v -0.12280491 -0.98489058 0.122804768 0.672820687 0.259132504 0.408615232
v -0.111633442 -0.984890461 0.133039206 0.685005307 0.271892756 0.439572901
v -0.0996132493 -0.984890521 0.142262623 0.687400222 0.303381354 0.471811682
v -0.0868361592 -0.98489064 0.150404558 0.664790034 0.330450028 0.493792027
v -0.0733964965 -0.98489064 0.157398909 0.60842818 0.336730778 0.498881668
v -0.0593987629 -0.98489058 0.163196936 0.535443008 0.332976371 0.50007689
v -0.0449497625 -0.98489064 0.167754501 0.469430923 0.336719692 0.515281618
v -0.0301577952 -0.984890521 0.171032056 0.430046797 0.360967606 0.554042399
v -0.0151363127 -0.984890521 0.173009694 0.421177238 0.400622994 0.592478216
v -6.9196453e-08 -0.98489058 0.173672244 0.442766517 0.446062565 0.598350823
v 0.0151361721 -0.984890461 0.173009694 0.491140574 0.487502933 0.554037273
v 0.0301576611 -0.984890521 0.171032101 0.548150659 0.514519155 0.500374913
v 0.0449496359 -0.98489064 0.167754546 0.592029274 0.516526222 0.49281621
v 0.0593986399 -0.98489064 0.163197011 0.60587877 0.488063067 0.565113366
v 0.0733963773 -0.98489058 0.157398969 0.592280626 0.444165796 0.664217293
v 0.0868360326 -0.98489064 0.150404647 0.558686018 0.404994041 0.715380549
v 0.0996131226 -0.984890521 0.142262742 0.511867404 0.386677593 0.668225348
v 0.111633323 -0.984890521 0.13303934 0.455884427 0.389225274 0.569861412
v 0.122804761 -0.98489058 0.122804917 0.394118011 0.408615232 0.491770178
v 0.133039206 -0.984890401 0.111633465 0.331613779 0.439280868 0.48555398
v 0.142262638 -0.984890521 0.0996132866 0.280075371 0.469475359 0.523299098
v 0.150404558 -0.984890521 0.0868362263 0.252871007 0.485907078 0.557212532
v 0.157398894 -0.98489058 0.0733965784 0.257047921 0.481167406 0.55028379
v 0.163196936 -0.98489058 0.0593988597 0.274369597 0.4713808 0.508631647
v 0.167754486 -0.98489064 0.044949837 0.2802791 0.478554994 0.449156404
v 0.171032056 -0.98489058 0.0301578306 0.260457337 0.514442682 0.389619142
v 0.173009723 -0.98489058 0.0151362922 0.241538361 0.549777508 0.351220936
v 7.292536e-08 -1 1.9540348e-08 0.131373256 0.757395744 0.611014724
v 7.292536e-08 -1 1.9540348e-08 0.220721766 0.64715904 0.555572271
v 7.29253529e-08 -0.999999881 1.9540348e-08 0.34270823 0.513739109 0.500014126
v 7.29253529e-08 -0.99999994 1.95403462e-08 0.466005027 0.449802876 0.46487093
v 7.29253529e-08 -0.999999821 1.95403462e-08 0.561311901 0.515557528 0.465353966
v 7.29253529e-08 -0.99999994 1.9540348e-08 0.60743767 0.641372442 0.495396644
v 7.292536e-08 -1 1.95403462e-08 0.58521837 0.725157142 0.543612659
v 7.292536e-08 -0.99999994 1.95403462e-08 0.48722586 0.696816325 0.596632421
v 7.29253529e-08 -0.99999994 1.9540348e-08 0.352975577 0.614234328 0.6331532
v 7.29253529e-08 -1 1.95403462e-08 0.233718574 0.567289948 0.629888713
v 7.29253529e-08 -0.999999881 1.95403462e-08 0.171140164 0.618854046 0.576321721
v 7.29253529e-08 -0.999999881 1.95403462e-08 0.168662414 0.723763585 0.513012588
v 7.292536e-08 -1 1.9540348e-08 0.220141381 0.809847593 0.493290305
v 7.292536e-08 -0.99999994 1.95403462e-08 0.315183014 0.823246241 0.551891208
v 7.29253529e-08 -0.99999994 1.9540348e-08 0.4263933 0.783348143 0.649180233
v 7.292536e-08 -1 1.95403462e-08 0.522127807 0.727853417 0.726929188
v 7.29253529e-08 -0.999999821 1.95403462e-08 0.580472171 0.685803711 0.741815269
v 7.292536e-08 -0.99999994 1.95403462e-08 0.618431032 0.651607513 0.71013701
v 7.29253529e-08 -0.999999881 1.95403462e-08 0.662738919 0.611014724 0.663097382
v 7.29253458e-08 -0.999999821 1.95403445e-08 0.727400362 0.555572212 0.625381708
v 7.29253529e-08 -0.999999881 1.95403445e-08 0.775500774 0.500014007 0.595600843
v 7.292536e-08 -0.999999881 1.9540348e-08 0.757395744 0.46487093 0.565847456
v 7.29253529e-08 -0.99999994 1.95403462e-08 0.6471591 0.465353996 0.529445887
v 7.29253529e-08 -0.99999994 1.95403462e-08 0.513739169 0.495396644 0.484650254
v 7.292536e-08 -0.999999881 1.95403462e-08 0.449802876 0.543612719 0.43094641
v 7.29253529e-08 -0.99999994 1.95403445e-08 0.515557408 0.596632421 0.372948259
v 7.292536e-08 -0.99999994 1.95403462e-08 0.641372323 0.63315326 0.33578065
v 7.29253529e-08 -0.999999881 1.95403462e-08 0.725157142 0.629888713 0.349696368
v 7.29253458e-08 -0.999999821 1.95403445e-08 0.696816266 0.576321721 0.433207214
v 7.29253529e-08 -0.999999881 1.95403445e-08 0.614234209 0.513012528 0.557860851
v 7.292536e-08 -0.999999881 1.9540348e-08 0.567289948 0.493290305 0.683463454
v 7.29253529e-08 -0.99999994 1.95403462e-08 0.618853986 0.551891208 0.772966027
v 7.29253529e-08 -0.99999994 1.95403462e-08 0.723763645 0.649180233 0.80189544
v 7.292536e-08 -0.999999881 1.95403462e-08 0.809847593 0.726929247 0.748922467
v 7.29253529e-08 -0.99999994 1.95403445e-08 0.8232463 0.741815388 0.608658969
v 7.292536e-08 -0.99999994 1.95403462e-08 0.783348262 0.71013701 0.439477056
v 7.29253529e-08 -0.999999881 1.95403462e-08 0.727853417 0.663097382 0.315690041
v 7.29253458e-08 -0.999999821 1.95403445e-08 0.685803652 0.625381708 0.290689617
v 7.29253529e-08 -0.999999881 1.95403445e-08 0.651607394 0.595600843 0.334182262
v 7.292536e-08 -0.999999881 1.9540348e-08 0.611014664 0.565847337 0.394952983
v 7.29253529e-08 -1 1.9540348e-08 0.555572212 0.529445887 0.43219465
v 7.29253529e-08 -0.999999881 1.95403462e-08 0.500014186 0.484650344 0.446731508
v 7.292536e-08 -0.999999881 1.95403462e-08 0.46487096 0.430946529 0.449795723
v 7.29253529e-08 -0.99999994 1.95403445e-08 0.465353996 0.372948259 0.449459344
v 7.292536e-08 -0.99999994 1.95403462e-08 0.495396644 0.33578065 0.441154391
v 7.29253529e-08 -0.999999881 1.95403462e-08 0.543612659 0.349696368 0.417153031
v 7.29253458e-08 -0.999999821 1.95403445e-08 0.596632421 0.433207214 0.374118328
v 7.29253529e-08 -0.999999881 1.95403445e-08 0.6331532 0.557860851 0.326277345
v 7.292536e-08 -0.999999881 1.9540348e-08 0.629888654 0.683463693 0.292248189
v 7.29253529e-08 -1 1.9540348e-08 0.576321721 0.772966266 0.285458416
v 7.29253529e-08 -0.999999881 1.95403462e-08 0.513012707 0.80189538 0.29857409
v 7.292536e-08 -0.999999881 1.95403462e-08 0.493290275 0.748922646 0.319071263
v 7.29253529e-08 -0.99999994 1.95403445e-08 0.551891148 0.608658969 0.338869482
v 7.292536e-08 -0.99999994 1.95403462e-08 0.649180233 0.439477056 0.367664129
v 7.29253529e-08 -0.999999881 1.95403462e-08 0.726929247 0.315690041 0.419594407
v 7.29253458e-08 -0.999999821 1.95403445e-08 0.741815329 0.290689617 0.50333643
v 7.29253529e-08 -0.999999881 1.95403445e-08 0.710136831 0.334182262 0.605714977
v 7.292536e-08 -0.999999881 1.9540348e-08 0.663097322 0.394952983 0.708091915
v 7.29253529e-08 -1 1.9540348e-08 0.625381708 0.43219465 0.791938424
v 7.29253529e-08 -0.999999881 1.95403462e-08 0.595600903 0.446731508 0.839164734
v 7.292536e-08 -0.999999881 1.95403462e-08 0.565847456 0.449795723 0.831791282
v 7.29253529e-08 -0.99999994 1.9540348e-08 0.529445887 0.449459344 0.758627057
v 7.292536e-08 -0.99999994 1.9540348e-08 0.484650314 0.441154391 0.635639668
v 7.292536e-08 -0.999999881 1.9540348e-08 0.43094644 0.417153031 0.485585809
v 7.29253529e-08 -0.999999821 1.95403462e-08 0.369202346 0.375885785 0.334937245
v 7.29253529e-08 -0.999999881 1.95403462e-08 0.305814028 0.340417027 0.225024775
v 7.292536e-08 -0.99999994 1.9540348e-08 0.248559371 0.339969635 0.20089379
v 7.292536e-08 -1 1.9540348e-08 0.203098297 0.395009041 0.288229018
v 7.292536e-08 -0.99999994 1.95403462e-08 0.166619137 0.490971625 0.43527177
v 7.292536e-08 -1 1.9540348e-08 0.134191856 0.604538023 0.57090503
v 7.292536e-08 -1 1.9540348e-08 0.10531085 0.710155606 0.639300466
v 7.29253671e-08 -1 1.9540348e-08 0.0971665084 0.773345232 0.64579463
vt 0.489353687 0.95686096 0
vt 0.489353657 0.949634254 0
vt 0.496593386 0.949634135 0
vt 0.489353657 0.95686096 0
vt 0.50377816 0.949634075 0
vt 0.489353687 0.956861019 0
vt 0.510853112 0.949634254 0
vt 0.517764032 0.949634016 0
vt 0.489353657 0.9568609 0
vt 0.524459302 0.949634075 0
vt 0.530887425 0.949634254 0
vt 0.489353716 0.956861019 0
vt 0.536998689 0.949634016 0
vt 0.489353657 0.95686084 0
vt 0.542747915 0.949634075 0
vt 0.548091292 0.949634254 0
vt 0.552986264 0.949634075 0
vt 0.557397962 0.949633956 0
vt 0.561292291 0.949634135 0
vt 0.564637601 0.949634135 0
vt 0.567410827 0.949634075 0
vt 0.569590747 0.949634194 0
vt 0.57115835 0.949634016 0
vt 0.572104275 0.949634075 0
vt 0.572421193 0.949634254 0
vt 0.572104216 0.949634075 0
vt 0.57115835 0.949634135 0
vt 0.567410827 0.949634135 0
vt 0.564637661 0.949634075 0
vt 0.561292231 0.949634254 0
vt 0.557397962 0.949634075 0
vt 0.489353716 0.95686096 0
vt 0.552986443 0.949634075 0
vt 0.548091352 0.949634254 0
vt 0.536998689 0.949634135 0
vt 0.530887485 0.949634194 0
vt 0.524459302 0.949634135 0
vt 0.517764032 0.949634075 0
vt 0.510853171 0.949634254 0
vt 0.496593475 0.949634075 0
vt 0.489353746 0.949634254 0
vt 0.482114047 0.949634075 0
vt 0.474929243 0.949634135 0
vt 0.467854232 0.949634254 0
vt 0.460943311 0.949634194 0
vt 0.45424816 0.949634016 0
vt 0.489353687 0.9568609 0
vt 0.447819978 0.949634194 0
vt 0.441708744 0.949634075 0
vt 0.435959399 0.949634075 0
vt 0.43061614 0.949634254 0
vt 0.4257209 0.949634075 0
vt 0.421309352 0.949634135 0
vt 0.417415142 0.949634254 0
vt 0.414069742 0.949634194 0
vt 0.411296487 0.949634016 0
vt 0.409116656 0.949634194 0
vt 0.407548994 0.949634075 0
vt 0.406603098 0.949634075 0
vt 0.40628618 0.949634254 0
vt 0.406603068 0.949634075 0
vt 0.407548934 0.949634135 0
vt 0.409116596 0.949634254 0
vt 0.411296487 0.949634194 0
vt 0.414069653 0.949634016 0
vt 0.417415112 0.949634194 0
vt 0.421309352 0.949634075 0
vt 0.42572093 0.949634075 0
vt 0.430616051 0.949634254 0
vt 0.43595928 0.949634075 0
vt 0.441708624 0.949634135 0
vt 0.447819859 0.949634254 0
vt 0.454248101 0.949634194 0
vt 0.460943162 0.949634016 0
vt 0.467854172 0.949634194 0
vt 0.474929124 0.949634075 0
vt 0.482113987 0.949634075 0
vt 0.489353716 0.927994132 0
vt 0.503610551 0.927994072 0
vt 0.517759204 0.927994132 0
vt 0.53169167 0.927994132 0
vt 0.545301199 0.927994013 0
vt 0.558485806 0.927994132 0
vt 0.571144581 0.927994072 0
vt 0.583179235 0.927994013 0
vt 0.594501078 0.927994132 0
vt 0.605023503 0.927994132 0
vt 0.614663243 0.927994072 0
vt 0.62335068 0.927994013 0
vt 0.631019652 0.927994192 0
vt 0.637607574 0.927994013 0
vt 0.64306879 0.927994132 0
vt 0.647361457 0.927994192 0
vt 0.65044862 0.927994013 0
vt 0.652311325 0.927994132 0
vt 0.652935505 0.927994132 0
vt 0.652311265 0.927994072 0
vt 0.647361517 0.927994132 0
vt 0.64306879 0.927994013 0
vt 0.637607574 0.927994132 0
vt 0.631019533 0.927994132 0
vt 0.623350799 0.927994013 0
vt 0.614663303 0.927994132 0
vt 0.594501078 0.927994072 0
vt 0.583179295 0.927994013 0
vt 0.571144581 0.927994132 0
vt 0.558485806 0.927994013 0
vt 0.545301259 0.927994132 0
vt 0.53169179 0.927994132 0
vt 0.517759264 0.927994013 0
vt 0.503610492 0.927994132 0
vt 0.489353776 0.927994132 0
vt 0.475096911 0.927994072 0
vt 0.460948199 0.927994013 0
vt 0.447015673 0.927994132 0
vt 0.433406204 0.927994192 0
vt 0.420221686 0.927994132 0
vt 0.407562912 0.927994072 0
vt 0.395528197 0.927994013 0
vt 0.384206384 0.927994132 0
vt 0.373684049 0.927994132 0
vt 0.36404413 0.927994072 0
vt 0.355356604 0.927994013 0
vt 0.347687781 0.927994132 0
vt 0.341099828 0.927994192 0
vt 0.335638583 0.927994132 0
vt 0.331345916 0.927994072 0
vt 0.328258783 0.927994013 0
vt 0.326396018 0.927994132 0
vt 0.325771958 0.927994132 0
vt 0.326395929 0.927994072 0
vt 0.328258723 0.927994013 0
vt 0.331345856 0.927994132 0
vt 0.335638583 0.927994192 0
vt 0.341099769 0.927994132 0
vt 0.347687721 0.927994072 0
vt 0.355356544 0.927994013 0
vt 0.36404407 0.927994132 0
vt 0.37368387 0.927994132 0
vt 0.384206206 0.927994072 0
vt 0.395528018 0.927994013 0
vt 0.407562733 0.927994132 0
vt 0.420221537 0.927994192 0
vt 0.433405936 0.927994132 0
vt 0.447015524 0.927994072 0
vt 0.46094805 0.927994013 0
vt 0.475096822 0.927994132 0
vt 0.489353687 0.892780781 0
vt 0.510196626 0.89278084 0
vt 0.530881464 0.89278084 0
vt 0.551250339 0.892780781 0
vt 0.571146786 0.89278084 0
vt 0.590422153 0.8927809 0
vt 0.6089288 0.892780781 0
vt 0.626523137 0.89278084 0
vt 0.643075109 0.89278084 0
vt 0.658458412 0.892780781 0
vt 0.672551394 0.892780781 0
vt 0.685252309 0.892780781 0
vt 0.696463883 0.89278084 0
vt 0.706095159 0.8927809 0
vt 0.714079261 0.8927809 0
vt 0.720355034 0.892780781 0
vt 0.724868298 0.89278084 0
vt 0.727591515 0.8927809 0
vt 0.728503942 0.892780781 0
vt 0.727591515 0.892780781 0
vt 0.724868238 0.892780721 0
vt 0.720355093 0.8927809 0
vt 0.706095219 0.8927809 0
vt 0.696463943 0.89278084 0
vt 0.685252249 0.892780781 0
vt 0.672551453 0.8927809 0
vt 0.658458471 0.892780781 0
vt 0.643075228 0.892780781 0
vt 0.626523077 0.892780721 0
vt 0.608928859 0.8927809 0
vt 0.571146905 0.8927809 0
vt 0.551250398 0.89278084 0
vt 0.530881524 0.892780781 0
vt 0.510196686 0.8927809 0
vt 0.489353776 0.892780781 0
vt 0.468510807 0.892780781 0
vt 0.447825909 0.892780721 0
vt 0.427457124 0.89278084 0
vt 0.407560557 0.89278084 0
vt 0.388285369 0.892780721 0
vt 0.369778693 0.89278084 0
vt 0.352184325 0.892780781 0
vt 0.335632354 0.8927809 0
vt 0.320248991 0.892780781 0
vt 0.30615589 0.892780781 0
vt 0.293455094 0.892780721 0
vt 0.28224349 0.89278084 0
vt 0.272612154 0.89278084 0
vt 0.264628083 0.892780721 0
vt 0.25835228 0.89278084 0
vt 0.253839016 0.892780781 0
vt 0.251115799 0.8927809 0
vt 0.25020346 0.892780781 0
vt 0.251115739 0.892780781 0
vt 0.253838986 0.892780721 0
vt 0.25835222 0.89278084 0
vt 0.264628053 0.89278084 0
vt 0.272612095 0.892780721 0
vt 0.282243371 0.89278084 0
vt 0.293454945 0.892780781 0
vt 0.306155771 0.8927809 0
vt 0.320248812 0.892780781 0
vt 0.335632086 0.892780781 0
vt 0.352184087 0.892780721 0
vt 0.369778395 0.89278084 0
vt 0.3882851 0.89278084 0
vt 0.407560199 0.892780721 0
vt 0.427456826 0.89278084 0
vt 0.4478257 0.892780781 0
vt 0.468510687 0.8927809 0
vt 0.489353657 0.870362282 0
vt 0.513263524 0.870362401 0
vt 0.536992073 0.870362341 0
vt 0.560358107 0.870362282 0
vt 0.583182395 0.870362282 0
vt 0.60529387 0.870362341 0
vt 0.626523793 0.870362401 0
vt 0.646706939 0.870362341 0
vt 0.665694594 0.870362341 0
vt 0.683341503 0.870362282 0
vt 0.69950825 0.870362282 0
vt 0.71407783 0.870362341 0
vt 0.726939321 0.870362401 0
vt 0.737987757 0.870362401 0
vt 0.747146606 0.870362341 0
vt 0.754345894 0.870362401 0
vt 0.759523273 0.870362341 0
vt 0.762647152 0.870362401 0
vt 0.76369381 0.870362282 0
vt 0.762647092 0.870362282 0
vt 0.759523332 0.870362282 0
vt 0.747146606 0.870362401 0
vt 0.737987757 0.870362341 0
vt 0.726939201 0.870362401 0
vt 0.71407789 0.870362341 0
vt 0.699508369 0.870362401 0
vt 0.665694654 0.870362282 0
vt 0.646706998 0.870362282 0
vt 0.626523852 0.870362401 0
vt 0.60529393 0.870362401 0
vt 0.583182454 0.870362341 0
vt 0.560358226 0.870362401 0
vt 0.536992192 0.870362341 0
vt 0.513263583 0.870362401 0
vt 0.489353776 0.870362282 0
vt 0.46544385 0.870362282 0
vt 0.44171533 0.870362282 0
vt 0.418349296 0.870362341 0
vt 0.395525098 0.870362401 0
vt 0.373413652 0.870362341 0
vt 0.352183759 0.870362401 0
vt 0.332000464 0.870362341 0
vt 0.313012898 0.870362401 0
vt 0.295366019 0.870362282 0
vt 0.279199213 0.870362282 0
vt 0.264629543 0.870362282 0
vt 0.251768202 0.870362341 0
vt 0.240719631 0.870362401 0
vt 0.231560782 0.870362341 0
vt 0.224361479 0.870362401 0
vt 0.219184101 0.870362341 0
vt 0.216060176 0.870362401 0
vt 0.215013549 0.870362282 0
vt 0.216060132 0.870362282 0
vt 0.219184056 0.870362282 0
vt 0.22436142 0.870362341 0
vt 0.231560707 0.870362401 0
vt 0.240719512 0.870362341 0
vt 0.251768082 0.870362401 0
vt 0.264629334 0.870362341 0
vt 0.279199034 0.870362401 0
vt 0.29536581 0.870362282 0
vt 0.31301263 0.870362282 0
vt 0.332000196 0.870362282 0
vt 0.352183491 0.870362341 0
vt 0.373413324 0.870362401 0
vt 0.39552477 0.870362341 0
vt 0.418348998 0.870362401 0
vt 0.441715091 0.870362341 0
vt 0.46544379 0.870362401 0
vt 0.489353716 0.844959199 0
vt 0.516148567 0.84495908 0
vt 0.542740524 0.84495914 0
vt 0.568925977 0.844959199 0
vt 0.594504237 0.84495908 0
vt 0.619283974 0.844959199 0
vt 0.643075585 0.844959199 0
vt 0.665694296 0.84495908 0
vt 0.686972976 0.84495914 0
vt 0.70674932 0.844959199 0
vt 0.724866688 0.844959199 0
vt 0.741194487 0.84495914 0
vt 0.755607843 0.844959199 0
vt 0.767989457 0.84495914 0
vt 0.778253555 0.844959199 0
vt 0.786321521 0.84495914 0
vt 0.792123497 0.84495908 0
vt 0.795624554 0.844959259 0
vt 0.796797395 0.844959199 0
vt 0.795624435 0.844959199 0
vt 0.792123616 0.84495914 0
vt 0.78632164 0.844959259 0
vt 0.778253496 0.84495914 0
vt 0.767989576 0.844959199 0
vt 0.741194665 0.84495914 0
vt 0.724866867 0.844959259 0
vt 0.70674938 0.844959199 0
vt 0.686972916 0.844959199 0
vt 0.665694296 0.84495914 0
vt 0.643075645 0.844959259 0
vt 0.619284093 0.84495914 0
vt 0.594504356 0.844959199 0
vt 0.542740583 0.84495914 0
vt 0.516148806 0.844959259 0
vt 0.489353776 0.844959199 0
vt 0.462558776 0.844959199 0
vt 0.435966969 0.84495914 0
vt 0.409781456 0.844959199 0
vt 0.384203106 0.844959319 0
vt 0.359423518 0.844959199 0
vt 0.335631937 0.84495914 0
vt 0.313013196 0.84495914 0
vt 0.291734487 0.844959259 0
vt 0.271958172 0.844959199 0
vt 0.253840595 0.844959199 0
vt 0.237512842 0.84495914 0
vt 0.223099589 0.844959199 0
vt 0.210717812 0.844959319 0
vt 0.200453773 0.844959199 0
vt 0.192385793 0.84495914 0
vt 0.186583668 0.84495914 0
vt 0.183082804 0.844959259 0
vt 0.181909874 0.844959199 0
vt 0.183082774 0.844959199 0
vt 0.186583638 0.84495914 0
vt 0.192385748 0.844959199 0
vt 0.200453699 0.844959319 0
vt 0.210717723 0.844959199 0
vt 0.223099425 0.84495914 0
vt 0.237512663 0.84495914 0
vt 0.253840476 0.844959259 0
vt 0.271957964 0.844959199 0
vt 0.291734189 0.844959199 0
vt 0.313012928 0.84495914 0
vt 0.335631549 0.844959199 0
vt 0.35942319 0.844959319 0
vt 0.384202689 0.844959199 0
vt 0.409781069 0.84495914 0
vt 0.435966671 0.84495914 0
vt 0.462558687 0.844959259 0
vt 0.489353657 0.816769838 0
vt 0.518830001 0.816769958 0
vt 0.548082829 0.816769898 0
vt 0.57688868 0.816769838 0
vt 0.605026662 0.816769958 0
vt 0.632285953 0.816769898 0
vt 0.658458471 0.816769958 0
vt 0.68334049 0.816769898 0
vt 0.706748664 0.816769898 0
vt 0.728503942 0.816769838 0
vt 0.748434424 0.816769958 0
vt 0.766396165 0.816769898 0
vt 0.782251835 0.816769958 0
vt 0.795872509 0.816769898 0
vt 0.807163715 0.816769898 0
vt 0.816039026 0.816769958 0
vt 0.82242173 0.816769898 0
vt 0.826272964 0.816770077 0
vt 0.827563167 0.816769838 0
vt 0.826272905 0.816769958 0
vt 0.82242167 0.816769898 0
vt 0.782251835 0.816770017 0
vt 0.766396224 0.816769838 0
vt 0.748434603 0.816770077 0
vt 0.706748724 0.816769958 0
vt 0.683340549 0.816769898 0
vt 0.658458531 0.816769958 0
vt 0.632286131 0.816769898 0
vt 0.605026782 0.816769898 0
vt 0.576888859 0.816770017 0
vt 0.548083007 0.816769838 0
vt 0.518830121 0.816770077 0
vt 0.489353806 0.816769838 0
vt 0.459877461 0.816769958 0
vt 0.430624604 0.816769898 0
vt 0.401818693 0.816770017 0
vt 0.373680711 0.816770017 0
vt 0.34642148 0.816770017 0
vt 0.32024911 0.816769958 0
vt 0.295366943 0.816769838 0
vt 0.271958828 0.816770077 0
vt 0.25020355 0.816769838 0
vt 0.230272949 0.816769958 0
vt 0.212311253 0.816769898 0
vt 0.196455657 0.816770017 0
vt 0.182834893 0.816770017 0
vt 0.171543717 0.816770017 0
vt 0.162668362 0.816769958 0
vt 0.156285614 0.816769838 0
vt 0.152434409 0.816770077 0
vt 0.151144132 0.816769838 0
vt 0.152434364 0.816769958 0
vt 0.156285569 0.816769898 0
vt 0.162668303 0.816770017 0
vt 0.171543613 0.816770017 0
vt 0.182834744 0.816770017 0
vt 0.196455494 0.816769958 0
vt 0.212311059 0.816769838 0
vt 0.230272725 0.816770077 0
vt 0.250203282 0.816769838 0
vt 0.27195856 0.816769958 0
vt 0.295366585 0.816769898 0
vt 0.320248723 0.816770017 0
vt 0.346421123 0.816770017 0
vt 0.373680294 0.816770017 0
vt 0.401818305 0.816769958 0
vt 0.430624276 0.816769838 0
vt 0.459877253 0.816770077 0
vt 0.489353657 0.78600204 0
vt 0.521286607 0.78600198 0
vt 0.552977264 0.78600204 0
vt 0.584183812 0.78600204 0
vt 0.614666641 0.786001861 0
vt 0.644197822 0.78600204 0
vt 0.672551274 0.78600204 0
vt 0.699507117 0.786001861 0
vt 0.724865913 0.78600204 0
vt 0.748434186 0.78600204 0
vt 0.770025671 0.786001921 0
vt 0.789484322 0.786001921 0
vt 0.806661427 0.78600204 0
vt 0.821417153 0.78600198 0
vt 0.833649337 0.78600204 0
vt 0.843264401 0.78600204 0
vt 0.850178957 0.786001861 0
vt 0.854351282 0.78600204 0
vt 0.855748951 0.78600204 0
vt 0.854351223 0.786001921 0
vt 0.850178897 0.78600198 0
vt 0.843264401 0.78600198 0
vt 0.833649337 0.78600198 0
vt 0.821417272 0.78600204 0
vt 0.806661427 0.786001921 0
vt 0.789484441 0.78600204 0
vt 0.770025849 0.78600204 0
vt 0.748434305 0.78600204 0
vt 0.724865973 0.786001921 0
vt 0.699507177 0.78600198 0
vt 0.672551394 0.78600198 0
vt 0.644197881 0.78600198 0
vt 0.614666879 0.78600204 0
vt 0.584183931 0.786001921 0
vt 0.552977383 0.78600204 0
vt 0.521286666 0.78600204 0
vt 0.489353836 0.78600204 0
vt 0.457420945 0.786001921 0
vt 0.425730258 0.78600198 0
vt 0.39452371 0.78600204 0
vt 0.364040732 0.78600204 0
vt 0.33450982 0.78600198 0
vt 0.306156248 0.78600204 0
vt 0.279200464 0.78600204 0
vt 0.253841549 0.78600204 0
vt 0.230273217 0.78600204 0
vt 0.208681658 0.786001921 0
vt 0.189223066 0.78600198 0
vt 0.172046125 0.78600204 0
vt 0.15729019 0.78600204 0
vt 0.145058051 0.78600198 0
vt 0.135443032 0.78600204 0
vt 0.128528386 0.78600204 0
vt 0.124356203 0.78600204 0
vt 0.122958384 0.78600204 0
vt 0.124356166 0.786001921 0
vt 0.128528342 0.78600198 0
vt 0.135442957 0.78600204 0
vt 0.145057961 0.78600204 0
vt 0.157290041 0.78600198 0
vt 0.172045916 0.78600204 0
vt 0.189222857 0.78600204 0
vt 0.208681419 0.78600204 0
vt 0.230272934 0.78600204 0
vt 0.253841251 0.786001921 0
vt 0.279200137 0.78600198 0
vt 0.30615586 0.78600204 0
vt 0.334509373 0.78600204 0
vt 0.364040256 0.78600198 0
vt 0.394523263 0.78600204 0
vt 0.425729871 0.78600204 0
vt 0.457420737 0.78600204 0
vt 0.489353687 0.752898455 0
vt 0.523500383 0.752898395 0
vt 0.557388246 0.752898455 0
vt 0.590758204 0.752898455 0
vt 0.623354435 0.752898335 0
vt 0.654932857 0.752898395 0
vt 0.68525219 0.752898455 0
vt 0.714076698 0.752898335 0
vt 0.741193652 0.752898455 0
vt 0.766395986 0.752898455 0
vt 0.789484441 0.752898335 0
vt 0.810291946 0.752898395 0
vt 0.828659832 0.752898395 0
vt 0.844438732 0.752898395 0
vt 0.857518911 0.752898395 0
vt 0.867800593 0.752898395 0
vt 0.87519443 0.752898335 0
vt 0.879655957 0.752898455 0
vt 0.881150603 0.752898455 0
vt 0.879655898 0.752898335 0
vt 0.87519455 0.752898395 0
vt 0.844438672 0.752898395 0
vt 0.828659892 0.752898395 0
vt 0.810292006 0.752898395 0
vt 0.789484441 0.752898455 0
vt 0.766396046 0.752898455 0
vt 0.741193771 0.752898335 0
vt 0.714076698 0.752898395 0
vt 0.685252368 0.752898395 0
vt 0.654932976 0.752898395 0
vt 0.623354673 0.752898395 0
vt 0.590758383 0.752898395 0
vt 0.557388306 0.752898395 0
vt 0.523500562 0.752898455 0
vt 0.489353895 0.752898455 0
vt 0.455207109 0.752898335 0
vt 0.421319336 0.752898395 0
vt 0.387949318 0.752898455 0
vt 0.355352998 0.752898455 0
vt 0.323774636 0.752898335 0
vt 0.293455392 0.752898395 0
vt 0.264630795 0.752898395 0
vt 0.23751381 0.752898455 0
vt 0.212311506 0.752898455 0
vt 0.189223021 0.752898335 0
vt 0.168415397 0.752898395 0
vt 0.15004757 0.752898455 0
vt 0.134268641 0.752898455 0
vt 0.121188477 0.752898335 0
vt 0.110906862 0.752898395 0
vt 0.103512794 0.752898395 0
vt 0.0990513712 0.752898455 0
vt 0.0975566506 0.752898455 0
vt 0.0990513414 0.752898335 0
vt 0.103512742 0.752898395 0
vt 0.110906765 0.752898455 0
vt 0.121188357 0.752898455 0
vt 0.134268478 0.752898335 0
vt 0.150047377 0.752898395 0
vt 0.168415144 0.752898395 0
vt 0.189222753 0.752898455 0
vt 0.212311193 0.752898455 0
vt 0.237513438 0.752898335 0
vt 0.264630407 0.752898395 0
vt 0.293454975 0.752898455 0
vt 0.323774189 0.752898455 0
vt 0.355352491 0.752898335 0
vt 0.387948781 0.752898395 0
vt 0.421318918 0.752898395 0
vt 0.455206901 0.752898455 0
vt 0.489353716 0.717710733 0
vt 0.52545476 0.717710674 0
vt 0.561281979 0.717710614 0
vt 0.59656179 0.717710733 0
vt 0.631023645 0.717710614 0
vt 0.664409399 0.717710614 0
vt 0.696463943 0.717710733 0
vt 0.726938128 0.717710674 0
vt 0.755607128 0.717710674 0
vt 0.782251835 0.717710733 0
vt 0.806661665 0.717710555 0
vt 0.828660071 0.717710674 0
vt 0.848079205 0.717710674 0
vt 0.864761114 0.717710614 0
vt 0.878589928 0.717710614 0
vt 0.889459968 0.717710674 0
vt 0.897277117 0.717710674 0
vt 0.901993871 0.717710733 0
vt 0.903574169 0.717710733 0
vt 0.901993811 0.717710555 0
vt 0.897277117 0.717710555 0
vt 0.889459908 0.717710733 0
vt 0.878589988 0.717710614 0
vt 0.848079145 0.717710733 0
vt 0.828660131 0.717710614 0
vt 0.806661725 0.717710733 0
vt 0.782251894 0.717710733 0
vt 0.755607188 0.717710555 0
vt 0.726938188 0.717710555 0
vt 0.696464062 0.717710733 0
vt 0.664409459 0.717710614 0
vt 0.631023884 0.717710614 0
vt 0.596561968 0.717710733 0
vt 0.561282158 0.717710614 0
vt 0.525454938 0.717710733 0
vt 0.489353895 0.717710733 0
vt 0.453252852 0.717710555 0
vt 0.417425543 0.717710555 0
vt 0.382145733 0.717710674 0
vt 0.347683877 0.717710733 0
vt 0.314298213 0.717710674 0
vt 0.282243699 0.717710733 0
vt 0.251769453 0.717710614 0
vt 0.223100483 0.717710733 0
vt 0.196455777 0.717710733 0
vt 0.172045901 0.717710555 0
vt 0.150047407 0.717710555 0
vt 0.130628332 0.717710674 0
vt 0.113946363 0.717710733 0
vt 0.100117587 0.717710674 0
vt 0.0892475247 0.717710733 0
vt 0.0814302787 0.717710614 0
vt 0.0767135248 0.717710733 0
vt 0.0751332417 0.717710733 0
vt 0.0767134875 0.717710555 0
vt 0.0814302117 0.717710555 0
vt 0.0892474353 0.717710674 0
vt 0.10011746 0.717710733 0
vt 0.113946192 0.717710674 0
vt 0.130628139 0.717710733 0
vt 0.150047153 0.717710614 0
vt 0.172045618 0.717710733 0
vt 0.196455419 0.717710733 0
vt 0.223100081 0.717710555 0
vt 0.251769036 0.717710555 0
vt 0.282243282 0.717710674 0
vt 0.314297765 0.717710733 0
vt 0.347683311 0.717710674 0
vt 0.382145226 0.717710733 0
vt 0.417425156 0.717710614 0
vt 0.453252643 0.717710733 0
vt 0.489353716 0.68069762 0
vt 0.527133465 0.68069762 0
vt 0.564626873 0.68069768 0
vt 0.601547241 0.68069762 0
vt 0.637611747 0.68069762 0
vt 0.672550082 0.68069762 0
vt 0.706095338 0.68069768 0
vt 0.737986565 0.68069762 0
vt 0.767988861 0.68069768 0
vt 0.795872569 0.68069762 0
vt 0.821417451 0.68069762 0
vt 0.84443891 0.68069762 0
vt 0.864761114 0.68069768 0
vt 0.882218659 0.68069762 0
vt 0.896690726 0.68069762 0
vt 0.908066332 0.68069762 0
vt 0.91624707 0.68069762 0
vt 0.921183109 0.68069768 0
vt 0.9228369 0.68069762 0
vt 0.92118305 0.68069762 0
vt 0.916246891 0.68069768 0
vt 0.908066273 0.68069768 0
vt 0.882218719 0.68069762 0
vt 0.821417689 0.68069768 0
vt 0.76798892 0.68069762 0
vt 0.737986684 0.68069768 0
vt 0.706095457 0.68069768 0
vt 0.672550201 0.68069762 0
vt 0.637611926 0.68069762 0
vt 0.60154742 0.68069768 0
vt 0.564626992 0.68069762 0
vt 0.527133644 0.68069768 0
vt 0.489353865 0.68069762 0
vt 0.451574057 0.68069762 0
vt 0.414080679 0.68069768 0
vt 0.377160132 0.68069762 0
vt 0.341095626 0.68069768 0
vt 0.30615747 0.68069762 0
vt 0.272612363 0.68069768 0
vt 0.240720898 0.68069762 0
vt 0.210718706 0.68069768 0
vt 0.182834968 0.68069762 0
vt 0.157289937 0.68069762 0
vt 0.134268433 0.68069768 0
vt 0.113946319 0.68069762 0
vt 0.0964885727 0.68069768 0
vt 0.0820167139 0.68069762 0
vt 0.0706411526 0.68069768 0
vt 0.062460389 0.68069762 0
vt 0.057524275 0.68069768 0
vt 0.0558705069 0.68069762 0
vt 0.0575242378 0.68069762 0
vt 0.0624603257 0.68069768 0
vt 0.0706410632 0.68069762 0
vt 0.0820165873 0.68069768 0
vt 0.0964884087 0.68069762 0
vt 0.113946103 0.68069768 0
vt 0.134268165 0.68069762 0
vt 0.157289639 0.68069768 0
vt 0.182834595 0.68069762 0
vt 0.210718319 0.68069762 0
vt 0.24072051 0.68069768 0
vt 0.272611916 0.68069762 0
vt 0.306157023 0.68069768 0
vt 0.34109509 0.68069762 0
vt 0.377159595 0.68069768 0
vt 0.414080292 0.68069762 0
vt 0.451573789 0.68069768 0
vt 0.489353687 0.642147064 0
vt 0.528525174 0.642146945 0
vt 0.56739974 0.642147005 0
vt 0.605680227 0.642147005 0
vt 0.643073201 0.642146945 0
vt 0.67929852 0.642147005 0
vt 0.71407932 0.642147064 0
vt 0.747145474 0.642147005 0
vt 0.77825278 0.642147005 0
vt 0.807163656 0.642147064 0
vt 0.833649635 0.642147005 0
vt 0.857519209 0.642146945 0
vt 0.878589988 0.642147124 0
vt 0.896690726 0.642146945 0
vt 0.911695659 0.642147005 0
vt 0.923490286 0.642147124 0
vt 0.931972325 0.642147005 0
vt 0.937090337 0.642147005 0
vt 0.938804984 0.642147064 0
vt 0.937090158 0.642147005 0
vt 0.923490345 0.642147124 0
vt 0.911695659 0.642146945 0
vt 0.896690786 0.642147005 0
vt 0.878589928 0.642147064 0
vt 0.833649755 0.642147005 0
vt 0.807163715 0.642147064 0
vt 0.77825284 0.642147005 0
vt 0.714079499 0.642147124 0
vt 0.67929858 0.642146945 0
vt 0.64307332 0.642147005 0
vt 0.605680406 0.642147064 0
vt 0.567399859 0.642146945 0
vt 0.528525293 0.642147005 0
vt 0.489353865 0.642147064 0
vt 0.450182319 0.642147005 0
vt 0.411307812 0.642147005 0
vt 0.373027265 0.642147064 0
vt 0.335634291 0.642146945 0
vt 0.299409121 0.642147064 0
vt 0.264628291 0.642147064 0
vt 0.231562063 0.642146945 0
vt 0.200454712 0.642147005 0
vt 0.171543822 0.642147064 0
vt 0.145057812 0.642147005 0
vt 0.121188238 0.642147005 0
vt 0.100117519 0.642147064 0
vt 0.082016699 0.642146945 0
vt 0.0670117289 0.642147064 0
vt 0.0552171394 0.642147064 0
vt 0.0467350259 0.642146945 0
vt 0.0416170768 0.642147005 0
vt 0.0399023853 0.642147064 0
vt 0.0416170396 0.642147005 0
vt 0.0467349589 0.642147005 0
vt 0.0552170463 0.642147064 0
vt 0.0670115948 0.642146945 0
vt 0.0820165277 0.642147064 0
vt 0.100117303 0.642147064 0
vt 0.121187955 0.642146945 0
vt 0.145057455 0.642147005 0
vt 0.171543419 0.642147064 0
vt 0.20045428 0.642147005 0
vt 0.231561646 0.642146945 0
vt 0.264627844 0.642147064 0
vt 0.299408615 0.642146945 0
vt 0.335633725 0.642147064 0
vt 0.373026788 0.642147064 0
vt 0.411307365 0.642146945 0
vt 0.45018208 0.642147005 0
vt 0.489353716 0.602353692 0
vt 0.529619157 0.602353752 0
vt 0.569579244 0.602353752 0
vt 0.6089288 0.602353632 0
vt 0.647365987 0.602353692 0
vt 0.684602976 0.602353692 0
vt 0.720355153 0.602353692 0
vt 0.754344761 0.602353752 0
vt 0.786320865 0.602353752 0
vt 0.816039145 0.602353692 0
vt 0.843264639 0.602353692 0
vt 0.867800772 0.602353752 0
vt 0.889460027 0.602353692 0
vt 0.908066213 0.602353752 0
vt 0.923490286 0.602353752 0
vt 0.935614228 0.602353692 0
vt 0.944333136 0.602353752 0
vt 0.949593961 0.602353692 0
vt 0.951356649 0.602353692 0
vt 0.949594021 0.602353692 0
vt 0.944333136 0.602353692 0
vt 0.935614288 0.602353692 0
vt 0.923490226 0.602353752 0
vt 0.908066273 0.602353752 0
vt 0.889459908 0.602353692 0
vt 0.867800832 0.602353632 0
vt 0.843264818 0.602353692 0
vt 0.816039205 0.602353692 0
vt 0.786320984 0.602353692 0
vt 0.754344702 0.602353692 0
vt 0.720355272 0.602353692 0
vt 0.684603035 0.602353752 0
vt 0.647366166 0.602353752 0
vt 0.608929038 0.602353692 0
vt 0.569579363 0.602353632 0
vt 0.529619336 0.602353692 0
vt 0.489353895 0.602353692 0
vt 0.449088454 0.602353692 0
vt 0.409128249 0.602353692 0
vt 0.369778693 0.602353752 0
vt 0.331341505 0.602353752 0
vt 0.294104695 0.602353632 0
vt 0.258352518 0.602353752 0
vt 0.224362895 0.602353632 0
vt 0.192386821 0.602353692 0
vt 0.162668541 0.602353692 0
vt 0.135442838 0.602353692 0
vt 0.11090669 0.602353692 0
vt 0.0892475396 0.602353752 0
vt 0.0706412271 0.602353752 0
vt 0.05521724 0.602353632 0
vt 0.0430932678 0.602353752 0
vt 0.0343742706 0.602353632 0
vt 0.0291133933 0.602353692 0
vt 0.0273508225 0.602353692 0
vt 0.029113356 0.602353692 0
vt 0.0343741998 0.602353692 0
vt 0.0430931635 0.602353752 0
vt 0.0552171022 0.602353752 0
vt 0.0706410483 0.602353632 0
vt 0.0892473161 0.602353752 0
vt 0.110906407 0.602353632 0
vt 0.135442495 0.602353692 0
vt 0.162668109 0.602353692 0
vt 0.192386359 0.602353692 0
vt 0.224362418 0.602353632 0
vt 0.258352041 0.602353752 0
vt 0.294104159 0.602353692 0
vt 0.331340909 0.602353632 0
vt 0.369778156 0.602353752 0
vt 0.409127861 0.602353632 0
vt 0.449088186 0.602353692 0
vt 0.489353687 0.561615884 0
vt 0.53040576 0.561615825 0
vt 0.571146727 0.561615825 0
vt 0.611265004 0.561615884 0
vt 0.65045321 0.561615765 0
vt 0.688417733 0.561615825 0
vt 0.724868417 0.561615884 0
vt 0.759522021 0.561615825 0
vt 0.792122781 0.561615884 0
vt 0.82242173 0.561615884 0
vt 0.850179255 0.561615825 0
vt 0.875194788 0.561615825 0
vt 0.897277176 0.561615884 0
vt 0.916246951 0.561615825 0
vt 0.931972265 0.561615884 0
vt 0.944333196 0.561615944 0
vt 0.953222334 0.561615825 0
vt 0.958586156 0.561615884 0
vt 0.960383058 0.561615884 0
vt 0.958586156 0.561615825 0
vt 0.953222394 0.561615825 0
vt 0.944333136 0.561615884 0
vt 0.931972265 0.561615825 0
vt 0.916246951 0.561615884 0
vt 0.897277176 0.561615944 0
vt 0.875194848 0.561615825 0
vt 0.850179374 0.561615884 0
vt 0.822421849 0.561615884 0
vt 0.7921229 0.561615825 0
vt 0.759521961 0.561615825 0
vt 0.724868476 0.561615884 0
vt 0.688417792 0.561615825 0
vt 0.650453448 0.561615884 0
vt 0.611265182 0.561615944 0
vt 0.571146786 0.561615825 0
vt 0.530405998 0.561615884 0
vt 0.489353865 0.561615884 0
vt 0.448301673 0.561615825 0
vt 0.407560796 0.561615825 0
vt 0.367442459 0.561615944 0
vt 0.328254223 0.561615884 0
vt 0.290289968 0.561615884 0
vt 0.253839254 0.561615944 0
vt 0.219185531 0.561615825 0
vt 0.186584711 0.561615884 0
vt 0.156285793 0.561615884 0
vt 0.128528163 0.561615825 0
vt 0.10351266 0.561615825 0
vt 0.0814303234 0.561615944 0
vt 0.0624604933 0.561615884 0
vt 0.0467351526 0.561615884 0
vt 0.0343743153 0.561615944 0
vt 0.0254849736 0.561615825 0
vt 0.0201213099 0.561615884 0
vt 0.0183243006 0.561615884 0
vt 0.0201212689 0.561615825 0
vt 0.0254848991 0.561615825 0
vt 0.034374211 0.561615944 0
vt 0.0467350185 0.561615884 0
vt 0.0624603219 0.561615884 0
vt 0.0814301148 0.561615944 0
vt 0.103512369 0.561615825 0
vt 0.12852782 0.561615884 0
vt 0.156285375 0.561615884 0
vt 0.186584264 0.561615765 0
vt 0.219185084 0.561615825 0
vt 0.253838748 0.561615944 0
vt 0.290289432 0.561615825 0
vt 0.328253657 0.561615825 0
vt 0.367441893 0.561615884 0
vt 0.407560408 0.561615825 0
vt 0.448301435 0.561615884 0
vt 0.489353716 0.520246089 0
vt 0.530880511 0.520246208 0
vt 0.572092533 0.520246148 0
vt 0.612674773 0.520246089 0
vt 0.652316034 0.520246148 0
vt 0.690719545 0.520246148 0
vt 0.727591634 0.520246148 0
vt 0.762646019 0.520246208 0
vt 0.79562366 0.520246148 0
vt 0.826273024 0.520246148 0
vt 0.854351521 0.520246148 0
vt 0.879656255 0.520246148 0
vt 0.90199393 0.520246148 0
vt 0.921183109 0.520246148 0
vt 0.937090278 0.520246148 0
vt 0.949594021 0.520246148 0
vt 0.958586156 0.520246208 0
vt 0.964011848 0.520246208 0
vt 0.965829492 0.520246148 0
vt 0.964011669 0.520246148 0
vt 0.958586156 0.520246148 0
vt 0.854351699 0.520246208 0
vt 0.826273203 0.520246148 0
vt 0.762646079 0.520246148 0
vt 0.727591753 0.520246148 0
vt 0.652316153 0.520246148 0
vt 0.612674952 0.520246148 0
vt 0.572092652 0.520246148 0
vt 0.53088069 0.520246208 0
vt 0.489353895 0.520246148 0
vt 0.447827041 0.520246148 0
vt 0.406615108 0.520246148 0
vt 0.366032869 0.520246089 0
vt 0.326391548 0.520246208 0
vt 0.287988156 0.520246208 0
vt 0.251116037 0.520246148 0
vt 0.216061622 0.520246148 0
vt 0.183083862 0.520246208 0
vt 0.152434587 0.520246148 0
vt 0.124356017 0.520246148 0
vt 0.0990512297 0.520246148 0
vt 0.0767135844 0.520246089 0
vt 0.0575243905 0.520246208 0
vt 0.0416172221 0.520246208 0
vt 0.0291134566 0.520246148 0
vt 0.0201213323 0.520246148 0
vt 0.0146956472 0.520246208 0
vt 0.012877861 0.520246148 0
vt 0.0146956099 0.520246148 0
vt 0.0201212559 0.520246148 0
vt 0.0291133523 0.520246089 0
vt 0.0416170843 0.520246208 0
vt 0.057524208 0.520246208 0
vt 0.0767133534 0.520246148 0
vt 0.0990509391 0.520246148 0
vt 0.124355659 0.520246208 0
vt 0.152434185 0.520246089 0
vt 0.183083415 0.520246148 0
vt 0.216061205 0.520246148 0
vt 0.251115561 0.520246089 0
vt 0.287987679 0.520246208 0
vt 0.326390922 0.520246208 0
vt 0.366032302 0.520246148 0
vt 0.406614691 0.520246148 0
vt 0.447826803 0.520246208 0
vt 0.489353716 0.478560448 0
vt 0.531039596 0.478560418 0
vt 0.572409391 0.478560418 0
vt 0.61314702 0.478560418 0
vt 0.652940094 0.478560388 0
vt 0.691490531 0.478560418 0
vt 0.728504062 0.478560418 0
vt 0.763692558 0.478560388 0
vt 0.796796679 0.478560418 0
vt 0.827563345 0.478560477 0
vt 0.855749369 0.478560388 0
vt 0.881150901 0.478560388 0
vt 0.903574228 0.478560388 0
vt 0.922836781 0.478560418 0
vt 0.938804984 0.478560418 0
vt 0.951356649 0.478560418 0
vt 0.960383117 0.478560388 0
vt 0.965829492 0.478560418 0
vt 0.967654347 0.478560477 0
vt 0.965829551 0.478560388 0
vt 0.960382998 0.478560388 0
vt 0.95135659 0.478560388 0
vt 0.903574228 0.478560418 0
vt 0.88115108 0.478560388 0
vt 0.855749547 0.478560418 0
vt 0.796796799 0.478560388 0
vt 0.728504121 0.478560388 0
vt 0.69149065 0.478560418 0
vt 0.652940214 0.478560418 0
vt 0.61314714 0.478560418 0
vt 0.572409511 0.478560388 0
vt 0.531039774 0.478560418 0
vt 0.489353925 0.478560477 0
vt 0.447668016 0.478560388 0
vt 0.40629822 0.478560388 0
vt 0.365560561 0.478560388 0
vt 0.325767428 0.478560388 0
vt 0.287216991 0.478560388 0
vt 0.250203669 0.478560418 0
vt 0.215014994 0.478560388 0
vt 0.181910947 0.478560418 0
vt 0.151144311 0.478560477 0
vt 0.122958191 0.478560388 0
vt 0.0975565016 0.478560388 0
vt 0.0751332939 0.478560388 0
vt 0.0558706336 0.478560388 0
vt 0.0399025455 0.478560388 0
vt 0.027350897 0.478560418 0
vt 0.0183243342 0.478560388 0
vt 0.012877875 0.478560418 0
vt 0.0110531282 0.478560477 0
vt 0.0128778359 0.478560388 0
vt 0.0183242615 0.478560388 0
vt 0.0273507871 0.478560388 0
vt 0.0399024077 0.478560388 0
vt 0.0558704585 0.478560388 0
vt 0.0751330853 0.478560418 0
vt 0.0975562111 0.478560388 0
vt 0.122957848 0.478560418 0
vt 0.151143879 0.478560448 0
vt 0.181910485 0.478560388 0
vt 0.215014547 0.478560388 0
vt 0.250203192 0.478560388 0
vt 0.287216514 0.478560388 0
vt 0.325766832 0.478560388 0
vt 0.365559995 0.478560418 0
vt 0.406297803 0.478560388 0
vt 0.447667778 0.478560418 0
vt 0.489353657 0.436874598 0
vt 0.530880511 0.436874598 0
vt 0.572092474 0.436874598 0
vt 0.612674713 0.436874598 0
vt 0.652315974 0.436874598 0
vt 0.690719366 0.436874628 0
vt 0.727591693 0.436874598 0
vt 0.7626459 0.436874598 0
vt 0.795623779 0.436874598 0
vt 0.826272964 0.436874598 0
vt 0.854351461 0.436874598 0
vt 0.879656196 0.436874539 0
vt 0.901993871 0.436874628 0
vt 0.92118293 0.436874598 0
vt 0.937090278 0.436874628 0
vt 0.949594021 0.436874658 0
vt 0.958586097 0.436874598 0
vt 0.964011669 0.436874598 0
vt 0.965829492 0.436874598 0
vt 0.96401149 0.436874598 0
vt 0.958586097 0.436874568 0
vt 0.949594021 0.436874628 0
vt 0.937090278 0.436874598 0
vt 0.92118299 0.436874628 0
vt 0.90199393 0.436874628 0
vt 0.879656136 0.436874568 0
vt 0.85435158 0.436874598 0
vt 0.826273024 0.436874598 0
vt 0.762645841 0.436874568 0
vt 0.727591753 0.436874628 0
vt 0.690719426 0.436874598 0
vt 0.652316153 0.436874628 0
vt 0.612674832 0.436874628 0
vt 0.572092533 0.436874568 0
vt 0.53088069 0.436874598 0
vt 0.489353865 0.436874598 0
vt 0.447827071 0.436874598 0
vt 0.406615078 0.436874568 0
vt 0.366032809 0.436874568 0
vt 0.326391459 0.436874598 0
vt 0.287988156 0.436874598 0
vt 0.251116037 0.436874598 0
vt 0.216061622 0.436874568 0
vt 0.183083832 0.436874598 0
vt 0.152434558 0.436874598 0
vt 0.124356002 0.436874598 0
vt 0.0990512297 0.436874568 0
vt 0.0767135769 0.436874568 0
vt 0.0575243868 0.436874598 0
vt 0.0416172221 0.436874598 0
vt 0.0291134547 0.436874598 0
vt 0.0201213304 0.436874568 0
vt 0.0146956462 0.436874598 0
vt 0.012877862 0.436874598 0
vt 0.0146956081 0.436874598 0
vt 0.0201212578 0.436874568 0
vt 0.0291133486 0.436874568 0
vt 0.0416170843 0.436874598 0
vt 0.0575242117 0.436874598 0
vt 0.0767133534 0.436874598 0
vt 0.0990509316 0.436874568 0
vt 0.124355651 0.436874598 0
vt 0.15243414 0.436874598 0
vt 0.18308337 0.436874598 0
vt 0.216061175 0.436874568 0
vt 0.251115561 0.436874568 0
vt 0.287987649 0.436874598 0
vt 0.326390922 0.436874598 0
vt 0.366032273 0.436874598 0
vt 0.406614661 0.436874568 0
vt 0.447826803 0.436874598 0
vt 0.489353687 0.395504802 0
vt 0.530405819 0.395504832 0
vt 0.571146607 0.395504802 0
vt 0.611265063 0.395504802 0
vt 0.65045315 0.395504832 0
vt 0.688417733 0.395504802 0
vt 0.724868357 0.395504802 0
vt 0.759522021 0.395504832 0
vt 0.792122841 0.395504802 0
vt 0.82242167 0.395504802 0
vt 0.850179195 0.395504802 0
vt 0.875194728 0.395504802 0
vt 0.897277117 0.395504802 0
vt 0.916246951 0.395504832 0
vt 0.931972206 0.395504802 0
vt 0.944333136 0.395504832 0
vt 0.953222334 0.395504832 0
vt 0.958586097 0.395504862 0
vt 0.960382998 0.395504802 0
vt 0.958586097 0.395504802 0
vt 0.953222334 0.395504802 0
vt 0.944333076 0.395504832 0
vt 0.931972206 0.395504832 0
vt 0.916246951 0.395504802 0
vt 0.897277057 0.395504832 0
vt 0.875194788 0.395504832 0
vt 0.850179315 0.395504862 0
vt 0.822421789 0.395504802 0
vt 0.759522021 0.395504802 0
vt 0.724868476 0.395504832 0
vt 0.688417852 0.395504832 0
vt 0.650453269 0.395504802 0
vt 0.611265242 0.395504832 0
vt 0.571146846 0.395504832 0
vt 0.530405998 0.395504862 0
vt 0.489353836 0.395504802 0
vt 0.448301673 0.395504802 0
vt 0.407560796 0.395504802 0
vt 0.367442459 0.395504862 0
vt 0.328254282 0.395504802 0
vt 0.290289909 0.395504802 0
vt 0.253839254 0.395504832 0
vt 0.219185546 0.395504832 0
vt 0.186584711 0.395504862 0
vt 0.156285807 0.395504802 0
vt 0.128528193 0.395504802 0
vt 0.10351266 0.395504802 0
vt 0.0814303383 0.395504862 0
vt 0.0624605045 0.395504802 0
vt 0.0467351601 0.395504802 0
vt 0.034374319 0.395504832 0
vt 0.025484981 0.395504832 0
vt 0.0201213155 0.395504862 0
vt 0.0183243062 0.395504802 0
vt 0.0201212782 0.395504802 0
vt 0.0254849084 0.395504802 0
vt 0.0343742147 0.395504862 0
vt 0.0467350297 0.395504802 0
vt 0.0624603294 0.395504802 0
vt 0.0814301223 0.395504832 0
vt 0.103512369 0.395504832 0
vt 0.12852782 0.395504862 0
vt 0.156285405 0.395504802 0
vt 0.186584249 0.395504802 0
vt 0.219185099 0.395504832 0
vt 0.253838778 0.395504892 0
vt 0.290289402 0.395504862 0
vt 0.328253657 0.395504802 0
vt 0.367441893 0.395504832 0
vt 0.407560438 0.395504832 0
vt 0.448301435 0.395504862 0
vt 0.489353716 0.354767114 0
vt 0.529619157 0.354767084 0
vt 0.569579303 0.354767114 0
vt 0.6089288 0.354767114 0
vt 0.647366047 0.354767084 0
vt 0.684602916 0.354767084 0
vt 0.720355153 0.354767114 0
vt 0.754344702 0.354767084 0
vt 0.786320865 0.354767084 0
vt 0.816039145 0.354767114 0
vt 0.843264699 0.354767054 0
vt 0.867800713 0.354767084 0
vt 0.889459968 0.354767114 0
vt 0.908066154 0.354767084 0
vt 0.923490345 0.354767084 0
vt 0.935614288 0.354767114 0
vt 0.944333255 0.354767084 0
vt 0.949593961 0.354767114 0
vt 0.951356649 0.354767114 0
vt 0.949594021 0.354767054 0
vt 0.944333076 0.354767114 0
vt 0.935614228 0.354767084 0
vt 0.923490226 0.354767084 0
vt 0.908066213 0.354767084 0
vt 0.889460027 0.354767084 0
vt 0.867800832 0.354767114 0
vt 0.843264878 0.354767114 0
vt 0.816039205 0.354767114 0
vt 0.786320984 0.354767054 0
vt 0.754344702 0.354767114 0
vt 0.720355213 0.354767084 0
vt 0.684602976 0.354767084 0
vt 0.647366226 0.354767084 0
vt 0.608928978 0.354767084 0
vt 0.569579363 0.354767114 0
vt 0.529619336 0.354767114 0
vt 0.489353895 0.354767114 0
vt 0.449088424 0.354767054 0
vt 0.409128249 0.354767114 0
vt 0.369778723 0.354767144 0
vt 0.331341445 0.354767144 0
vt 0.294104666 0.354767144 0
vt 0.258352518 0.354767114 0
vt 0.224362895 0.354767114 0
vt 0.192386821 0.354767114 0
vt 0.162668526 0.354767114 0
vt 0.135442823 0.354767054 0
vt 0.110906675 0.354767114 0
vt 0.0892475247 0.354767144 0
vt 0.0706412196 0.354767144 0
vt 0.0552172251 0.354767144 0
vt 0.0430932567 0.354767114 0
vt 0.0343742594 0.354767114 0
vt 0.0291133802 0.354767114 0
vt 0.0273508094 0.354767114 0
vt 0.0291133448 0.354767054 0
vt 0.0343741886 0.354767114 0
vt 0.0430931486 0.354767144 0
vt 0.0552170947 0.354767144 0
vt 0.0706410408 0.354767144 0
vt 0.0892473161 0.354767114 0
vt 0.110906392 0.354767114 0
vt 0.13544248 0.354767144 0
vt 0.162668124 0.354767114 0
vt 0.192386359 0.354767084 0
vt 0.224362433 0.354767114 0
vt 0.258352041 0.354767144 0
vt 0.294104189 0.354767144 0
vt 0.331340879 0.354767144 0
vt 0.369778186 0.354767114 0
vt 0.409127831 0.354767114 0
vt 0.449088126 0.354767144 0
vt 0.489353716 0.314973712 0
vt 0.528525174 0.314973712 0
vt 0.56739974 0.314973682 0
vt 0.605680168 0.314973712 0
vt 0.643073142 0.314973712 0
vt 0.67929852 0.314973712 0
vt 0.71407932 0.314973712 0
vt 0.747145474 0.314973682 0
vt 0.77825278 0.314973682 0
vt 0.807163715 0.314973712 0
vt 0.833649576 0.314973682 0
vt 0.85751915 0.314973682 0
vt 0.878589928 0.314973712 0
vt 0.896690667 0.314973712 0
vt 0.911695719 0.314973682 0
vt 0.923490286 0.314973682 0
vt 0.931972384 0.314973682 0
vt 0.937090397 0.314973712 0
vt 0.938805103 0.314973712 0
vt 0.937090278 0.314973682 0
vt 0.931972265 0.314973652 0
vt 0.923490405 0.314973682 0
vt 0.911695659 0.314973712 0
vt 0.896690667 0.314973682 0
vt 0.857519269 0.314973652 0
vt 0.833649755 0.314973712 0
vt 0.807163775 0.314973712 0
vt 0.77825284 0.314973682 0
vt 0.747145593 0.314973652 0
vt 0.71407938 0.314973682 0
vt 0.679298639 0.314973712 0
vt 0.64307332 0.314973682 0
vt 0.605680346 0.314973712 0
vt 0.567399859 0.314973652 0
vt 0.528525293 0.314973712 0
vt 0.489353865 0.314973712 0
vt 0.450182348 0.314973682 0
vt 0.411307812 0.314973652 0
vt 0.373027235 0.314973682 0
vt 0.335634291 0.314973682 0
vt 0.299409151 0.314973652 0
vt 0.264628321 0.314973682 0
vt 0.231562093 0.314973652 0
vt 0.200454712 0.314973712 0
vt 0.171543807 0.314973712 0
vt 0.145057783 0.314973682 0
vt 0.121188238 0.314973652 0
vt 0.100117527 0.314973682 0
vt 0.0820166916 0.314973682 0
vt 0.0670117289 0.314973652 0
vt 0.0552171431 0.314973682 0
vt 0.0467350297 0.314973652 0
vt 0.0416170768 0.314973712 0
vt 0.0399023853 0.314973712 0
vt 0.0416170396 0.314973682 0
vt 0.0467349589 0.314973652 0
vt 0.0552170463 0.314973682 0
vt 0.0670116022 0.314973682 0
vt 0.0820165277 0.314973652 0
vt 0.100117303 0.314973682 0
vt 0.121187963 0.314973652 0
vt 0.145057455 0.314973712 0
vt 0.171543404 0.314973712 0
vt 0.200454265 0.314973682 0
vt 0.231561661 0.314973682 0
vt 0.264627844 0.314973712 0
vt 0.299408674 0.314973712 0
vt 0.335633725 0.314973682 0
vt 0.373026729 0.314973682 0
vt 0.411307395 0.314973652 0
vt 0.45018205 0.314973712 0
vt 0.489353687 0.276423097 0
vt 0.527133405 0.276423067 0
vt 0.564626932 0.276423097 0
vt 0.60154736 0.276423126 0
vt 0.637611806 0.276423037 0
vt 0.672550082 0.276423067 0
vt 0.706095278 0.276423097 0
vt 0.737986565 0.276423037 0
vt 0.767988801 0.276423067 0
vt 0.795872569 0.276423097 0
vt 0.821417511 0.276423067 0
vt 0.84443903 0.276423067 0
vt 0.864761114 0.276423097 0
vt 0.882218838 0.276423067 0
vt 0.896690726 0.276423067 0
vt 0.908066273 0.276423126 0
vt 0.91624707 0.276423037 0
vt 0.921183109 0.276423097 0
vt 0.922836781 0.276423097 0
vt 0.921183109 0.276423067 0
vt 0.916246951 0.276423067 0
vt 0.908066273 0.276423097 0
vt 0.882218778 0.276423067 0
vt 0.864761174 0.276423097 0
vt 0.844439089 0.276423037 0
vt 0.821417689 0.276423097 0
vt 0.767988861 0.276423067 0
vt 0.737986743 0.276423067 0
vt 0.706095397 0.276423097 0
vt 0.672550201 0.276423067 0
vt 0.637611926 0.276423067 0
vt 0.60154748 0.276423097 0
vt 0.564627051 0.276423037 0
vt 0.527133644 0.276423097 0
vt 0.489353865 0.276423097 0
vt 0.451574028 0.276423067 0
vt 0.41408065 0.276423067 0
vt 0.377160132 0.276423097 0
vt 0.341095656 0.276423067 0
vt 0.30615744 0.276423067 0
vt 0.272612333 0.276423126 0
vt 0.240720898 0.276423037 0
vt 0.210718721 0.276423097 0
vt 0.182834968 0.276423097 0
vt 0.157289937 0.276423067 0
vt 0.134268418 0.276423067 0
vt 0.113946319 0.276423097 0
vt 0.0964885652 0.276423067 0
vt 0.0820167065 0.276423067 0
vt 0.0706411526 0.276423126 0
vt 0.0624603853 0.276423037 0
vt 0.057524275 0.276423097 0
vt 0.0558705032 0.276423097 0
vt 0.0575242378 0.276423067 0
vt 0.0624603257 0.276423067 0
vt 0.0706410632 0.276423097 0
vt 0.0820165873 0.276423067 0
vt 0.0964884013 0.276423067 0
vt 0.113946095 0.276423126 0
vt 0.134268165 0.276423037 0
vt 0.157289624 0.276423097 0
vt 0.182834595 0.276423097 0
vt 0.210718304 0.276423067 0
vt 0.240720496 0.276423067 0
vt 0.272611886 0.276423126 0
vt 0.306156993 0.276423097 0
vt 0.34109512 0.276423067 0
vt 0.377159655 0.276423126 0
vt 0.414080203 0.276423037 0
vt 0.451573789 0.276423097 0
vt 0.489353746 0.239410087 0
vt 0.52545476 0.239410058 0
vt 0.561281919 0.239410087 0
vt 0.596561849 0.239410102 0
vt 0.631023705 0.239410073 0
vt 0.664409459 0.239410058 0
vt 0.696463883 0.239410087 0
vt 0.726938069 0.239410058 0
vt 0.755607069 0.239410073 0
vt 0.782251716 0.239410087 0
vt 0.806661606 0.239410058 0
vt 0.828660011 0.239410058 0
vt 0.848079205 0.239410073 0
vt 0.864761114 0.239410058 0
vt 0.878589869 0.239410058 0
vt 0.889459908 0.239410087 0
vt 0.897277117 0.239410073 0
vt 0.901993871 0.239410087 0
vt 0.903574109 0.239410087 0
vt 0.901993871 0.239410058 0
vt 0.897276998 0.239410058 0
vt 0.889459968 0.239410073 0
vt 0.848079145 0.239410087 0
vt 0.82866019 0.239410043 0
vt 0.806661725 0.239410087 0
vt 0.782251894 0.239410087 0
vt 0.755607128 0.239410058 0
vt 0.726938248 0.239410058 0
vt 0.696464002 0.239410073 0
vt 0.664409518 0.239410058 0
vt 0.631023824 0.239410058 0
vt 0.596561968 0.239410087 0
vt 0.561282158 0.239410043 0
vt 0.525454879 0.239410087 0
vt 0.489353925 0.239410087 0
vt 0.453252882 0.239410058 0
vt 0.417425573 0.239410058 0
vt 0.382145703 0.239410073 0
vt 0.347683847 0.239410073 0
vt 0.314298183 0.239410043 0
vt 0.282243729 0.239410087 0
vt 0.251769453 0.239410043 0
vt 0.223100498 0.239410087 0
vt 0.196455777 0.239410087 0
vt 0.172045916 0.239410058 0
vt 0.150047421 0.239410058 0
vt 0.130628332 0.239410073 0
vt 0.113946386 0.239410073 0
vt 0.100117609 0.239410043 0
vt 0.0892475471 0.239410087 0
vt 0.0814303085 0.239410043 0
vt 0.0767135397 0.239410087 0
vt 0.0751332641 0.239410087 0
vt 0.0767135099 0.239410058 0
vt 0.0814302489 0.239410058 0
vt 0.0892474577 0.239410073 0
vt 0.100117482 0.239410073 0
vt 0.113946214 0.239410043 0
vt 0.130628154 0.239410087 0
vt 0.150047138 0.239410043 0
vt 0.172045633 0.239410087 0
vt 0.196455479 0.239410087 0
vt 0.223100126 0.239410058 0
vt 0.251769066 0.239410073 0
vt 0.282243311 0.239410102 0
vt 0.314297765 0.239410087 0
vt 0.347683311 0.239410073 0
vt 0.382145226 0.239410087 0
vt 0.417425215 0.239410043 0
vt 0.453252614 0.239410073 0
vt 0.489353687 0.204222351 0
vt 0.523500383 0.204222351 0
vt 0.557388067 0.204222351 0
vt 0.590758204 0.204222351 0
vt 0.623354435 0.204222336 0
vt 0.654932916 0.204222351 0
vt 0.68525219 0.204222381 0
vt 0.714076698 0.204222351 0
vt 0.741193771 0.204222366 0
vt 0.766396046 0.204222336 0
vt 0.789484501 0.204222336 0
vt 0.810292006 0.204222322 0
vt 0.828659892 0.204222351 0
vt 0.844438791 0.204222351 0
vt 0.857518971 0.204222366 0
vt 0.867800534 0.204222366 0
vt 0.875194669 0.204222336 0
vt 0.879656017 0.204222336 0
vt 0.881150723 0.204222366 0
vt 0.879655957 0.204222336 0
vt 0.875194609 0.204222351 0
vt 0.867800593 0.204222351 0
vt 0.857519031 0.204222366 0
vt 0.844438851 0.204222366 0
vt 0.810292006 0.204222351 0
vt 0.78948462 0.204222336 0
vt 0.766396105 0.204222366 0
vt 0.741193771 0.204222336 0
vt 0.685252309 0.204222351 0
vt 0.654933035 0.204222366 0
vt 0.623354614 0.204222366 0
vt 0.590758324 0.204222351 0
vt 0.557388306 0.204222351 0
vt 0.523500562 0.204222336 0
vt 0.489353806 0.204222366 0
vt 0.455207109 0.204222336 0
vt 0.421319276 0.204222351 0
vt 0.387949288 0.204222351 0
vt 0.355352938 0.204222336 0
vt 0.323774636 0.204222336 0
vt 0.293455362 0.204222351 0
vt 0.264630765 0.204222351 0
vt 0.23751381 0.204222336 0
vt 0.212311476 0.204222366 0
vt 0.189223006 0.204222336 0
vt 0.168415368 0.204222351 0
vt 0.150047526 0.204222351 0
vt 0.134268627 0.204222336 0
vt 0.121188447 0.204222336 0
vt 0.110906832 0.204222351 0
vt 0.103512764 0.204222351 0
vt 0.0990513414 0.204222336 0
vt 0.0975566208 0.204222366 0
vt 0.0990513116 0.204222336 0
vt 0.103512719 0.204222351 0
vt 0.11090675 0.204222351 0
vt 0.121188335 0.204222336 0
vt 0.134268492 0.204222336 0
vt 0.150047332 0.204222351 0
vt 0.168415129 0.204222351 0
vt 0.189222723 0.204222336 0
vt 0.212311178 0.204222366 0
vt 0.237513438 0.204222336 0
vt 0.264630407 0.204222351 0
vt 0.293454945 0.204222366 0
vt 0.323774219 0.204222366 0
vt 0.355352432 0.204222336 0
vt 0.387948841 0.204222366 0
vt 0.421318918 0.204222351 0
vt 0.455206901 0.204222336 0
vt 0.489353776 0.171118677 0
vt 0.521286488 0.171118692 0
vt 0.552977264 0.171118706 0
vt 0.584183812 0.171118692 0
vt 0.6146667 0.171118692 0
vt 0.644197762 0.171118692 0
vt 0.672551394 0.171118692 0
vt 0.699507117 0.171118692 0
vt 0.724865913 0.171118706 0
vt 0.748434305 0.171118692 0
vt 0.770025909 0.171118692 0
vt 0.789484322 0.171118692 0
vt 0.806661367 0.171118692 0
vt 0.821417272 0.171118692 0
vt 0.833649457 0.171118706 0
vt 0.843264401 0.171118706 0
vt 0.850178957 0.171118692 0
vt 0.854351342 0.171118721 0
vt 0.855749011 0.171118692 0
vt 0.854351163 0.171118706 0
vt 0.850179076 0.171118706 0
vt 0.843264401 0.171118721 0
vt 0.821417272 0.171118706 0
vt 0.806661427 0.171118706 0
vt 0.789484322 0.171118706 0
vt 0.770025969 0.171118721 0
vt 0.748434424 0.171118692 0
vt 0.724866033 0.171118706 0
vt 0.699507117 0.171118706 0
vt 0.672551453 0.171118721 0
vt 0.644197881 0.171118706 0
vt 0.61466682 0.171118706 0
vt 0.584183931 0.171118706 0
vt 0.552977443 0.171118706 0
vt 0.521286666 0.171118721 0
vt 0.489353836 0.171118692 0
vt 0.457421005 0.171118706 0
vt 0.425730258 0.171118706 0
vt 0.39452374 0.171118706 0
vt 0.364040762 0.171118736 0
vt 0.33450982 0.171118706 0
vt 0.306156278 0.171118706 0
vt 0.279200494 0.171118706 0
vt 0.253841579 0.171118721 0
vt 0.230273247 0.171118692 0
vt 0.208681688 0.171118706 0
vt 0.189223081 0.171118706 0
vt 0.172046125 0.171118706 0
vt 0.157290235 0.171118736 0
vt 0.145058081 0.171118706 0
vt 0.135443062 0.171118706 0
vt 0.128528371 0.171118706 0
vt 0.124356203 0.171118721 0
vt 0.122958377 0.171118692 0
vt 0.124356166 0.171118706 0
vt 0.128528327 0.171118706 0
vt 0.135442972 0.171118706 0
vt 0.145057976 0.171118736 0
vt 0.157290071 0.171118706 0
vt 0.172045946 0.171118706 0
vt 0.189222857 0.171118706 0
vt 0.208681434 0.171118721 0
vt 0.230272964 0.171118692 0
vt 0.253841251 0.171118721 0
vt 0.279200137 0.171118706 0
vt 0.30615589 0.171118706 0
vt 0.334509432 0.171118721 0
vt 0.364040285 0.171118706 0
vt 0.394523323 0.171118692 0
vt 0.42572993 0.171118706 0
vt 0.457420796 0.171118706 0
vt 0.489353716 0.140350804 0
vt 0.518830061 0.140350789 0
vt 0.548082888 0.140350819 0
vt 0.5768888 0.140350819 0
vt 0.605026722 0.140350789 0
vt 0.632286191 0.140350804 0
vt 0.658458471 0.140350804 0
vt 0.68334049 0.140350789 0
vt 0.706748664 0.140350819 0
vt 0.728504002 0.140350819 0
vt 0.748434544 0.140350789 0
vt 0.766396224 0.140350804 0
vt 0.782251894 0.140350804 0
vt 0.795872569 0.140350789 0
vt 0.807163715 0.140350819 0
vt 0.816039085 0.140350819 0
vt 0.82242173 0.140350804 0
vt 0.826273024 0.140350819 0
vt 0.827563345 0.140350834 0
vt 0.826272964 0.140350804 0
vt 0.822421789 0.140350819 0
vt 0.816039145 0.140350819 0
vt 0.795872688 0.140350819 0
vt 0.782251894 0.140350819 0
vt 0.766396224 0.140350819 0
vt 0.748434663 0.140350819 0
vt 0.728504121 0.140350834 0
vt 0.706748724 0.140350804 0
vt 0.683340609 0.140350819 0
vt 0.658458591 0.140350819 0
vt 0.632286251 0.140350819 0
vt 0.605026901 0.140350819 0
vt 0.576888859 0.140350819 0
vt 0.548083007 0.140350819 0
vt 0.51883018 0.140350819 0
vt 0.489353836 0.140350834 0
vt 0.459877521 0.140350804 0
vt 0.430624604 0.140350819 0
vt 0.401818752 0.140350819 0
vt 0.373680741 0.140350804 0
vt 0.34642151 0.140350804 0
vt 0.32024914 0.140350819 0
vt 0.295366943 0.140350819 0
vt 0.271958828 0.140350819 0
vt 0.25020352 0.140350834 0
vt 0.230272964 0.140350804 0
vt 0.212311253 0.140350819 0
vt 0.196455672 0.140350819 0
vt 0.182834908 0.140350804 0
vt 0.171543747 0.140350804 0
vt 0.162668377 0.140350819 0
vt 0.156285614 0.140350819 0
vt 0.152434394 0.140350819 0
vt 0.151144102 0.140350834 0
vt 0.152434364 0.140350804 0
vt 0.156285584 0.140350819 0
vt 0.162668318 0.140350819 0
vt 0.171543658 0.140350804 0
vt 0.182834759 0.140350804 0
vt 0.196455538 0.140350819 0
vt 0.212311044 0.140350819 0
vt 0.230272755 0.140350819 0
vt 0.250203311 0.140350834 0
vt 0.27195856 0.140350804 0
vt 0.295366645 0.140350819 0
vt 0.320248783 0.140350819 0
vt 0.346421123 0.140350804 0
vt 0.373680323 0.140350789 0
vt 0.401818335 0.140350804 0
vt 0.430624306 0.140350789 0
vt 0.459877312 0.140350804 0
vt 0.489353746 0.112161525 0
vt 0.516148746 0.112161525 0
vt 0.542740464 0.112161539 0
vt 0.568925977 0.112161547 0
vt 0.594504356 0.112161525 0
vt 0.619284093 0.112161532 0
vt 0.643075705 0.112161525 0
vt 0.665694237 0.112161532 0
vt 0.686973095 0.112161539 0
vt 0.706749201 0.112161547 0
vt 0.724866807 0.112161532 0
vt 0.741194546 0.112161532 0
vt 0.755607963 0.112161532 0
vt 0.767989576 0.112161539 0
vt 0.778253675 0.112161539 0
vt 0.786321521 0.112161539 0
vt 0.792123675 0.112161539 0
vt 0.795624673 0.112161547 0
vt 0.796797454 0.112161547 0
vt 0.795624614 0.112161539 0
vt 0.78632164 0.112161554 0
vt 0.755607903 0.112161554 0
vt 0.741194665 0.112161532 0
vt 0.724866986 0.112161547 0
vt 0.70674932 0.112161547 0
vt 0.665694296 0.112161539 0
vt 0.643075764 0.112161554 0
vt 0.619284153 0.112161539 0
vt 0.594504476 0.112161539 0
vt 0.568926036 0.112161554 0
vt 0.542740583 0.112161532 0
vt 0.516148925 0.112161547 0
vt 0.489353806 0.112161547 0
vt 0.462558836 0.112161539 0
vt 0.435967058 0.112161539 0
vt 0.409781486 0.112161554 0
vt 0.384203166 0.112161562 0
vt 0.359423518 0.112161547 0
vt 0.335631967 0.112161547 0
vt 0.313013285 0.112161532 0
vt 0.291734546 0.112161547 0
vt 0.271958232 0.112161547 0
vt 0.253840685 0.112161539 0
vt 0.237512872 0.112161539 0
vt 0.223099619 0.112161554 0
vt 0.210717872 0.112161562 0
vt 0.200453818 0.112161547 0
vt 0.192385837 0.112161547 0
vt 0.186583698 0.112161532 0
vt 0.183082804 0.112161547 0
vt 0.181909889 0.112161547 0
vt 0.183082774 0.112161539 0
vt 0.186583653 0.112161539 0
vt 0.192385763 0.112161554 0
vt 0.200453758 0.112161562 0
vt 0.210717738 0.112161547 0
vt 0.22309947 0.112161547 0
vt 0.237512693 0.112161532 0
vt 0.253840506 0.112161547 0
vt 0.271957994 0.112161547 0
vt 0.291734248 0.112161539 0
vt 0.313012987 0.112161539 0
vt 0.335631639 0.112161554 0
vt 0.35942322 0.112161547 0
vt 0.384202749 0.112161532 0
vt 0.409781158 0.112161525 0
vt 0.4359667 0.11216151 0
vt 0.462558687 0.112161532 0
vt 0.489353657 0.0867583454 0
vt 0.513263583 0.0867583454 0
vt 0.536992192 0.0867583528 0
vt 0.560358107 0.0867583603 0
vt 0.583182335 0.0867583454 0
vt 0.60529381 0.0867583454 0
vt 0.626523793 0.0867583528 0
vt 0.646706939 0.0867583454 0
vt 0.665694535 0.0867583528 0
vt 0.683341384 0.0867583603 0
vt 0.69950819 0.0867583454 0
vt 0.71407789 0.0867583379 0
vt 0.726939201 0.0867583454 0
vt 0.737987697 0.0867583528 0
vt 0.747146606 0.0867583603 0
vt 0.754345834 0.0867583677 0
vt 0.759523213 0.0867583603 0
vt 0.762647212 0.0867583677 0
vt 0.76369375 0.0867583677 0
vt 0.762647212 0.0867583528 0
vt 0.759523273 0.0867583677 0
vt 0.754345894 0.0867583677 0
vt 0.737987757 0.0867583752 0
vt 0.726939201 0.0867583677 0
vt 0.71407789 0.0867583603 0
vt 0.699508309 0.0867583677 0
vt 0.683341444 0.0867583677 0
vt 0.646706939 0.0867583677 0
vt 0.626523793 0.0867583677 0
vt 0.60529387 0.0867583603 0
vt 0.583182454 0.0867583752 0
vt 0.560358226 0.0867583677 0
vt 0.536992192 0.0867583603 0
vt 0.513263643 0.0867583677 0
vt 0.489353746 0.0867583677 0
vt 0.465443909 0.0867583528 0
vt 0.4417153 0.0867583677 0
vt 0.418349326 0.0867583603 0
vt 0.395525008 0.0867583752 0
vt 0.373413563 0.0867583528 0
vt 0.352183759 0.0867583603 0
vt 0.332000524 0.0867583603 0
vt 0.313012958 0.0867583677 0
vt 0.295366079 0.0867583677 0
vt 0.279199243 0.0867583528 0
vt 0.264629543 0.0867583677 0
vt 0.251768231 0.0867583603 0
vt 0.240719691 0.0867583752 0
vt 0.231560811 0.0867583528 0
vt 0.224361539 0.0867583603 0
vt 0.219184116 0.0867583603 0
vt 0.216060191 0.0867583677 0
vt 0.215013579 0.0867583677 0
vt 0.216060162 0.0867583528 0
vt 0.219184086 0.0867583677 0
vt 0.224361464 0.0867583603 0
vt 0.231560752 0.0867583752 0
vt 0.240719542 0.0867583528 0
vt 0.251768082 0.0867583603 0
vt 0.264629394 0.0867583603 0
vt 0.279199064 0.0867583677 0
vt 0.29536584 0.0867583677 0
vt 0.31301266 0.0867583528 0
vt 0.332000226 0.0867583677 0
vt 0.352183461 0.0867583603 0
vt 0.373413295 0.0867583528 0
vt 0.395524621 0.0867583528 0
vt 0.418349057 0.0867583379 0
vt 0.441715032 0.0867583379 0
vt 0.46544379 0.0867583379 0
vt 0.489353687 0.064339906 0
vt 0.510196626 0.064339906 0
vt 0.530881524 0.0643399209 0
vt 0.551250339 0.0643399283 0
vt 0.571146846 0.064339906 0
vt 0.590422153 0.0643399134 0
vt 0.608928859 0.064339906 0
vt 0.626523137 0.064339906 0
vt 0.643075168 0.0643399209 0
vt 0.658458471 0.0643399209 0
vt 0.672551453 0.064339906 0
vt 0.685252309 0.0643399134 0
vt 0.696463943 0.064339906 0
vt 0.706095219 0.064339906 0
vt 0.71407932 0.0643399134 0
vt 0.720355213 0.0643399209 0
vt 0.724868357 0.0643399209 0
vt 0.727591634 0.0643399283 0
vt 0.728503942 0.0643399283 0
vt 0.727591634 0.0643399209 0
vt 0.720355213 0.0643399283 0
vt 0.71407932 0.0643399283 0
vt 0.706095219 0.0643399283 0
vt 0.696463943 0.0643399283 0
vt 0.685252309 0.0643399209 0
vt 0.672551572 0.0643399283 0
vt 0.658458471 0.0643399283 0
vt 0.643075228 0.0643399209 0
vt 0.626523137 0.0643399209 0
vt 0.608928919 0.0643399283 0
vt 0.590422213 0.0643399283 0
vt 0.571146965 0.0643399283 0
vt 0.551250398 0.0643399283 0
vt 0.510196626 0.0643399283 0
vt 0.489353746 0.0643399283 0
vt 0.468510836 0.0643399209 0
vt 0.447825909 0.0643399209 0
vt 0.427457124 0.0643399209 0
vt 0.407560587 0.0643399283 0
vt 0.388285339 0.0643399209 0
vt 0.369778663 0.0643399283 0
vt 0.352184355 0.0643399209 0
vt 0.335632324 0.0643399283 0
vt 0.320248961 0.0643399283 0
vt 0.30615592 0.0643399209 0
vt 0.293455064 0.0643399209 0
vt 0.28224349 0.0643399209 0
vt 0.272612154 0.0643399283 0
vt 0.264628112 0.0643399209 0
vt 0.25835228 0.0643399283 0
vt 0.253838986 0.0643399209 0
vt 0.251115769 0.0643399283 0
vt 0.250203401 0.0643399283 0
vt 0.251115739 0.0643399209 0
vt 0.253838956 0.0643399209 0
vt 0.25835225 0.0643399209 0
vt 0.264628053 0.0643399283 0
vt 0.272612065 0.0643399209 0
vt 0.282243401 0.0643399283 0
vt 0.293454945 0.0643399209 0
vt 0.306155741 0.0643399283 0
vt 0.320248783 0.0643399283 0
vt 0.335632086 0.0643399209 0
vt 0.352184087 0.0643399209 0
vt 0.369778425 0.0643399283 0
vt 0.388285071 0.0643399209 0
vt 0.407560199 0.064339906 0
vt 0.427456856 0.064339906 0
vt 0.44782573 0.0643398985 0
vt 0.468510717 0.0643399134 0
vt 0.489353687 0.029126646 0
vt 0.503610492 0.0291266534 0
vt 0.517759204 0.0291266628 0
vt 0.53169173 0.0291266646 0
vt 0.545301199 0.0291266572 0
vt 0.558485746 0.0291266553 0
vt 0.57114464 0.0291266516 0
vt 0.583179295 0.029126646 0
vt 0.594501138 0.0291266497 0
vt 0.605023444 0.0291266497 0
vt 0.614663243 0.0291266497 0
vt 0.62335068 0.0291266441 0
vt 0.631019652 0.029126646 0
vt 0.637607574 0.0291266441 0
vt 0.64306879 0.0291266516 0
vt 0.647361517 0.0291266534 0
vt 0.65044868 0.0291266516 0
vt 0.652311325 0.0291266553 0
vt 0.652935445 0.0291266553 0
vt 0.65044862 0.0291266534 0
vt 0.647361577 0.0291266553 0
vt 0.643068731 0.0291266572 0
vt 0.637607515 0.0291266553 0
vt 0.631019652 0.0291266553 0
vt 0.623350739 0.0291266516 0
vt 0.614663243 0.0291266553 0
vt 0.605023444 0.0291266553 0
vt 0.594501078 0.0291266553 0
vt 0.583179295 0.0291266534 0
vt 0.571144581 0.0291266553 0
vt 0.558485746 0.0291266572 0
vt 0.545301318 0.0291266553 0
vt 0.531691849 0.0291266553 0
vt 0.517759323 0.0291266516 0
vt 0.503610492 0.0291266553 0
vt 0.489353776 0.0291266553 0
vt 0.475096941 0.0291266553 0
vt 0.460948199 0.0291266534 0
vt 0.447015703 0.0291266553 0
vt 0.433406204 0.0291266572 0
vt 0.420221686 0.0291266534 0
vt 0.407562941 0.0291266553 0
vt 0.395528167 0.0291266516 0
vt 0.384206384 0.0291266553 0
vt 0.373684019 0.0291266553 0
vt 0.36404413 0.0291266553 0
vt 0.355356604 0.0291266534 0
vt 0.347687781 0.0291266553 0
vt 0.341099799 0.0291266572 0
vt 0.335638613 0.0291266534 0
vt 0.331345886 0.0291266553 0
vt 0.328258753 0.0291266516 0
vt 0.326396048 0.0291266553 0
vt 0.325771987 0.0291266553 0
vt 0.326396018 0.0291266553 0
vt 0.328258723 0.0291266534 0
vt 0.335638642 0.0291266572 0
vt 0.341099739 0.0291266534 0
vt 0.347687721 0.0291266553 0
vt 0.355356514 0.0291266516 0
vt 0.3640441 0.0291266572 0
vt 0.37368387 0.029126659 0
vt 0.384206206 0.0291266628 0
vt 0.395527989 0.0291266665 0
vt 0.407562762 0.0291266665 0
vt 0.420221537 0.0291266628 0
vt 0.433405936 0.0291266516 0
vt 0.447015524 0.0291266479 0
vt 0.46094805 0.0291266385 0
vt 0.475096852 0.0291266404 0
vt 0.489353687 0.00748661812 0
vt 0.496593356 0.00748662651 0
vt 0.50377816 0.00748663489 0
vt 0.510853112 0.00748663908 0
vt 0.517764091 0.00748663489 0
vt 0.524459243 0.00748662651 0
vt 0.530887485 0.00748662045 0
vt 0.536998689 0.00748661673 0
vt 0.542747974 0.00748661766 0
vt 0.548091292 0.00748661906 0
vt 0.552986383 0.00748661766 0
vt 0.557397962 0.00748661533 0
vt 0.561292291 0.0074866144 0
vt 0.564637721 0.00748661533 0
vt 0.567410886 0.00748661812 0
vt 0.569590747 0.00748662138 0
vt 0.571158469 0.00748662278 0
vt 0.572104335 0.00748662325 0
vt 0.572421193 0.00748662371 0
vt 0.572104335 0.00748662278 0
vt 0.571158409 0.00748662278 0
vt 0.569590807 0.00748662371 0
vt 0.567410886 0.00748662278 0
vt 0.564637661 0.00748662278 0
vt 0.561292291 0.00748662371 0
vt 0.557397962 0.00748662325 0
vt 0.552986503 0.00748662325 0
vt 0.548091233 0.00748662371 0
vt 0.542747974 0.00748662278 0
vt 0.536998749 0.00748662278 0
vt 0.530887485 0.00748662371 0
vt 0.524459302 0.00748662278 0
vt 0.517764151 0.00748662278 0
vt 0.510853171 0.00748662371 0
vt 0.50377816 0.00748662325 0
vt 0.496593446 0.00748662325 0
vt 0.489353716 0.00748662371 0
vt 0.482114047 0.00748662278 0
vt 0.474929243 0.00748662278 0
vt 0.467854261 0.00748662371 0
vt 0.460943311 0.00748662325 0
vt 0.45424816 0.00748662278 0
vt 0.447819948 0.00748662418 0
vt 0.441708684 0.00748662325 0
vt 0.435959458 0.00748662325 0
vt 0.430616111 0.00748662371 0
vt 0.42572096 0.00748662278 0
vt 0.421309382 0.00748662278 0
vt 0.417415112 0.00748662371 0
vt 0.414069712 0.00748662325 0
vt 0.411296457 0.00748662278 0
vt 0.409116626 0.00748662418 0
vt 0.407548964 0.00748662325 0
vt 0.406603098 0.00748662325 0
vt 0.40628615 0.00748662371 0
vt 0.406603038 0.00748662278 0
vt 0.407548934 0.00748662278 0
vt 0.409116596 0.00748662371 0
vt 0.411296487 0.00748662325 0
vt 0.414069682 0.00748662278 0
vt 0.417415053 0.00748662418 0
vt 0.421309292 0.00748662325 0
vt 0.4257209 0.00748662464 0
vt 0.430616051 0.00748662883 0
vt 0.435959309 0.00748663396 0
vt 0.441708595 0.00748664001 0
vt 0.447819889 0.00748664187 0
vt 0.454248101 0.00748663582 0
vt 0.460943192 0.00748662604 0
vt 0.467854172 0.00748661766 0
vt 0.474929154 0.0074866116 0
vt 0.482114017 0.00748661207 0
vt 0.489353687 0.000259778171 0
vt 0.489353657 0.000259783963 0
vt 0.489353687 0.000259789813 0
vt 0.489353687 0.000259792432 0
vt 0.489353657 0.000259789958 0
vt 0.489353687 0.000259785389 0
vt 0.489353716 0.000259782944 0
vt 0.489353657 0.000259785389 0
vt 0.489353716 0.000259789987 0
vt 0.489353687 0.000259782944 0
vt 0.489353687 0.000259785564 0
vt 0.489353687 0.000259791384 0
vt 0.489353687 0.000259797205 0
vt 0.489353657 0.000259800523 0
vt 0.489353687 0.000259801804 0
vt 0.489353687 0.000259801949 0
vt 0.489353657 0.00025980192 0
vt 0.489353687 0.00025980192 0
vt 0.489353687 0.000259801978 0
vt 0.489353716 0.00025980192 0
vt 0.489353716 0.000259801978 0
vt 0.489353657 0.000259801745 0
vt 0.489353687 0.000259800523 0
vt 0.489353716 0.000259791239 0
vt 0.489353687 0.000259784167 0
vt 0.489353716 0.000259774999 0
vt 0.489353687 0.000259775028 0
vn -0.00303913234 0.999995351 -0.000133821624
vn 0.155641884 0.972923756 -3.9978564e-05
vn 0.155044705 0.972923636 -0.0136047704
vn -0.00303908228 0.999995291 0.000131262466
vn -0.00303908228 0.999995291 0.000131262466
vn 0.155044705 0.972923636 -0.0136047704
vn 0.153269038 0.972923696 -0.0270661823
vn -0.00301593309 0.999995291 0.000395625597
vn -0.00301593309 0.999995291 0.000395625597
vn 0.153269038 0.972923696 -0.0270661823
vn 0.150328442 0.972923696 -0.0403214507
vn -0.00296982401 0.999995232 0.000657245691
vn -0.00296982401 0.999995232 0.000657245691
vn 0.150328442 0.972923696 -0.0403214507
vn 0.14624086 0.972923636 -0.0532689802
vn -0.00290100207 0.999995172 0.000914082048
vn -0.00290100207 0.999995172 0.000914082048
vn 0.14624086 0.972923636 -0.0532689802
vn 0.141041651 0.972923696 -0.0658119023
vn -0.00281014689 0.999995232 0.0011640205
vn -0.00281014689 0.999995232 0.0011640205
vn 0.141041651 0.972923696 -0.0658119023
vn 0.134770453 0.972923815 -0.0778545067
vn -0.00269804476 0.999995291 0.00140492769
vn -0.00269804476 0.999995291 0.00140492769
vn 0.134770453 0.972923815 -0.0778545067
vn 0.127470836 0.972923696 -0.0893032923
vn -0.00256552547 0.999995172 0.00163477869
vn -0.00256552547 0.999995172 0.00163477869
vn 0.127470836 0.972923696 -0.0893032923
vn 0.11920213 0.972923756 -0.100073658
vn -0.00241358927 0.999995291 0.00185198069
vn -0.00241358927 0.999995291 0.00185198069
vn 0.11920213 0.972923756 -0.100073658
vn 0.110027574 0.972923756 -0.110083193
vn -0.00224327738 0.999995351 0.00205504801
vn -0.00224327738 0.999995351 0.00205504801
vn 0.110027574 0.972923756 -0.110083193
vn 0.100013517 0.972923696 -0.119252674
vn -0.00205572764 0.999995172 0.00224252278
vn -0.00205572764 0.999995172 0.00224252278
vn 0.100013517 0.972923696 -0.119252674
vn 0.0892391279 0.972923636 -0.127515838
vn -0.00185246125 0.999995172 0.00241305586
vn -0.00185246125 0.999995172 0.00241305586
vn 0.0892391279 0.972923636 -0.127515838
vn 0.0777866766 0.972923696 -0.134809583
vn -0.00163509487 0.999995232 0.002565325
vn -0.00163509487 0.999995232 0.002565325
vn 0.0777866766 0.972923696 -0.134809583
vn 0.065740712 0.972923636 -0.141074687
vn -0.00140527845 0.999995291 0.00269807992
vn -0.00140527845 0.999995291 0.00269807992
vn 0.065740712 0.972923636 -0.141074687
vn 0.0531948097 0.972923636 -0.146267608
vn -0.00116479525 0.999995291 0.00281035947
vn -0.00116479525 0.999995291 0.00281035947
vn 0.0531948097 0.972923636 -0.146267608
vn 0.040244855 0.972923696 -0.150348693
vn -0.000915463374 0.999995232 0.00290127494
vn -0.000915463374 0.999995232 0.00290127494
vn 0.040244855 0.972923696 -0.150348693
vn 0.0269878227 0.972923577 -0.153282598
vn -0.000659129932 0.999995291 0.00297002913
vn -0.000659129932 0.999995291 0.00297002913
vn 0.0269878227 0.972923577 -0.153282598
vn 0.0135254245 0.972923636 -0.15505147
vn -0.000397768192 0.999995351 0.00301618828
vn -0.000397768192 0.999995351 0.00301618828
vn 0.0135254245 0.972923636 -0.15505147
vn -3.95282987e-05 0.972923636 -0.155641794
vn -0.000133381167 0.999995351 0.0030394101
vn -0.000133381167 0.999995351 0.0030394101
vn -3.95282987e-05 0.972923636 -0.155641794
vn -0.0136041809 0.972923577 -0.155044556
vn 0.000132024521 0.999995291 0.00303943944
vn 0.000132024521 0.999995291 0.00303943944
vn -0.0136041809 0.972923577 -0.155044556
vn -0.0270656943 0.972923696 -0.153268844
vn 0.000396431715 0.999995232 0.00301636639
vn 0.000396431715 0.999995232 0.00301636639
vn -0.0270656943 0.972923696 -0.153268844
vn -0.0403211974 0.972923756 -0.150328174
vn 0.00065781991 0.999995351 0.0029703672
vn 0.00065781991 0.999995351 0.0029703672
vn -0.0403211974 0.972923756 -0.150328174
vn -0.0532690808 0.972923636 -0.146240517
vn 0.000914189324 0.999995291 0.00290170335
vn 0.000914189324 0.999995291 0.00290170335
vn -0.0532690808 0.972923636 -0.146240517
vn -0.0658123121 0.972923636 -0.141041204
vn 0.00116361503 0.999995232 0.00281098299
vn 0.00116361503 0.999995232 0.00281098299
vn -0.0658123121 0.972923636 -0.141041204
vn -0.0778550953 0.972923756 -0.134770006
vn 0.0014041916 0.999995351 0.00269889832
vn 0.0014041916 0.999995351 0.00269889832
vn -0.0778550953 0.972923756 -0.134770006
vn -0.089303799 0.972923696 -0.127470493
vn 0.00163405354 0.999995232 0.00256622117
vn 0.00163405354 0.999995232 0.00256622117
vn -0.089303799 0.972923696 -0.127470493
vn -0.100073978 0.972923756 -0.119201913
vn 0.00185150059 0.999995351 0.00241403584
vn 0.00185150059 0.999995351 0.00241403584
vn -0.100073978 0.972923756 -0.119201913
vn -0.110083297 0.972923756 -0.11002747
vn 0.00205487059 0.999995351 0.00224350439
vn 0.00205487059 0.999995351 0.00224350439
vn -0.110083297 0.972923756 -0.11002747
vn -0.119252659 0.972923696 -0.100013502
vn 0.0022425619 0.999995291 0.0020558543
vn 0.0022425619 0.999995291 0.0020558543
vn -0.119252659 0.972923696 -0.100013502
vn -0.127515778 0.972923696 -0.0892391279
vn 0.00241321139 0.999995232 0.00185257394
vn 0.00241321139 0.999995232 0.00185257394
vn -0.127515778 0.972923696 -0.0892391279
vn -0.134809524 0.972923756 -0.0777867064
vn 0.00256551499 0.999995351 0.00163521734
vn 0.00256551499 0.999995351 0.00163521734
vn -0.134809524 0.972923756 -0.0777867064
vn -0.141074613 0.972923636 -0.0657407343
vn 0.00269824383 0.999995232 0.00140538346
vn 0.00269824383 0.999995232 0.00140538346
vn -0.141074613 0.972923636 -0.0657407343
vn -0.146267563 0.972923636 -0.0531948544
vn 0.00281046587 0.999995291 0.00116486335
vn 0.00281046587 0.999995291 0.00116486335
vn -0.146267563 0.972923636 -0.0531948544
vn -0.150348648 0.972923756 -0.040244896
vn 0.00290132361 0.999995351 0.000915494165
vn 0.00290132361 0.999995351 0.000915494165
vn -0.150348648 0.972923756 -0.040244896
vn -0.153282553 0.972923696 -0.0269879121
vn 0.00297004404 0.999995232 0.000659140467
vn 0.00297004404 0.999995232 0.000659140467
vn -0.153282553 0.972923696 -0.0269879121
vn -0.15505144 0.972923756 -0.0135255139
vn 0.00301619107 0.999995232 0.000397771364
vn 0.00301619107 0.999995232 0.000397771364
vn -0.15505144 0.972923756 -0.0135255139
vn -0.155641779 0.972923756 3.94359522e-05
vn 0.00303941127 0.999995351 0.000133383874
vn 0.00303941127 0.999995351 0.000133383874
vn -0.155641779 0.972923756 3.94359522e-05
vn -0.155044585 0.972923636 0.0136041008
vn 0.00303944014 0.999995172 -0.000132021567
vn 0.00303944014 0.999995172 -0.000132021567
vn -0.155044585 0.972923636 0.0136041008
vn -0.153268889 0.972923696 0.0270656329
vn 0.00301636686 0.999995291 -0.000396428921
vn 0.00301636686 0.999995291 -0.000396428921
vn -0.153268889 0.972923696 0.0270656329
vn -0.150328249 0.972923696 0.0403211862
vn 0.0029703672 0.999995291 -0.000657818338
vn 0.0029703672 0.999995291 -0.000657818338
vn -0.150328249 0.972923696 0.0403211862
vn -0.146240592 0.972923636 0.0532690808
vn 0.00290170335 0.999995291 -0.000914188859
vn 0.00290170335 0.999995291 -0.000914188859
vn -0.146240592 0.972923636 0.0532690808
vn -0.141041264 0.972923696 0.0658122599
vn 0.00281098275 0.999995232 -0.00116361445
vn 0.00281098275 0.999995232 -0.00116361445
vn -0.141041264 0.972923696 0.0658122599
vn -0.134770036 0.972923756 0.0778550506
vn 0.00269889808 0.999995232 -0.00140419183
vn 0.00269889808 0.999995232 -0.00140419183
vn -0.134770036 0.972923756 0.0778550506
vn -0.127470493 0.972923636 0.0893037766
vn 0.0025662207 0.999995172 -0.00163405447
vn 0.0025662207 0.999995172 -0.00163405447
vn -0.127470493 0.972923636 0.0893037766
vn -0.119201921 0.972923696 0.100073949
vn 0.00241403538 0.999995291 -0.00185150129
vn 0.00241403538 0.999995291 -0.00185150129
vn -0.119201921 0.972923696 0.100073949
vn -0.110027499 0.972923696 0.110083267
vn 0.00224350393 0.999995351 -0.00205487083
vn 0.00224350393 0.999995351 -0.00205487083
vn -0.110027499 0.972923696 0.110083267
vn -0.100013517 0.972923636 0.11925263
vn 0.0020558543 0.999995291 -0.0022425619
vn 0.0020558543 0.999995291 -0.0022425619
vn -0.100013517 0.972923636 0.11925263
vn -0.0892391428 0.972923696 0.127515763
vn 0.00185257464 0.999995232 -0.00241321116
vn 0.00185257464 0.999995232 -0.00241321116
vn -0.0892391428 0.972923696 0.127515763
vn -0.0777866989 0.972923815 0.134809509
vn 0.00163521792 0.999995351 -0.00256551523
vn 0.00163521792 0.999995351 -0.00256551523
vn -0.0777866989 0.972923815 0.134809509
vn -0.0657407418 0.972923756 0.141074613
vn 0.00140538416 0.999995291 -0.00269824383
vn 0.00140538416 0.999995291 -0.00269824383
vn -0.0657407418 0.972923756 0.141074613
vn -0.053194914 0.972923696 0.146267533
vn 0.00116486475 0.999995232 -0.00281046471
vn 0.00116486475 0.999995232 -0.00281046471
vn -0.053194914 0.972923696 0.146267533
vn -0.0402449667 0.972923815 0.150348648
vn 0.000915495271 0.999995351 -0.00290132244
vn 0.000915495271 0.999995351 -0.00290132244
vn -0.0402449667 0.972923815 0.150348648
vn -0.0269879382 0.972923696 0.153282553
vn 0.000659140642 0.999995232 -0.00297004287
vn 0.000659140642 0.999995232 -0.00297004287
vn -0.0269879382 0.972923696 0.153282553
vn -0.0135255279 0.972923696 0.15505144
vn 0.000397771131 0.999995232 -0.0030161899
vn 0.000397771131 0.999995232 -0.0030161899
vn -0.0135255279 0.972923696 0.15505144
vn 3.94324015e-05 0.972923696 0.155641794
vn 0.000133383437 0.999995351 -0.00303940987
vn 0.000133383437 0.999995351 -0.00303940987
vn 3.94324015e-05 0.972923696 0.155641794
vn 0.0136041008 0.972923577 0.155044571
vn -0.0001320218 0.999995172 -0.00303943921
vn -0.0001320218 0.999995172 -0.00303943921
vn 0.0136041008 0.972923577 0.155044571
vn 0.0270656329 0.972923696 0.153268889
vn -0.000396428804 0.999995232 -0.00301636546
vn -0.000396428804 0.999995232 -0.00301636546
vn 0.0270656329 0.972923696 0.153268889
vn 0.0403211825 0.972923696 0.150328249
vn -0.000657817756 0.999995291 -0.00297036581
vn -0.000657817756 0.999995291 -0.00297036581
vn 0.0403211825 0.972923696 0.150328249
vn 0.0532690734 0.972923636 0.146240592
vn -0.00091418426 0.999995232 -0.00290170591
vn -0.00091418426 0.999995232 -0.00290170591
vn 0.0532690734 0.972923636 0.146240592
vn 0.0658122823 0.972923696 0.141041234
vn -0.00116358313 0.999995232 -0.00281101186
vn -0.00116358313 0.999995232 -0.00281101186
vn 0.0658122823 0.972923696 0.141041234
vn 0.0778551325 0.972923756 0.134769946
vn -0.00140408822 0.999995172 -0.00269899936
vn -0.00140408822 0.999995172 -0.00269899936
vn 0.0778551325 0.972923756 0.134769946
vn 0.0893039927 0.972923696 0.12747027
vn -0.00163381954 0.999995112 -0.00256644958
vn -0.00163381954 0.999995112 -0.00256644958
vn 0.0893039927 0.972923696 0.12747027
vn 0.100074306 0.972923756 0.119201563
vn -0.00185109768 0.999995232 -0.00241440628
vn -0.00185109768 0.999995232 -0.00241440628
vn 0.100074306 0.972923756 0.119201563
vn 0.110083729 0.972923636 0.11002706
vn -0.00205429224 0.999995232 -0.00224397774
vn -0.00205429224 0.999995232 -0.00224397774
vn 0.110083729 0.972923636 0.11002706
vn 0.119253099 0.972923756 0.100013152
vn -0.00224183593 0.999995172 -0.00205633952
vn -0.00224183593 0.999995172 -0.00205633952
vn 0.119253099 0.972923756 0.100013152
vn 0.12751615 0.972923756 0.0892389789
vn -0.00241241138 0.999995232 -0.00185293751
vn -0.00241241138 0.999995232 -0.00185293751
vn 0.12751615 0.972923756 0.0892389789
vn 0.134809777 0.972923756 0.0777868107
vn -0.00256476225 0.999995232 -0.00163528265
vn -0.00256476225 0.999995232 -0.00163528265
vn 0.134809777 0.972923756 0.0777868107
vn 0.141074732 0.972923815 0.0657411739
vn -0.00269768038 0.999995291 -0.00140498311
vn -0.00269768038 0.999995291 -0.00140498311
vn 0.141074732 0.972923815 0.0657411739
vn 0.146267518 0.972923696 0.053195592
vn -0.00281014433 0.999995232 -0.0011640318
vn -0.00281014433 0.999995232 -0.0011640318
vn 0.146267518 0.972923696 0.053195592
vn 0.150348529 0.972923815 0.040245641
vn -0.00290118321 0.999995351 -0.000914514821
vn -0.00290118321 0.999995351 -0.000914514821
vn 0.150348529 0.972923815 0.040245641
vn 0.153282464 0.972923696 0.0269882828
vn -0.0029699381 0.999995232 -0.000658460369
vn -0.0029699381 0.999995232 -0.000658460369
vn 0.153282464 0.972923696 0.0269882828
vn 0.15505144 0.972923756 0.0135253863
vn -0.00301601435 0.999995232 -0.000397654221
vn -0.00301601435 0.999995232 -0.000397654221
vn 0.15505144 0.972923756 0.0135253863
vn 0.155641884 0.972923756 -3.9978564e-05
vn -0.00303913234 0.999995351 -0.000133821624
vn 0.155641884 0.972923756 -3.9978564e-05
vn 0.3312563 0.916983724 -5.24357893e-06
vn 0.329992145 0.916983604 -0.0288756173
vn 0.155044705 0.972923636 -0.0136047704
vn 0.155044705 0.972923636 -0.0136047704
vn 0.329992145 0.916983604 -0.0288756173
vn 0.326219738 0.916983604 -0.0575268976
vn 0.153269038 0.972923696 -0.0270661823
vn 0.153269038 0.972923696 -0.0270661823
vn 0.326219738 0.916983604 -0.0575268976
vn 0.319967836 0.916983724 -0.085740298
vn 0.150328442 0.972923696 -0.0403214507
vn 0.150328442 0.972923696 -0.0403214507
vn 0.319967836 0.916983724 -0.085740298
vn 0.311274588 0.916983545 -0.113299489
vn 0.14624086 0.972923636 -0.0532689802
vn 0.14624086 0.972923636 -0.0532689802
vn 0.311274588 0.916983545 -0.113299489
vn 0.300215155 0.916983545 -0.139998063
vn 0.141041651 0.972923696 -0.0658119023
vn 0.141041651 0.972923696 -0.0658119023
vn 0.300215155 0.916983545 -0.139998063
vn 0.286874086 0.916983783 -0.165632114
vn 0.134770453 0.972923815 -0.0778545067
vn 0.134770453 0.972923815 -0.0778545067
vn 0.286874086 0.916983783 -0.165632114
vn 0.271344095 0.916983545 -0.190002486
vn 0.127470836 0.972923696 -0.0893032923
vn 0.127470836 0.972923696 -0.0893032923
vn 0.271344095 0.916983545 -0.190002486
vn 0.253751338 0.916983604 -0.212929204
vn 0.11920213 0.972923756 -0.100073658
vn 0.11920213 0.972923756 -0.100073658
vn 0.253751338 0.916983604 -0.212929204
vn 0.234230176 0.916983724 -0.23423706
vn 0.110027574 0.972923756 -0.110083193
vn 0.110027574 0.972923756 -0.110083193
vn 0.234230176 0.916983724 -0.23423706
vn 0.212921798 0.916983604 -0.253757596
vn 0.100013517 0.972923696 -0.119252674
vn 0.100013517 0.972923696 -0.119252674
vn 0.212921798 0.916983604 -0.253757596
vn 0.189994678 0.916983545 -0.271349609
vn 0.0892391279 0.972923636 -0.127515838
vn 0.0892391279 0.972923636 -0.127515838
vn 0.189994678 0.916983545 -0.271349609
vn 0.165623844 0.916983724 -0.286878914
vn 0.0777866766 0.972923696 -0.134809583
vn 0.0777866766 0.972923696 -0.134809583
vn 0.165623844 0.916983724 -0.286878914
vn 0.139989302 0.916983485 -0.300219238
vn 0.065740712 0.972923636 -0.141074687
vn 0.065740712 0.972923636 -0.141074687
vn 0.139989302 0.916983485 -0.300219238
vn 0.113290198 0.916983545 -0.311277896
vn 0.0531948097 0.972923636 -0.146267608
vn 0.0531948097 0.972923636 -0.146267608
vn 0.113290198 0.916983545 -0.311277896
vn 0.0857305676 0.916983604 -0.319970369
vn 0.040244855 0.972923696 -0.150348693
vn 0.040244855 0.972923696 -0.150348693
vn 0.0857305676 0.916983604 -0.319970369
vn 0.0575168096 0.916983485 -0.326221436
vn 0.0269878227 0.972923577 -0.153282598
vn 0.0269878227 0.972923577 -0.153282598
vn 0.0575168096 0.916983485 -0.326221436
vn 0.0288653802 0.916983604 -0.329993069
vn 0.0135254245 0.972923636 -0.15505147
vn 0.0135254245 0.972923636 -0.15505147
vn 0.0288653802 0.916983604 -0.329993069
vn -4.92902473e-06 0.916983604 -0.33125639
vn -3.95282987e-05 0.972923636 -0.155641794
vn -3.95282987e-05 0.972923636 -0.155641794
vn -4.92902473e-06 0.916983604 -0.33125639
vn -0.028875215 0.916983545 -0.329992145
vn -0.0136041809 0.972923577 -0.155044556
vn -0.0136041809 0.972923577 -0.155044556
vn -0.028875215 0.916983545 -0.329992145
vn -0.0575266033 0.916983545 -0.326219708
vn -0.0270656943 0.972923696 -0.153268844
vn -0.0270656943 0.972923696 -0.153268844
vn -0.0575266033 0.916983545 -0.326219708
vn -0.0857401416 0.916983664 -0.319967806
vn -0.0403211974 0.972923756 -0.150328174
vn -0.0403211974 0.972923756 -0.150328174
vn -0.0857401416 0.916983664 -0.319967806
vn -0.113299549 0.916983485 -0.311274469
vn -0.0532690808 0.972923636 -0.146240517
vn -0.0532690808 0.972923636 -0.146240517
vn -0.113299549 0.916983485 -0.311274469
vn -0.139998287 0.916983545 -0.300214976
vn -0.0658123121 0.972923636 -0.141041204
vn -0.0658123121 0.972923636 -0.141041204
vn -0.139998287 0.916983545 -0.300214976
vn -0.165632442 0.916983545 -0.286873937
vn -0.0778550953 0.972923756 -0.134770006
vn -0.0778550953 0.972923756 -0.134770006
vn -0.165632442 0.916983545 -0.286873937
vn -0.19000271 0.916983545 -0.271343976
vn -0.089303799 0.972923696 -0.127470493
vn -0.089303799 0.972923696 -0.127470493
vn -0.19000271 0.916983545 -0.271343976
vn -0.212929353 0.916983604 -0.253751278
vn -0.100073978 0.972923756 -0.119201913
vn -0.100073978 0.972923756 -0.119201913
vn -0.212929353 0.916983604 -0.253751278
vn -0.234237075 0.916983664 -0.234230176
vn -0.110083297 0.972923756 -0.11002747
vn -0.110083297 0.972923756 -0.11002747
vn -0.234237075 0.916983664 -0.234230176
vn -0.253757566 0.916983545 -0.212921873
vn -0.119252659 0.972923696 -0.100013502
vn -0.119252659 0.972923696 -0.100013502
vn -0.253757566 0.916983545 -0.212921873
vn -0.271349609 0.916983545 -0.189994738
vn -0.127515778 0.972923696 -0.0892391279
vn -0.127515778 0.972923696 -0.0892391279
vn -0.271349609 0.916983545 -0.189994738
vn -0.286878854 0.916983545 -0.165623993
vn -0.134809524 0.972923756 -0.0777867064
vn -0.134809524 0.972923756 -0.0777867064
vn -0.286878854 0.916983545 -0.165623993
vn -0.300219178 0.916983485 -0.139989451
vn -0.141074613 0.972923636 -0.0657407343
vn -0.141074613 0.972923636 -0.0657407343
vn -0.300219178 0.916983485 -0.139989451
vn -0.311277837 0.916983545 -0.113290377
vn -0.146267563 0.972923636 -0.0531948544
vn -0.146267563 0.972923636 -0.0531948544
vn -0.311277837 0.916983545 -0.113290377
vn -0.31997031 0.916983545 -0.0857307315
vn -0.150348648 0.972923756 -0.040244896
vn -0.150348648 0.972923756 -0.040244896
vn -0.31997031 0.916983545 -0.0857307315
vn -0.326221406 0.916983545 -0.0575170219
vn -0.153282553 0.972923696 -0.0269879121
vn -0.153282553 0.972923696 -0.0269879121
vn -0.326221406 0.916983545 -0.0575170219
vn -0.329993039 0.916983604 -0.028865546
vn -0.15505144 0.972923756 -0.0135255139
vn -0.15505144 0.972923756 -0.0135255139
vn -0.329993039 0.916983604 -0.028865546
vn -0.33125639 0.916983724 4.7844369e-06
vn -0.155641779 0.972923756 3.94359522e-05
vn -0.155641779 0.972923756 3.94359522e-05
vn -0.33125639 0.916983724 4.7844369e-06
vn -0.329992175 0.916983604 0.0288750976
vn -0.155044585 0.972923636 0.0136041008
vn -0.155044585 0.972923636 0.0136041008
vn -0.329992175 0.916983604 0.0288750976
vn -0.326219738 0.916983545 0.0575265139
vn -0.153268889 0.972923696 0.0270656329
vn -0.153268889 0.972923696 0.0270656329
vn -0.326219738 0.916983545 0.0575265139
vn -0.319967836 0.916983604 0.0857401118
vn -0.150328249 0.972923696 0.0403211862
vn -0.150328249 0.972923696 0.0403211862
vn -0.319967836 0.916983604 0.0857401118
vn -0.311274558 0.916983724 0.113299534
vn -0.146240592 0.972923636 0.0532690808
vn -0.146240592 0.972923636 0.0532690808
vn -0.311274558 0.916983724 0.113299534
vn -0.300215125 0.916983604 0.139998153
vn -0.141041264 0.972923696 0.0658122599
vn -0.141041264 0.972923696 0.0658122599
vn -0.300215125 0.916983604 0.139998153
vn -0.286873996 0.916983545 0.165632278
vn -0.134770036 0.972923756 0.0778550506
vn -0.134770036 0.972923756 0.0778550506
vn -0.286873996 0.916983545 0.165632278
vn -0.271344036 0.916983545 0.19000262
vn -0.127470493 0.972923636 0.0893037766
vn -0.127470493 0.972923636 0.0893037766
vn -0.271344036 0.916983545 0.19000262
vn -0.253751308 0.916983604 0.212929249
vn -0.119201921 0.972923696 0.100073949
vn -0.119201921 0.972923696 0.100073949
vn -0.253751308 0.916983604 0.212929249
vn -0.23423025 0.916983724 0.234236971
vn -0.110027499 0.972923696 0.110083267
vn -0.110027499 0.972923696 0.110083267
vn -0.23423025 0.916983724 0.234236971
vn -0.212921917 0.916983545 0.253757507
vn -0.100013517 0.972923636 0.11925263
vn -0.100013517 0.972923636 0.11925263
vn -0.212921917 0.916983545 0.253757507
vn -0.189994782 0.916983545 0.271349549
vn -0.0892391428 0.972923696 0.127515763
vn -0.0892391428 0.972923696 0.127515763
vn -0.189994782 0.916983545 0.271349549
vn -0.165623978 0.916983604 0.286878854
vn -0.0777866989 0.972923815 0.134809509
vn -0.0777866989 0.972923815 0.134809509
vn -0.165623978 0.916983604 0.286878854
vn -0.139989451 0.916983724 0.300219208
vn -0.0657407418 0.972923756 0.141074613
vn -0.0657407418 0.972923756 0.141074613
vn -0.139989451 0.916983724 0.300219208
vn -0.113290496 0.916983545 0.311277807
vn -0.053194914 0.972923696 0.146267533
vn -0.053194914 0.972923696 0.146267533
vn -0.113290496 0.916983545 0.311277807
vn -0.0857308432 0.916983664 0.31997025
vn -0.0402449667 0.972923815 0.150348648
vn -0.0402449667 0.972923815 0.150348648
vn -0.0857308432 0.916983664 0.31997025
vn -0.057517074 0.916983545 0.326221377
vn -0.0269879382 0.972923696 0.153282553
vn -0.0269879382 0.972923696 0.153282553
vn -0.057517074 0.916983545 0.326221377
vn -0.0288655795 0.916983664 0.32999298
vn -0.0135255279 0.972923696 0.15505144
vn -0.0135255279 0.972923696 0.15505144
vn -0.0288655795 0.916983664 0.32999298
vn 4.77186404e-06 0.916983724 0.33125636
vn 3.94324015e-05 0.972923696 0.155641794
vn 3.94324015e-05 0.972923696 0.155641794
vn 4.77186404e-06 0.916983724 0.33125636
vn 0.0288750995 0.916983545 0.329992175
vn 0.0136041008 0.972923577 0.155044571
vn 0.0136041008 0.972923577 0.155044571
vn 0.0288750995 0.916983545 0.329992175
vn 0.0575265139 0.916983545 0.326219738
vn 0.0270656329 0.972923696 0.153268889
vn 0.0270656329 0.972923696 0.153268889
vn 0.0575265139 0.916983545 0.326219738
vn 0.0857401043 0.916983604 0.319967836
vn 0.0403211825 0.972923696 0.150328249
vn 0.0403211825 0.972923696 0.150328249
vn 0.0857401043 0.916983604 0.319967836
vn 0.113299519 0.916983724 0.311274558
vn 0.0532690734 0.972923636 0.146240592
vn 0.0532690734 0.972923636 0.146240592
vn 0.113299519 0.916983724 0.311274558
vn 0.139998138 0.916983604 0.300215125
vn 0.0658122823 0.972923696 0.141041234
vn 0.0658122823 0.972923696 0.141041234
vn 0.139998138 0.916983604 0.300215125
vn 0.165632308 0.916983664 0.286873966
vn 0.0778551325 0.972923756 0.134769946
vn 0.0778551325 0.972923756 0.134769946
vn 0.165632308 0.916983664 0.286873966
vn 0.190002725 0.916983545 0.271343946
vn 0.0893039927 0.972923696 0.12747027
vn 0.0893039927 0.972923696 0.12747027
vn 0.190002725 0.916983545 0.271343946
vn 0.212929413 0.916983664 0.253751129
vn 0.100074306 0.972923756 0.119201563
vn 0.100074306 0.972923756 0.119201563
vn 0.212929413 0.916983664 0.253751129
vn 0.234237209 0.916983664 0.234230042
vn 0.110083729 0.972923636 0.11002706
vn 0.110083729 0.972923636 0.11002706
vn 0.234237209 0.916983664 0.234230042
vn 0.253757656 0.916983545 0.212921783
vn 0.119253099 0.972923756 0.100013152
vn 0.119253099 0.972923756 0.100013152
vn 0.253757656 0.916983545 0.212921783
vn 0.271349639 0.916983545 0.189994797
vn 0.12751615 0.972923756 0.0892389789
vn 0.12751615 0.972923756 0.0892389789
vn 0.271349639 0.916983545 0.189994797
vn 0.286878794 0.916983664 0.165624201
vn 0.134809777 0.972923756 0.0777868107
vn 0.134809777 0.972923756 0.0777868107
vn 0.286878794 0.916983664 0.165624201
vn 0.300219119 0.916983783 0.139989868
vn 0.141074732 0.972923815 0.0657411739
vn 0.141074732 0.972923815 0.0657411739
vn 0.300219119 0.916983783 0.139989868
vn 0.311277628 0.916983604 0.113290995
vn 0.146267518 0.972923696 0.053195592
vn 0.146267518 0.972923696 0.053195592
vn 0.311277628 0.916983604 0.113290995
vn 0.319970131 0.916983664 0.0857312977
vn 0.150348529 0.972923815 0.040245641
vn 0.150348529 0.972923815 0.040245641
vn 0.319970131 0.916983664 0.0857312977
vn 0.326221257 0.916983604 0.0575172491
vn 0.153282464 0.972923696 0.0269882828
vn 0.153282464 0.972923696 0.0269882828
vn 0.326221257 0.916983604 0.0575172491
vn 0.32999292 0.916983664 0.0288653858
vn 0.15505144 0.972923756 0.0135253863
vn 0.15505144 0.972923756 0.0135253863
vn 0.32999292 0.916983664 0.0288653858
vn 0.3312563 0.916983724 -5.24357893e-06
vn 0.155641884 0.972923756 -3.9978564e-05
vn 0.3312563 0.916983724 -5.24357893e-06
vn 0.497626424 0.84053874 -1.18277967e-07
vn 0.495727926 0.840538561 -0.0433703326
vn 0.329992145 0.916983604 -0.0288756173
vn 0.329992145 0.916983604 -0.0288756173
vn 0.495727926 0.840538561 -0.0433703326
vn 0.490061492 0.840538681 -0.0864116326
vn 0.326219738 0.916983604 -0.0575268976
vn 0.326219738 0.916983604 -0.0575268976
vn 0.490061492 0.840538681 -0.0864116326
vn 0.480670244 0.840538681 -0.128795266
vn 0.319967836 0.916983724 -0.085740298
vn 0.319967836 0.916983724 -0.085740298
vn 0.480670244 0.840538681 -0.128795266
vn 0.467611432 0.840538621 -0.170196176
vn 0.311274588 0.916983545 -0.113299489
vn 0.311274588 0.916983545 -0.113299489
vn 0.467611432 0.840538621 -0.170196176
vn 0.450998068 0.840538681 -0.210304245
vn 0.300215155 0.916983545 -0.139998063
vn 0.300215155 0.916983545 -0.139998063
vn 0.450998068 0.840538681 -0.210304245
vn 0.430957168 0.84053874 -0.248813123
vn 0.286874086 0.916983783 -0.165632114
vn 0.286874086 0.916983783 -0.165632114
vn 0.430957168 0.84053874 -0.248813123
vn 0.40762794 0.840538621 -0.285423547
vn 0.271344095 0.916983545 -0.190002486
vn 0.271344095 0.916983545 -0.190002486
vn 0.40762794 0.840538621 -0.285423547
vn 0.381199956 0.840538681 -0.319865286
vn 0.253751338 0.916983604 -0.212929204
vn 0.253751338 0.916983604 -0.212929204
vn 0.381199956 0.840538681 -0.319865286
vn 0.351875067 0.840538681 -0.351875067
vn 0.234230176 0.916983724 -0.23423706
vn 0.234230176 0.916983724 -0.23423706
vn 0.351875067 0.840538681 -0.351875067
vn 0.319865257 0.840538561 -0.381199986
vn 0.212921798 0.916983604 -0.253757596
vn 0.212921798 0.916983604 -0.253757596
vn 0.319865257 0.840538561 -0.381199986
vn 0.285423636 0.840538621 -0.40762797
vn 0.189994678 0.916983545 -0.271349609
vn 0.189994678 0.916983545 -0.271349609
vn 0.285423636 0.840538621 -0.40762797
vn 0.248813167 0.840538681 -0.430957198
vn 0.165623844 0.916983724 -0.286878914
vn 0.165623844 0.916983724 -0.286878914
vn 0.248813167 0.840538681 -0.430957198
vn 0.21030426 0.840538621 -0.450998127
vn 0.139989302 0.916983485 -0.300219238
vn 0.139989302 0.916983485 -0.300219238
vn 0.21030426 0.840538621 -0.450998127
vn 0.170196027 0.840538621 -0.467611521
vn 0.113290198 0.916983545 -0.311277896
vn 0.113290198 0.916983545 -0.311277896
vn 0.170196027 0.840538621 -0.467611521
vn 0.128795058 0.840538681 -0.480670303
vn 0.0857305676 0.916983604 -0.319970369
vn 0.0857305676 0.916983604 -0.319970369
vn 0.128795058 0.840538681 -0.480670303
vn 0.0864113718 0.840538621 -0.490061551
vn 0.0575168096 0.916983485 -0.326221436
vn 0.0575168096 0.916983485 -0.326221436
vn 0.0864113718 0.840538621 -0.490061551
vn 0.0433701351 0.840538621 -0.495728016
vn 0.0288653802 0.916983604 -0.329993069
vn 0.0288653802 0.916983604 -0.329993069
vn 0.0433701351 0.840538621 -0.495728016
vn 4.3772161e-08 0.840538681 -0.497626483
vn -4.92902473e-06 0.916983604 -0.33125639
vn -4.92902473e-06 0.916983604 -0.33125639
vn 4.3772161e-08 0.840538681 -0.497626483
vn -0.0433700792 0.840538561 -0.495727986
vn -0.028875215 0.916983545 -0.329992145
vn -0.028875215 0.916983545 -0.329992145
vn -0.0433700792 0.840538561 -0.495727986
vn -0.0864114016 0.840538561 -0.490061462
vn -0.0575266033 0.916983545 -0.326219708
vn -0.0575266033 0.916983545 -0.326219708
vn -0.0864114016 0.840538561 -0.490061462
vn -0.128795072 0.840538621 -0.480670244
vn -0.0857401416 0.916983664 -0.319967806
vn -0.0857401416 0.916983664 -0.319967806
vn -0.128795072 0.840538621 -0.480670244
vn -0.170196101 0.840538621 -0.467611462
vn -0.113299549 0.916983485 -0.311274469
vn -0.113299549 0.916983485 -0.311274469
vn -0.170196101 0.840538621 -0.467611462
vn -0.21030429 0.840538621 -0.450998127
vn -0.139998287 0.916983545 -0.300214976
vn -0.139998287 0.916983545 -0.300214976
vn -0.21030429 0.840538621 -0.450998127
vn -0.248813242 0.840538621 -0.430957139
vn -0.165632442 0.916983545 -0.286873937
vn -0.165632442 0.916983545 -0.286873937
vn -0.248813242 0.840538621 -0.430957139
vn -0.285423607 0.840538561 -0.407628
vn -0.19000271 0.916983545 -0.271343976
vn -0.19000271 0.916983545 -0.271343976
vn -0.285423607 0.840538561 -0.407628
vn -0.319865257 0.840538681 -0.381199986
vn -0.212929353 0.916983604 -0.253751278
vn -0.212929353 0.916983604 -0.253751278
vn -0.319865257 0.840538681 -0.381199986
vn -0.351875007 0.840538681 -0.351875126
vn -0.234237075 0.916983664 -0.234230176
vn -0.234237075 0.916983664 -0.234230176
vn -0.351875007 0.840538681 -0.351875126
vn -0.381199867 0.840538561 -0.319865376
vn -0.253757566 0.916983545 -0.212921873
vn -0.253757566 0.916983545 -0.212921873
vn -0.381199867 0.840538561 -0.319865376
vn -0.40762791 0.840538561 -0.285423756
vn -0.271349609 0.916983545 -0.189994738
vn -0.271349609 0.916983545 -0.189994738
vn -0.40762791 0.840538561 -0.285423756
vn -0.430957079 0.840538621 -0.248813391
vn -0.286878854 0.916983545 -0.165623993
vn -0.286878854 0.916983545 -0.165623993
vn -0.430957079 0.840538621 -0.248813391
vn -0.450998068 0.840538561 -0.210304484
vn -0.300219178 0.916983485 -0.139989451
vn -0.300219178 0.916983485 -0.139989451
vn -0.450998068 0.840538561 -0.210304484
vn -0.467611462 0.840538621 -0.170196295
vn -0.311277837 0.916983545 -0.113290377
vn -0.311277837 0.916983545 -0.113290377
vn -0.467611462 0.840538621 -0.170196295
vn -0.480670214 0.840538561 -0.128795296
vn -0.31997031 0.916983545 -0.0857307315
vn -0.31997031 0.916983545 -0.0857307315
vn -0.480670214 0.840538561 -0.128795296
vn -0.490061492 0.840538561 -0.0864116624
vn -0.326221406 0.916983545 -0.0575170219
vn -0.326221406 0.916983545 -0.0575170219
vn -0.490061492 0.840538561 -0.0864116624
vn -0.495728046 0.840538621 -0.0433703437
vn -0.329993039 0.916983604 -0.028865546
vn -0.329993039 0.916983604 -0.028865546
vn -0.495728046 0.840538621 -0.0433703437
vn -0.497626513 0.840538681 -1.97440386e-07
vn -0.33125639 0.916983724 4.7844369e-06
vn -0.33125639 0.916983724 4.7844369e-06
vn -0.497626513 0.840538681 -1.97440386e-07
vn -0.495728046 0.840538561 0.0433699563
vn -0.329992175 0.916983604 0.0288750976
vn -0.329992175 0.916983604 0.0288750976
vn -0.495728046 0.840538561 0.0433699563
vn -0.490061522 0.840538621 0.0864113122
vn -0.326219738 0.916983545 0.0575265139
vn -0.326219738 0.916983545 0.0575265139
vn -0.490061522 0.840538621 0.0864113122
vn -0.480670333 0.84053874 0.128795058
vn -0.319967836 0.916983604 0.0857401118
vn -0.319967836 0.916983604 0.0857401118
vn -0.480670333 0.84053874 0.128795058
vn -0.467611551 0.840538621 0.170196086
vn -0.311274558 0.916983724 0.113299534
vn -0.311274558 0.916983724 0.113299534
vn -0.467611551 0.840538621 0.170196086
vn -0.450998276 0.840538561 0.210304037
vn -0.300215125 0.916983604 0.139998153
vn -0.300215125 0.916983604 0.139998153
vn -0.450998276 0.840538561 0.210304037
vn -0.430957317 0.840538621 0.248812988
vn -0.286873996 0.916983545 0.165632278
vn -0.286873996 0.916983545 0.165632278
vn -0.430957317 0.840538621 0.248812988
vn -0.407628149 0.840538561 0.285423398
vn -0.271344036 0.916983545 0.19000262
vn -0.271344036 0.916983545 0.19000262
vn -0.407628149 0.840538561 0.285423398
vn -0.381200135 0.840538561 0.319865078
vn -0.253751308 0.916983604 0.212929249
vn -0.253751308 0.916983604 0.212929249
vn -0.381200135 0.840538561 0.319865078
vn -0.351875216 0.840538621 0.351874888
vn -0.23423025 0.916983724 0.234236971
vn -0.23423025 0.916983724 0.234236971
vn -0.351875216 0.840538621 0.351874888
vn -0.319865435 0.840538561 0.381199837
vn -0.212921917 0.916983545 0.253757507
vn -0.212921917 0.916983545 0.253757507
vn -0.319865435 0.840538561 0.381199837
vn -0.285423756 0.840538621 0.407627851
vn -0.189994782 0.916983545 0.271349549
vn -0.189994782 0.916983545 0.271349549
vn -0.285423756 0.840538621 0.407627851
vn -0.248813331 0.840538681 0.430957109
vn -0.165623978 0.916983604 0.286878854
vn -0.165623978 0.916983604 0.286878854
vn -0.248813331 0.840538681 0.430957109
vn -0.210304439 0.840538621 0.450998068
vn -0.139989451 0.916983724 0.300219208
vn -0.139989451 0.916983724 0.300219208
vn -0.210304439 0.840538621 0.450998068
vn -0.170196459 0.840538621 0.467611343
vn -0.113290496 0.916983545 0.311277807
vn -0.113290496 0.916983545 0.311277807
vn -0.170196459 0.840538621 0.467611343
vn -0.12879546 0.84053874 0.480670154
vn -0.0857308432 0.916983664 0.31997025
vn -0.0857308432 0.916983664 0.31997025
vn -0.12879546 0.84053874 0.480670154
vn -0.0864117369 0.840538621 0.490061432
vn -0.057517074 0.916983545 0.326221377
vn -0.057517074 0.916983545 0.326221377
vn -0.0864117369 0.840538621 0.490061432
vn -0.0433704033 0.840538681 0.495727956
vn -0.0288655795 0.916983664 0.32999298
vn -0.0288655795 0.916983664 0.32999298
vn -0.0433704033 0.840538681 0.495727956
vn -2.40281224e-07 0.840538681 0.497626483
vn 4.77186404e-06 0.916983724 0.33125636
vn 4.77186404e-06 0.916983724 0.33125636
vn -2.40281224e-07 0.840538681 0.497626483
vn 0.043369934 0.840538561 0.495727986
vn 0.0288750995 0.916983545 0.329992175
vn 0.0288750995 0.916983545 0.329992175
vn 0.043369934 0.840538561 0.495727986
vn 0.0864112899 0.840538621 0.490061522
vn 0.0575265139 0.916983545 0.326219738
vn 0.0575265139 0.916983545 0.326219738
vn 0.0864112899 0.840538621 0.490061522
vn 0.128795028 0.840538681 0.480670363
vn 0.0857401043 0.916983604 0.319967836
vn 0.0857401043 0.916983604 0.319967836
vn 0.128795028 0.840538681 0.480670363
vn 0.170196041 0.840538621 0.467611581
vn 0.113299519 0.916983724 0.311274558
vn 0.113299519 0.916983724 0.311274558
vn 0.170196041 0.840538621 0.467611581
vn 0.210304007 0.840538621 0.450998276
vn 0.139998138 0.916983604 0.300215125
vn 0.139998138 0.916983604 0.300215125
vn 0.210304007 0.840538621 0.450998276
vn 0.248812944 0.840538621 0.430957317
vn 0.165632308 0.916983664 0.286873966
vn 0.165632308 0.916983664 0.286873966
vn 0.248812944 0.840538621 0.430957317
vn 0.285423398 0.840538621 0.407628119
vn 0.190002725 0.916983545 0.271343946
vn 0.190002725 0.916983545 0.271343946
vn 0.285423398 0.840538621 0.407628119
vn 0.319865108 0.840538681 0.381200105
vn 0.212929413 0.916983664 0.253751129
vn 0.212929413 0.916983664 0.253751129
vn 0.319865108 0.840538681 0.381200105
vn 0.351874888 0.840538621 0.351875246
vn 0.234237209 0.916983664 0.234230042
vn 0.234237209 0.916983664 0.234230042
vn 0.351874888 0.840538621 0.351875246
vn 0.381199747 0.840538561 0.319865525
vn 0.253757656 0.916983545 0.212921783
vn 0.253757656 0.916983545 0.212921783
vn 0.381199747 0.840538561 0.319865525
vn 0.407627702 0.840538621 0.285423934
vn 0.271349639 0.916983545 0.189994797
vn 0.271349639 0.916983545 0.189994797
vn 0.407627702 0.840538621 0.285423934
vn 0.43095687 0.840538681 0.248813614
vn 0.286878794 0.916983664 0.165624201
vn 0.286878794 0.916983664 0.165624201
vn 0.43095687 0.840538681 0.248813614
vn 0.450997859 0.840538681 0.210304812
vn 0.300219119 0.916983783 0.139989868
vn 0.300219119 0.916983783 0.139989868
vn 0.450997859 0.840538681 0.210304812
vn 0.467611164 0.840538621 0.170196846
vn 0.311277628 0.916983604 0.113290995
vn 0.311277628 0.916983604 0.113290995
vn 0.467611164 0.840538621 0.170196846
vn 0.480670065 0.84053874 0.128795773
vn 0.319970131 0.916983664 0.0857312977
vn 0.319970131 0.916983664 0.0857312977
vn 0.480670065 0.84053874 0.128795773
vn 0.490061313 0.840538621 0.0864118412
vn 0.326221257 0.916983604 0.0575172491
vn 0.326221257 0.916983604 0.0575172491
vn 0.490061313 0.840538621 0.0864118412
vn 0.495727926 0.840538681 0.0433702469
vn 0.32999292 0.916983664 0.0288653858
vn 0.32999292 0.916983664 0.0288653858
vn 0.495727926 0.840538681 0.0433702469
vn 0.497626424 0.84053874 -1.18277967e-07
vn 0.3312563 0.916983724 -5.24357893e-06
vn 0.497626424 0.84053874 -1.18277967e-07
vn 0.569993138 0.796823978 -5.05242497e-08
vn 0.567818642 0.796823859 -0.0496773235
vn 0.495727926 0.840538561 -0.0433703326
vn 0.495727926 0.840538561 -0.0433703326
vn 0.567818642 0.796823859 -0.0496773235
vn 0.561328053 0.796823859 -0.0989778936
vn 0.490061492 0.840538681 -0.0864116326
vn 0.490061492 0.840538681 -0.0864116326
vn 0.561328053 0.796823859 -0.0989778936
vn 0.550571084 0.796823859 -0.147525147
vn 0.480670244 0.840538681 -0.128795266
vn 0.480670244 0.840538681 -0.128795266
vn 0.550571084 0.796823859 -0.147525147
vn 0.535613239 0.7968238 -0.194946751
vn 0.467611432 0.840538621 -0.170196176
vn 0.467611432 0.840538621 -0.170196176
vn 0.535613239 0.7968238 -0.194946751
vn 0.516583979 0.7968238 -0.240887552
vn 0.450998068 0.840538681 -0.210304245
vn 0.450998068 0.840538681 -0.210304245
vn 0.516583979 0.7968238 -0.240887552
vn 0.493628502 0.796823978 -0.28499651
vn 0.430957168 0.84053874 -0.248813123
vn 0.430957168 0.84053874 -0.248813123
vn 0.493628502 0.796823978 -0.28499651
vn 0.466906667 0.7968238 -0.32693094
vn 0.40762794 0.840538621 -0.285423547
vn 0.40762794 0.840538621 -0.285423547
vn 0.466906667 0.7968238 -0.32693094
vn 0.436635494 0.796823859 -0.366381288
vn 0.381199956 0.840538681 -0.319865286
vn 0.381199956 0.840538681 -0.319865286
vn 0.436635494 0.796823859 -0.366381288
vn 0.403046012 0.796823919 -0.403046012
vn 0.351875067 0.840538681 -0.351875067
vn 0.351875067 0.840538681 -0.351875067
vn 0.403046012 0.796823919 -0.403046012
vn 0.366381288 0.79682368 -0.436635494
vn 0.319865257 0.840538561 -0.381199986
vn 0.319865257 0.840538561 -0.381199986
vn 0.366381288 0.79682368 -0.436635494
vn 0.326931 0.7968238 -0.466906756
vn 0.285423636 0.840538621 -0.40762797
vn 0.285423636 0.840538621 -0.40762797
vn 0.326931 0.7968238 -0.466906756
vn 0.28499651 0.796823919 -0.493628591
vn 0.248813167 0.840538681 -0.430957198
vn 0.248813167 0.840538681 -0.430957198
vn 0.28499651 0.796823919 -0.493628591
vn 0.240887508 0.796823859 -0.516584098
vn 0.21030426 0.840538621 -0.450998127
vn 0.21030426 0.840538621 -0.450998127
vn 0.240887508 0.796823859 -0.516584098
vn 0.194946602 0.7968238 -0.535613418
vn 0.170196027 0.840538621 -0.467611521
vn 0.170196027 0.840538621 -0.467611521
vn 0.194946602 0.7968238 -0.535613418
vn 0.147524953 0.796823919 -0.550571203
vn 0.128795058 0.840538681 -0.480670303
vn 0.128795058 0.840538681 -0.480670303
vn 0.147524953 0.796823919 -0.550571203
vn 0.0989776626 0.7968238 -0.561328113
vn 0.0864113718 0.840538621 -0.490061551
vn 0.0864113718 0.840538621 -0.490061551
vn 0.0989776626 0.7968238 -0.561328113
vn 0.0496771969 0.7968238 -0.567818761
vn 0.0433701351 0.840538621 -0.495728016
vn 0.0433701351 0.840538621 -0.495728016
vn 0.0496771969 0.7968238 -0.567818761
vn 6.03904482e-08 0.796823919 -0.569993198
vn 4.3772161e-08 0.840538681 -0.497626483
vn 4.3772161e-08 0.840538681 -0.497626483
vn 6.03904482e-08 0.796823919 -0.569993198
vn -0.0496771 0.79682374 -0.567818582
vn -0.0433700792 0.840538561 -0.495727986
vn -0.0433700792 0.840538561 -0.495727986
vn -0.0496771 0.79682374 -0.567818582
vn -0.0989776701 0.796823859 -0.561328053
vn -0.0864114016 0.840538561 -0.490061462
vn -0.0864114016 0.840538561 -0.490061462
vn -0.0989776701 0.796823859 -0.561328053
vn -0.147524908 0.796823919 -0.550571144
vn -0.128795072 0.840538621 -0.480670244
vn -0.128795072 0.840538621 -0.480670244
vn -0.147524908 0.796823919 -0.550571144
vn -0.194946647 0.7968238 -0.535613358
vn -0.170196101 0.840538621 -0.467611462
vn -0.170196101 0.840538621 -0.467611462
vn -0.194946647 0.7968238 -0.535613358
vn -0.240887538 0.796823859 -0.516584039
vn -0.21030429 0.840538621 -0.450998127
vn -0.21030429 0.840538621 -0.450998127
vn -0.240887538 0.796823859 -0.516584039
vn -0.284996569 0.796823978 -0.493628532
vn -0.248813242 0.840538621 -0.430957139
vn -0.248813242 0.840538621 -0.430957139
vn -0.284996569 0.796823978 -0.493628532
vn -0.32693094 0.796823859 -0.466906726
vn -0.285423607 0.840538561 -0.407628
vn -0.285423607 0.840538561 -0.407628
vn -0.32693094 0.796823859 -0.466906726
vn -0.366381288 0.796823919 -0.436635554
vn -0.319865257 0.840538681 -0.381199986
vn -0.319865257 0.840538681 -0.381199986
vn -0.366381288 0.796823919 -0.436635554
vn -0.403045923 0.796823978 -0.403046072
vn -0.351875007 0.840538681 -0.351875126
vn -0.351875007 0.840538681 -0.351875126
vn -0.403045923 0.796823978 -0.403046072
vn -0.436635435 0.7968238 -0.366381377
vn -0.381199867 0.840538561 -0.319865376
vn -0.381199867 0.840538561 -0.319865376
vn -0.436635435 0.7968238 -0.366381377
vn -0.466906637 0.796823859 -0.326931089
vn -0.40762791 0.840538561 -0.285423756
vn -0.40762791 0.840538561 -0.285423756
vn -0.466906637 0.796823859 -0.326931089
vn -0.493628442 0.796823919 -0.284996778
vn -0.430957079 0.840538621 -0.248813391
vn -0.430957079 0.840538621 -0.248813391
vn -0.493628442 0.796823919 -0.284996778
vn -0.51658392 0.7968238 -0.240887776
vn -0.450998068 0.840538561 -0.210304484
vn -0.450998068 0.840538561 -0.210304484
vn -0.51658392 0.7968238 -0.240887776
vn -0.535613298 0.7968238 -0.194946885
vn -0.467611462 0.840538621 -0.170196295
vn -0.467611462 0.840538621 -0.170196295
vn -0.535613298 0.7968238 -0.194946885
vn -0.550571144 0.796823919 -0.147525176
vn -0.480670214 0.840538561 -0.128795296
vn -0.480670214 0.840538561 -0.128795296
vn -0.550571144 0.796823919 -0.147525176
vn -0.561328113 0.7968238 -0.0989779606
vn -0.490061492 0.840538561 -0.0864116624
vn -0.490061492 0.840538561 -0.0864116624
vn -0.561328113 0.7968238 -0.0989779606
vn -0.567818701 0.7968238 -0.0496773981
vn -0.495728046 0.840538621 -0.0433703437
vn -0.495728046 0.840538621 -0.0433703437
vn -0.567818701 0.7968238 -0.0496773981
vn -0.569993198 0.796823919 -2.07714038e-07
vn -0.497626513 0.840538681 -1.97440386e-07
vn -0.497626513 0.840538681 -1.97440386e-07
vn -0.569993198 0.796823919 -2.07714038e-07
vn -0.567818642 0.79682374 0.049676992
vn -0.495728046 0.840538561 0.0433699563
vn -0.495728046 0.840538561 0.0433699563
vn -0.567818642 0.79682374 0.049676992
vn -0.561328113 0.796823859 0.0989775732
vn -0.490061522 0.840538621 0.0864113122
vn -0.490061522 0.840538621 0.0864113122
vn -0.561328113 0.796823859 0.0989775732
vn -0.550571144 0.796823978 0.147524908
vn -0.480670333 0.84053874 0.128795058
vn -0.480670333 0.84053874 0.128795058
vn -0.550571144 0.796823978 0.147524908
vn -0.535613418 0.796823978 0.194946602
vn -0.467611551 0.840538621 0.170196086
vn -0.467611551 0.840538621 0.170196086
vn -0.535613418 0.796823978 0.194946602
vn -0.516584218 0.796823859 0.240887254
vn -0.450998276 0.840538561 0.210304037
vn -0.450998276 0.840538561 0.210304037
vn -0.516584218 0.796823859 0.240887254
vn -0.49362877 0.796823859 0.284996271
vn -0.430957317 0.840538621 0.248812988
vn -0.430957317 0.840538621 0.248812988
vn -0.49362877 0.796823859 0.284996271
vn -0.466906905 0.79682374 0.326930702
vn -0.407628149 0.840538561 0.285423398
vn -0.407628149 0.840538561 0.285423398
vn -0.466906905 0.79682374 0.326930702
vn -0.436635733 0.7968238 0.366381109
vn -0.381200135 0.840538561 0.319865078
vn -0.381200135 0.840538561 0.319865078
vn -0.436635733 0.7968238 0.366381109
vn -0.403046221 0.796823919 0.403045803
vn -0.351875216 0.840538621 0.351874888
vn -0.351875216 0.840538621 0.351874888
vn -0.403046221 0.796823919 0.403045803
vn -0.366381437 0.79682368 0.436635345
vn -0.319865435 0.840538561 0.381199837
vn -0.319865435 0.840538561 0.381199837
vn -0.366381437 0.79682368 0.436635345
vn -0.326931119 0.7968238 0.466906577
vn -0.285423756 0.840538621 0.407627851
vn -0.285423756 0.840538621 0.407627851
vn -0.326931119 0.7968238 0.466906577
vn -0.284996659 0.796823978 0.493628472
vn -0.248813331 0.840538681 0.430957109
vn -0.248813331 0.840538681 0.430957109
vn -0.284996659 0.796823978 0.493628472
vn -0.240887702 0.796823978 0.516583979
vn -0.210304439 0.840538621 0.450998068
vn -0.210304439 0.840538621 0.450998068
vn -0.240887702 0.796823978 0.516583979
vn -0.194947064 0.796823919 0.535613179
vn -0.170196459 0.840538621 0.467611343
vn -0.170196459 0.840538621 0.467611343
vn -0.194947064 0.796823919 0.535613179
vn -0.147525385 0.796823978 0.550571024
vn -0.12879546 0.84053874 0.480670154
vn -0.12879546 0.84053874 0.480670154
vn -0.147525385 0.796823978 0.550571024
vn -0.098978065 0.7968238 0.561327994
vn -0.0864117369 0.840538621 0.490061432
vn -0.0864117369 0.840538621 0.490061432
vn -0.098978065 0.7968238 0.561327994
vn -0.0496774875 0.796823919 0.567818642
vn -0.0433704033 0.840538681 0.495727956
vn -0.0433704033 0.840538681 0.495727956
vn -0.0496774875 0.796823919 0.567818642
vn -2.72251782e-07 0.796823978 0.569993138
vn -2.40281224e-07 0.840538681 0.497626483
vn -2.40281224e-07 0.840538681 0.497626483
vn -2.72251782e-07 0.796823978 0.569993138
vn 0.0496769436 0.79682374 0.567818701
vn 0.043369934 0.840538561 0.495727986
vn 0.043369934 0.840538561 0.495727986
vn 0.0496769436 0.79682374 0.567818701
vn 0.0989775434 0.796823859 0.561328113
vn 0.0864112899 0.840538621 0.490061522
vn 0.0864112899 0.840538621 0.490061522
vn 0.0989775434 0.796823859 0.561328113
vn 0.147524878 0.796823919 0.550571144
vn 0.128795028 0.840538681 0.480670363
vn 0.128795028 0.840538681 0.480670363
vn 0.147524878 0.796823919 0.550571144
vn 0.194946587 0.796823919 0.535613477
vn 0.170196041 0.840538621 0.467611581
vn 0.170196041 0.840538621 0.467611581
vn 0.194946587 0.796823919 0.535613477
vn 0.24088721 0.796823859 0.516584218
vn 0.210304007 0.840538621 0.450998276
vn 0.210304007 0.840538621 0.450998276
vn 0.24088721 0.796823859 0.516584218
vn 0.284996241 0.796823978 0.49362874
vn 0.248812944 0.840538621 0.430957317
vn 0.248812944 0.840538621 0.430957317
vn 0.284996241 0.796823978 0.49362874
vn 0.326930702 0.7968238 0.466906965
vn 0.285423398 0.840538621 0.407628119
vn 0.285423398 0.840538621 0.407628119
vn 0.326930702 0.7968238 0.466906965
vn 0.366381079 0.796823859 0.436635733
vn 0.319865108 0.840538681 0.381200105
vn 0.319865108 0.840538681 0.381200105
vn 0.366381079 0.796823859 0.436635733
vn 0.403045774 0.796823919 0.40304628
vn 0.351874888 0.840538621 0.351875246
vn 0.351874888 0.840538621 0.351875246
vn 0.403045774 0.796823919 0.40304628
vn 0.436635256 0.7968238 0.366381586
vn 0.381199747 0.840538561 0.319865525
vn 0.381199747 0.840538561 0.319865525
vn 0.436635256 0.7968238 0.366381586
vn 0.466906458 0.796823859 0.326931328
vn 0.407627702 0.840538621 0.285423934
vn 0.407627702 0.840538621 0.285423934
vn 0.466906458 0.796823859 0.326931328
vn 0.493628293 0.796823978 0.284996986
vn 0.43095687 0.840538681 0.248813614
vn 0.43095687 0.840538681 0.248813614
vn 0.493628293 0.796823978 0.284996986
vn 0.5165838 0.796823978 0.240888029
vn 0.450997859 0.840538681 0.210304812
vn 0.450997859 0.840538681 0.210304812
vn 0.5165838 0.796823978 0.240888029
vn 0.53561306 0.796823919 0.194947392
vn 0.467611164 0.840538621 0.170196846
vn 0.467611164 0.840538621 0.170196846
vn 0.53561306 0.796823919 0.194947392
vn 0.550570905 0.796823978 0.147525653
vn 0.480670065 0.84053874 0.128795773
vn 0.480670065 0.84053874 0.128795773
vn 0.550570905 0.796823978 0.147525653
vn 0.561327934 0.7968238 0.0989781544
vn 0.490061313 0.840538621 0.0864118412
vn 0.490061313 0.840538621 0.0864118412
vn 0.561327934 0.7968238 0.0989781544
vn 0.567818582 0.796823919 0.0496773459
vn 0.495727926 0.840538681 0.0433702469
vn 0.495727926 0.840538681 0.0433702469
vn 0.567818582 0.796823919 0.0496773459
vn 0.569993138 0.796823978 -5.05242497e-08
vn 0.497626424 0.84053874 -1.18277967e-07
vn 0.569993138 0.796823978 -5.05242497e-08
vn 0.63520503 0.748619378 -1.11758709e-08
vn 0.632781684 0.748619378 -0.0553607643
vn 0.567818642 0.796823859 -0.0496773235
vn 0.567818642 0.796823859 -0.0496773235
vn 0.632781684 0.748619378 -0.0553607643
vn 0.625548661 0.748619318 -0.11030174
vn 0.561328053 0.796823859 -0.0989778936
vn 0.561328053 0.796823859 -0.0989778936
vn 0.625548661 0.748619318 -0.11030174
vn 0.613560915 0.748619258 -0.16440323
vn 0.550571084 0.796823859 -0.147525147
vn 0.550571084 0.796823859 -0.147525147
vn 0.613560915 0.748619258 -0.16440323
vn 0.596891761 0.748619318 -0.217250288
vn 0.535613239 0.7968238 -0.194946751
vn 0.535613239 0.7968238 -0.194946751
vn 0.596891761 0.748619318 -0.217250288
vn 0.575685441 0.748619378 -0.268447071
vn 0.516583979 0.7968238 -0.240887552
vn 0.516583979 0.7968238 -0.240887552
vn 0.575685441 0.748619378 -0.268447071
vn 0.550103664 0.748619378 -0.317602545
vn 0.493628502 0.796823978 -0.28499651
vn 0.493628502 0.796823978 -0.28499651
vn 0.550103664 0.748619378 -0.317602545
vn 0.520324647 0.748619378 -0.364334613
vn 0.466906667 0.7968238 -0.32693094
vn 0.466906667 0.7968238 -0.32693094
vn 0.520324647 0.748619378 -0.364334613
vn 0.486590117 0.748619318 -0.408298373
vn 0.436635494 0.796823859 -0.366381288
vn 0.436635494 0.796823859 -0.366381288
vn 0.486590117 0.748619318 -0.408298373
vn 0.449157834 0.748619318 -0.449157864
vn 0.403046012 0.796823919 -0.403046012
vn 0.403046012 0.796823919 -0.403046012
vn 0.449157834 0.748619318 -0.449157864
vn 0.408298314 0.748619318 -0.486590207
vn 0.366381288 0.79682368 -0.436635494
vn 0.366381288 0.79682368 -0.436635494
vn 0.408298314 0.748619318 -0.486590207
vn 0.364334643 0.748619318 -0.520324707
vn 0.326931 0.7968238 -0.466906756
vn 0.326931 0.7968238 -0.466906756
vn 0.364334643 0.748619318 -0.520324707
vn 0.317602515 0.748619437 -0.550103724
vn 0.28499651 0.796823919 -0.493628591
vn 0.28499651 0.796823919 -0.493628591
vn 0.317602515 0.748619437 -0.550103724
vn 0.268447012 0.748619378 -0.575685501
vn 0.240887508 0.796823859 -0.516584098
vn 0.240887508 0.796823859 -0.516584098
vn 0.268447012 0.748619378 -0.575685501
vn 0.217250139 0.748619378 -0.59689194
vn 0.194946602 0.7968238 -0.535613418
vn 0.194946602 0.7968238 -0.535613418
vn 0.217250139 0.748619378 -0.59689194
vn 0.164403036 0.748619378 -0.613561034
vn 0.147524953 0.796823919 -0.550571203
vn 0.147524953 0.796823919 -0.550571203
vn 0.164403036 0.748619378 -0.613561034
vn 0.110301554 0.748619318 -0.62554872
vn 0.0989776626 0.7968238 -0.561328113
vn 0.0989776626 0.7968238 -0.561328113
vn 0.110301554 0.748619318 -0.62554872
vn 0.0553607047 0.748619378 -0.632781804
vn 0.0496771969 0.7968238 -0.567818761
vn 0.0496771969 0.7968238 -0.567818761
vn 0.0553607047 0.748619378 -0.632781804
vn 7.89295882e-08 0.748619378 -0.63520509
vn 6.03904482e-08 0.796823919 -0.569993198
vn 6.03904482e-08 0.796823919 -0.569993198
vn 7.89295882e-08 0.748619378 -0.63520509
vn -0.0553605594 0.748619318 -0.632781684
vn -0.0496771 0.79682374 -0.567818582
vn -0.0496771 0.79682374 -0.567818582
vn -0.0553605594 0.748619318 -0.632781684
vn -0.110301517 0.748619437 -0.625548542
vn -0.0989776701 0.796823859 -0.561328053
vn -0.0989776701 0.796823859 -0.561328053
vn -0.110301517 0.748619437 -0.625548542
vn -0.164402977 0.748619378 -0.613560975
vn -0.147524908 0.796823919 -0.550571144
vn -0.147524908 0.796823919 -0.550571144
vn -0.164402977 0.748619378 -0.613560975
vn -0.217250124 0.748619378 -0.59689188
vn -0.194946647 0.7968238 -0.535613358
vn -0.194946647 0.7968238 -0.535613358
vn -0.217250124 0.748619378 -0.59689188
vn -0.268447012 0.748619378 -0.575685441
vn -0.240887538 0.796823859 -0.516584039
vn -0.240887538 0.796823859 -0.516584039
vn -0.268447012 0.748619378 -0.575685441
vn -0.317602515 0.748619318 -0.550103724
vn -0.284996569 0.796823978 -0.493628532
vn -0.284996569 0.796823978 -0.493628532
vn -0.317602515 0.748619318 -0.550103724
vn -0.364334524 0.748619318 -0.520324707
vn -0.32693094 0.796823859 -0.466906726
vn -0.32693094 0.796823859 -0.466906726
vn -0.364334524 0.748619318 -0.520324707
vn -0.408298314 0.748619497 -0.486590266
vn -0.366381288 0.796823919 -0.436635554
vn -0.366381288 0.796823919 -0.436635554
vn -0.408298314 0.748619497 -0.486590266
vn -0.449157745 0.748619378 -0.449157894
vn -0.403045923 0.796823978 -0.403046072
vn -0.403045923 0.796823978 -0.403046072
vn -0.449157745 0.748619378 -0.449157894
vn -0.486590028 0.748619437 -0.408298433
vn -0.436635435 0.7968238 -0.366381377
vn -0.436635435 0.7968238 -0.366381377
vn -0.486590028 0.748619437 -0.408298433
vn -0.520324528 0.748619437 -0.364334762
vn -0.466906637 0.796823859 -0.326931089
vn -0.466906637 0.796823859 -0.326931089
vn -0.520324528 0.748619437 -0.364334762
vn -0.550103545 0.748619437 -0.317602783
vn -0.493628442 0.796823919 -0.284996778
vn -0.493628442 0.796823919 -0.284996778
vn -0.550103545 0.748619437 -0.317602783
vn -0.575685322 0.748619318 -0.26844728
vn -0.51658392 0.7968238 -0.240887776
vn -0.51658392 0.7968238 -0.240887776
vn -0.575685322 0.748619318 -0.26844728
vn -0.59689182 0.748619258 -0.217250437
vn -0.535613298 0.7968238 -0.194946885
vn -0.535613298 0.7968238 -0.194946885
vn -0.59689182 0.748619258 -0.217250437
vn -0.613560975 0.748619318 -0.16440326
vn -0.550571144 0.796823919 -0.147525176
vn -0.550571144 0.796823919 -0.147525176
vn -0.613560975 0.748619318 -0.16440326
vn -0.625548601 0.748619318 -0.110301837
vn -0.561328113 0.7968238 -0.0989779606
vn -0.561328113 0.7968238 -0.0989779606
vn -0.625548601 0.748619318 -0.110301837
vn -0.632781684 0.748619378 -0.0553608909
vn -0.567818701 0.7968238 -0.0496773981
vn -0.567818701 0.7968238 -0.0496773981
vn -0.632781684 0.748619378 -0.0553608909
vn -0.63520509 0.748619378 -2.18162313e-07
vn -0.569993198 0.796823919 -2.07714038e-07
vn -0.569993198 0.796823919 -2.07714038e-07
vn -0.63520509 0.748619378 -2.18162313e-07
vn -0.632781684 0.748619378 0.0553604662
vn -0.567818642 0.79682374 0.049676992
vn -0.567818642 0.79682374 0.049676992
vn -0.632781684 0.748619378 0.0553604662
vn -0.625548601 0.748619437 0.110301435
vn -0.561328113 0.796823859 0.0989775732
vn -0.561328113 0.796823859 0.0989775732
vn -0.625548601 0.748619437 0.110301435
vn -0.613561094 0.748619437 0.164402977
vn -0.550571144 0.796823978 0.147524908
vn -0.550571144 0.796823978 0.147524908
vn -0.613561094 0.748619437 0.164402977
vn -0.59689188 0.748619378 0.217250139
vn -0.535613418 0.796823978 0.194946602
vn -0.535613418 0.796823978 0.194946602
vn -0.59689188 0.748619378 0.217250139
vn -0.57568562 0.748619318 0.268446684
vn -0.516584218 0.796823859 0.240887254
vn -0.516584218 0.796823859 0.240887254
vn -0.57568562 0.748619318 0.268446684
vn -0.550103962 0.748619378 0.317602158
vn -0.49362877 0.796823859 0.284996271
vn -0.49362877 0.796823859 0.284996271
vn -0.550103962 0.748619378 0.317602158
vn -0.520324945 0.748619378 0.364334315
vn -0.466906905 0.79682374 0.326930702
vn -0.466906905 0.79682374 0.326930702
vn -0.520324945 0.748619378 0.364334315
vn -0.486590415 0.748619378 0.408298105
vn -0.436635733 0.7968238 0.366381109
vn -0.436635733 0.7968238 0.366381109
vn -0.486590415 0.748619378 0.408298105
vn -0.449158043 0.748619318 0.449157596
vn -0.403046221 0.796823919 0.403045803
vn -0.403046221 0.796823919 0.403045803
vn -0.449158043 0.748619318 0.449157596
vn -0.408298552 0.748619318 0.486589968
vn -0.366381437 0.79682368 0.436635345
vn -0.366381437 0.79682368 0.436635345
vn -0.408298552 0.748619318 0.486589968
vn -0.364334792 0.748619437 0.520324528
vn -0.326931119 0.7968238 0.466906577
vn -0.326931119 0.7968238 0.466906577
vn -0.364334792 0.748619437 0.520324528
vn -0.317602664 0.748619378 0.550103605
vn -0.284996659 0.796823978 0.493628472
vn -0.284996659 0.796823978 0.493628472
vn -0.317602664 0.748619378 0.550103605
vn -0.26844722 0.748619378 0.575685322
vn -0.240887702 0.796823978 0.516583979
vn -0.240887702 0.796823978 0.516583979
vn -0.26844722 0.748619378 0.575685322
vn -0.217250586 0.748619378 0.596891582
vn -0.194947064 0.796823919 0.535613179
vn -0.194947064 0.796823919 0.535613179
vn -0.217250586 0.748619378 0.596891582
vn -0.164403468 0.748619378 0.613560855
vn -0.147525385 0.796823978 0.550571024
vn -0.147525385 0.796823978 0.550571024
vn -0.164403468 0.748619378 0.613560855
vn -0.110301971 0.748619378 0.625548542
vn -0.098978065 0.7968238 0.561327994
vn -0.098978065 0.7968238 0.561327994
vn -0.110301971 0.748619378 0.625548542
vn -0.055360999 0.748619437 0.632781684
vn -0.0496774875 0.796823919 0.567818642
vn -0.0496774875 0.796823919 0.567818642
vn -0.055360999 0.748619437 0.632781684
vn -3.04309651e-07 0.748619378 0.63520503
vn -2.72251782e-07 0.796823978 0.569993138
vn -2.72251782e-07 0.796823978 0.569993138
vn -3.04309651e-07 0.748619378 0.63520503
vn 0.0553603917 0.748619378 0.632781744
vn 0.0496769436 0.79682374 0.567818701
vn 0.0496769436 0.79682374 0.567818701
vn 0.0553603917 0.748619378 0.632781744
vn 0.110301375 0.748619378 0.625548601
vn 0.0989775434 0.796823859 0.561328113
vn 0.0989775434 0.796823859 0.561328113
vn 0.110301375 0.748619378 0.625548601
vn 0.164402932 0.748619378 0.613561094
vn 0.147524878 0.796823919 0.550571144
vn 0.147524878 0.796823919 0.550571144
vn 0.164402932 0.748619378 0.613561094
vn 0.217250079 0.748619378 0.596891999
vn 0.194946587 0.796823919 0.535613477
vn 0.194946587 0.796823919 0.535613477
vn 0.217250079 0.748619378 0.596891999
vn 0.268446684 0.748619378 0.57568562
vn 0.24088721 0.796823859 0.516584218
vn 0.24088721 0.796823859 0.516584218
vn 0.268446684 0.748619378 0.57568562
vn 0.317602158 0.748619378 0.550103903
vn 0.284996241 0.796823978 0.49362874
vn 0.284996241 0.796823978 0.49362874
vn 0.317602158 0.748619378 0.550103903
vn 0.364334285 0.748619378 0.520324886
vn 0.326930702 0.7968238 0.466906965
vn 0.326930702 0.7968238 0.466906965
vn 0.364334285 0.748619378 0.520324886
vn 0.408298075 0.748619378 0.486590445
vn 0.366381079 0.796823859 0.436635733
vn 0.366381079 0.796823859 0.436635733
vn 0.408298075 0.748619378 0.486590445
vn 0.449157536 0.748619318 0.449158102
vn 0.403045774 0.796823919 0.40304628
vn 0.403045774 0.796823919 0.40304628
vn 0.449157536 0.748619318 0.449158102
vn 0.486589909 0.748619318 0.408298671
vn 0.436635256 0.7968238 0.366381586
vn 0.436635256 0.7968238 0.366381586
vn 0.486589909 0.748619318 0.408298671
vn 0.520324469 0.748619318 0.364334971
vn 0.466906458 0.796823859 0.326931328
vn 0.466906458 0.796823859 0.326931328
vn 0.520324469 0.748619318 0.364334971
vn 0.550103426 0.748619318 0.317602873
vn 0.493628293 0.796823978 0.284996986
vn 0.493628293 0.796823978 0.284996986
vn 0.550103426 0.748619318 0.317602873
vn 0.575685203 0.748619378 0.268447518
vn 0.5165838 0.796823978 0.240888029
vn 0.5165838 0.796823978 0.240888029
vn 0.575685203 0.748619378 0.268447518
vn 0.596891463 0.748619318 0.217250928
vn 0.53561306 0.796823919 0.194947392
vn 0.53561306 0.796823919 0.194947392
vn 0.596891463 0.748619318 0.217250928
vn 0.613560736 0.748619378 0.164403766
vn 0.550570905 0.796823978 0.147525653
vn 0.550570905 0.796823978 0.147525653
vn 0.613560736 0.748619378 0.164403766
vn 0.625548482 0.748619378 0.110302038
vn 0.561327934 0.7968238 0.0989781544
vn 0.561327934 0.7968238 0.0989781544
vn 0.625548482 0.748619378 0.110302038
vn 0.632781565 0.748619437 0.0553608686
vn 0.567818582 0.796823919 0.0496773459
vn 0.567818582 0.796823919 0.0496773459
vn 0.632781565 0.748619437 0.0553608686
vn 0.63520503 0.748619378 -1.11758709e-08
vn 0.569993138 0.796823978 -5.05242497e-08
vn 0.63520503 0.748619378 -1.11758709e-08
vn 0.694963038 0.694470882 1.07102096e-08
vn 0.692311764 0.694470882 -0.0605689026
vn 0.632781684 0.748619378 -0.0553607643
vn 0.632781684 0.748619378 -0.0553607643
vn 0.692311764 0.694470882 -0.0605689026
vn 0.684398234 0.694470823 -0.120678544
vn 0.625548661 0.748619318 -0.11030174
vn 0.625548661 0.748619318 -0.11030174
vn 0.684398234 0.694470823 -0.120678544
vn 0.671282768 0.694470823 -0.179869741
vn 0.613560915 0.748619258 -0.16440323
vn 0.613560915 0.748619258 -0.16440323
vn 0.671282768 0.694470823 -0.179869741
vn 0.653045356 0.694470882 -0.237688482
vn 0.596891761 0.748619318 -0.217250288
vn 0.596891761 0.748619318 -0.217250288
vn 0.653045356 0.694470882 -0.237688482
vn 0.62984395 0.694470823 -0.293701708
vn 0.575685441 0.748619378 -0.268447071
vn 0.575685441 0.748619378 -0.268447071
vn 0.62984395 0.694470823 -0.293701708
vn 0.601855636 0.694470942 -0.347481489
vn 0.550103664 0.748619378 -0.317602545
vn 0.550103664 0.748619378 -0.317602545
vn 0.601855636 0.694470942 -0.347481489
vn 0.569275081 0.694470882 -0.398609996
vn 0.520324647 0.748619378 -0.364334613
vn 0.520324647 0.748619378 -0.364334613
vn 0.569275081 0.694470882 -0.398609996
vn 0.532366991 0.694470823 -0.446709722
vn 0.486590117 0.748619318 -0.408298373
vn 0.486590117 0.748619318 -0.408298373
vn 0.532366991 0.694470823 -0.446709722
vn 0.491413116 0.694470882 -0.491413087
vn 0.449157834 0.748619318 -0.449157864
vn 0.449157834 0.748619318 -0.449157864
vn 0.491413116 0.694470882 -0.491413087
vn 0.446709692 0.694470882 -0.532366991
vn 0.408298314 0.748619318 -0.486590207
vn 0.408298314 0.748619318 -0.486590207
vn 0.446709692 0.694470882 -0.532366991
vn 0.398610055 0.694470823 -0.5692752
vn 0.364334643 0.748619318 -0.520324707
vn 0.364334643 0.748619318 -0.520324707
vn 0.398610055 0.694470823 -0.5692752
vn 0.347481489 0.694470882 -0.601855695
vn 0.317602515 0.748619437 -0.550103724
vn 0.317602515 0.748619437 -0.550103724
vn 0.347481489 0.694470882 -0.601855695
vn 0.293701649 0.694470763 -0.62984401
vn 0.268447012 0.748619378 -0.575685501
vn 0.268447012 0.748619378 -0.575685501
vn 0.293701649 0.694470763 -0.62984401
vn 0.237688348 0.694470823 -0.653045535
vn 0.217250139 0.748619378 -0.59689194
vn 0.217250139 0.748619378 -0.59689194
vn 0.237688348 0.694470823 -0.653045535
vn 0.179869577 0.694470882 -0.671282828
vn 0.164403036 0.748619378 -0.613561034
vn 0.164403036 0.748619378 -0.613561034
vn 0.179869577 0.694470882 -0.671282828
vn 0.120678388 0.694470882 -0.684398234
vn 0.110301554 0.748619318 -0.62554872
vn 0.110301554 0.748619318 -0.62554872
vn 0.120678388 0.694470882 -0.684398234
vn 0.060568884 0.694471002 -0.692311764
vn 0.0553607047 0.748619378 -0.632781804
vn 0.0553607047 0.748619378 -0.632781804
vn 0.060568884 0.694471002 -0.692311764
vn 9.406358e-08 0.694470942 -0.694963038
vn 7.89295882e-08 0.748619378 -0.63520509
vn 7.89295882e-08 0.748619378 -0.63520509
vn 9.406358e-08 0.694470942 -0.694963038
vn -0.0605687052 0.694470942 -0.692311645
vn -0.0553605594 0.748619318 -0.632781684
vn -0.0553605594 0.748619318 -0.632781684
vn -0.0605687052 0.694470942 -0.692311645
vn -0.120678321 0.694470882 -0.684398234
vn -0.110301517 0.748619437 -0.625548542
vn -0.110301517 0.748619437 -0.625548542
vn -0.120678321 0.694470882 -0.684398234
vn -0.179869458 0.694470942 -0.671282828
vn -0.164402977 0.748619378 -0.613560975
vn -0.164402977 0.748619378 -0.613560975
vn -0.179869458 0.694470942 -0.671282828
vn -0.237688318 0.694470823 -0.653045475
vn -0.217250124 0.748619378 -0.59689188
vn -0.217250124 0.748619378 -0.59689188
vn -0.237688318 0.694470823 -0.653045475
vn -0.293701619 0.694470823 -0.62984395
vn -0.268447012 0.748619378 -0.575685441
vn -0.268447012 0.748619378 -0.575685441
vn -0.293701619 0.694470823 -0.62984395
vn -0.347481489 0.694470882 -0.601855695
vn -0.317602515 0.748619318 -0.550103724
vn -0.317602515 0.748619318 -0.550103724
vn -0.347481489 0.694470882 -0.601855695
vn -0.398609936 0.694470823 -0.56927526
vn -0.364334524 0.748619318 -0.520324707
vn -0.364334524 0.748619318 -0.520324707
vn -0.398609936 0.694470823 -0.56927526
vn -0.446709603 0.694471002 -0.53236711
vn -0.408298314 0.748619497 -0.486590266
vn -0.408298314 0.748619497 -0.486590266
vn -0.446709603 0.694471002 -0.53236711
vn -0.491412997 0.694470942 -0.491413176
vn -0.449157745 0.748619378 -0.449157894
vn -0.449157745 0.748619378 -0.449157894
vn -0.491412997 0.694470942 -0.491413176
vn -0.532366812 0.694470942 -0.446709841
vn -0.486590028 0.748619437 -0.408298433
vn -0.486590028 0.748619437 -0.408298433
vn -0.532366812 0.694470942 -0.446709841
vn -0.569274962 0.694470882 -0.398610175
vn -0.520324528 0.748619437 -0.364334762
vn -0.520324528 0.748619437 -0.364334762
vn -0.569274962 0.694470882 -0.398610175
vn -0.601855576 0.694470882 -0.347481817
vn -0.550103545 0.748619437 -0.317602783
vn -0.550103545 0.748619437 -0.317602783
vn -0.601855576 0.694470882 -0.347481817
vn -0.629843831 0.694470763 -0.293701917
vn -0.575685322 0.748619318 -0.26844728
vn -0.575685322 0.748619318 -0.26844728
vn -0.629843831 0.694470763 -0.293701917
vn -0.653045475 0.694470704 -0.237688631
vn -0.59689182 0.748619258 -0.217250437
vn -0.59689182 0.748619258 -0.217250437
vn -0.653045475 0.694470704 -0.237688631
vn -0.671282887 0.694470823 -0.179869786
vn -0.613560975 0.748619318 -0.16440326
vn -0.613560975 0.748619318 -0.16440326
vn -0.671282887 0.694470823 -0.179869786
vn -0.684398234 0.694470704 -0.120678686
vn -0.625548601 0.748619318 -0.110301837
vn -0.625548601 0.748619318 -0.110301837
vn -0.684398234 0.694470704 -0.120678686
vn -0.692311764 0.694470942 -0.060569074
vn -0.632781684 0.748619378 -0.0553608909
vn -0.632781684 0.748619378 -0.0553608909
vn -0.692311764 0.694470942 -0.060569074
vn -0.694963038 0.694470942 -2.4959445e-07
vn -0.63520509 0.748619378 -2.18162313e-07
vn -0.63520509 0.748619378 -2.18162313e-07
vn -0.694963038 0.694470942 -2.4959445e-07
vn -0.692311704 0.694470942 0.0605685897
vn -0.632781684 0.748619378 0.0553604662
vn -0.632781684 0.748619378 0.0553604662
vn -0.692311704 0.694470942 0.0605685897
vn -0.684398234 0.694470882 0.120678231
vn -0.625548601 0.748619437 0.110301435
vn -0.625548601 0.748619437 0.110301435
vn -0.684398234 0.694470882 0.120678231
vn -0.671282887 0.694470942 0.179869473
vn -0.613561094 0.748619437 0.164402977
vn -0.613561094 0.748619437 0.164402977
vn -0.671282887 0.694470942 0.179869473
vn -0.653045595 0.694470942 0.237688303
vn -0.59689188 0.748619378 0.217250139
vn -0.59689188 0.748619378 0.217250139
vn -0.653045595 0.694470942 0.237688303
vn -0.629844248 0.694470882 0.293701291
vn -0.57568562 0.748619318 0.268446684
vn -0.57568562 0.748619318 0.268446684
vn -0.629844248 0.694470882 0.293701291
vn -0.601855934 0.694470882 0.347481161
vn -0.550103962 0.748619378 0.317602158
vn -0.550103962 0.748619378 0.317602158
vn -0.601855934 0.694470882 0.347481161
vn -0.569275439 0.694470763 0.398609698
vn -0.520324945 0.748619378 0.364334315
vn -0.520324945 0.748619378 0.364334315
vn -0.569275439 0.694470763 0.398609698
vn -0.532367289 0.694470942 0.446709394
vn -0.486590415 0.748619378 0.408298105
vn -0.486590415 0.748619378 0.408298105
vn -0.532367289 0.694470942 0.446709394
vn -0.491413385 0.694470882 0.491412848
vn -0.449158043 0.748619318 0.449157596
vn -0.449158043 0.748619318 0.449157596
vn -0.491413385 0.694470882 0.491412848
vn -0.446709931 0.694470823 0.532366753
vn -0.408298552 0.748619318 0.486589968
vn -0.408298552 0.748619318 0.486589968
vn -0.446709931 0.694470823 0.532366753
vn -0.398610204 0.694470823 0.569274962
vn -0.364334792 0.748619437 0.520324528
vn -0.364334792 0.748619437 0.520324528
vn -0.398610204 0.694470823 0.569274962
vn -0.347481668 0.694470882 0.601855576
vn -0.317602664 0.748619378 0.550103605
vn -0.317602664 0.748619378 0.550103605
vn -0.347481668 0.694470882 0.601855576
vn -0.293701857 0.694470942 0.62984395
vn -0.26844722 0.748619378 0.575685322
vn -0.26844722 0.748619378 0.575685322
vn -0.293701857 0.694470942 0.62984395
vn -0.23768881 0.694470882 0.653045297
vn -0.217250586 0.748619378 0.596891582
vn -0.217250586 0.748619378 0.596891582
vn -0.23768881 0.694470882 0.653045297
vn -0.179870054 0.694470882 0.671282709
vn -0.164403468 0.748619378 0.613560855
vn -0.164403468 0.748619378 0.613560855
vn -0.179870054 0.694470882 0.671282709
vn -0.12067882 0.694470882 0.684398055
vn -0.110301971 0.748619378 0.625548542
vn -0.110301971 0.748619378 0.625548542
vn -0.12067882 0.694470882 0.684398055
vn -0.0605691858 0.694470942 0.692311704
vn -0.055360999 0.748619437 0.632781684
vn -0.055360999 0.748619437 0.632781684
vn -0.0605691858 0.694470942 0.692311704
vn -3.26894224e-07 0.694470942 0.694963038
vn -3.04309651e-07 0.748619378 0.63520503
vn -3.04309651e-07 0.748619378 0.63520503
vn -3.26894224e-07 0.694470942 0.694963038
vn 0.0605685152 0.694470882 0.692311704
vn 0.0553603917 0.748619378 0.632781744
vn 0.0553603917 0.748619378 0.632781744
vn 0.0605685152 0.694470882 0.692311704
vn 0.120678157 0.694470882 0.684398293
vn 0.110301375 0.748619378 0.625548601
vn 0.110301375 0.748619378 0.625548601
vn 0.120678157 0.694470882 0.684398293
vn 0.179869384 0.694470882 0.671282887
vn 0.164402932 0.748619378 0.613561094
vn 0.164402932 0.748619378 0.613561094
vn 0.179869384 0.694470882 0.671282887
vn 0.237688228 0.694470882 0.653045595
vn 0.217250079 0.748619378 0.596891999
vn 0.217250079 0.748619378 0.596891999
vn 0.237688228 0.694470882 0.653045595
vn 0.293701261 0.694470882 0.629844248
vn 0.268446684 0.748619378 0.57568562
vn 0.268446684 0.748619378 0.57568562
vn 0.293701261 0.694470882 0.629844248
vn 0.347481102 0.694470942 0.601855934
vn 0.317602158 0.748619378 0.550103903
vn 0.317602158 0.748619378 0.550103903
vn 0.347481102 0.694470942 0.601855934
vn 0.398609698 0.694470823 0.569275379
vn 0.364334285 0.748619378 0.520324886
vn 0.364334285 0.748619378 0.520324886
vn 0.398609698 0.694470823 0.569275379
vn 0.446709454 0.694470942 0.532367289
vn 0.408298075 0.748619378 0.486590445
vn 0.408298075 0.748619378 0.486590445
vn 0.446709454 0.694470942 0.532367289
vn 0.491412848 0.694470882 0.491413385
vn 0.449157536 0.748619318 0.449158102
vn 0.449157536 0.748619318 0.449158102
vn 0.491412848 0.694470882 0.491413385
vn 0.532366753 0.694470823 0.44671002
vn 0.486589909 0.748619318 0.408298671
vn 0.486589909 0.748619318 0.408298671
vn 0.532366753 0.694470823 0.44671002
vn 0.569274843 0.694470763 0.398610383
vn 0.520324469 0.748619318 0.364334971
vn 0.520324469 0.748619318 0.364334971
vn 0.569274843 0.694470763 0.398610383
vn 0.601855457 0.694470882 0.347481936
vn 0.550103426 0.748619318 0.317602873
vn 0.550103426 0.748619318 0.317602873
vn 0.601855457 0.694470882 0.347481936
vn 0.629843831 0.694470882 0.293702155
vn 0.575685203 0.748619378 0.268447518
vn 0.575685203 0.748619378 0.268447518
vn 0.629843831 0.694470882 0.293702155
vn 0.653045118 0.694470942 0.237689137
vn 0.596891463 0.748619318 0.217250928
vn 0.596891463 0.748619318 0.217250928
vn 0.653045118 0.694470942 0.237689137
vn 0.671282589 0.694470942 0.179870278
vn 0.613560736 0.748619378 0.164403766
vn 0.613560736 0.748619378 0.164403766
vn 0.671282589 0.694470942 0.179870278
vn 0.684397936 0.694470823 0.120678887
vn 0.625548482 0.748619378 0.110302038
vn 0.625548482 0.748619378 0.110302038
vn 0.684397936 0.694470823 0.120678887
vn 0.692311704 0.694471002 0.0605690442
vn 0.632781565 0.748619437 0.0553608686
vn 0.632781565 0.748619437 0.0553608686
vn 0.692311704 0.694471002 0.0605690442
vn 0.694963038 0.694470882 1.07102096e-08
vn 0.63520503 0.748619378 -1.11758709e-08
vn 0.694963038 0.694470882 1.07102096e-08
vn 0.750538468 0.633363783 8.96397978e-09
vn 0.747675121 0.633363843 -0.0654125139
vn 0.692311764 0.694470882 -0.0605689026
vn 0.692311764 0.694470882 -0.0605689026
vn 0.747675121 0.633363843 -0.0654125139
vn 0.73912859 0.633363724 -0.130329043
vn 0.684398234 0.694470823 -0.120678544
vn 0.684398234 0.694470823 -0.120678544
vn 0.73912859 0.633363724 -0.130329043
vn 0.724964499 0.633363724 -0.194253668
vn 0.671282768 0.694470823 -0.179869741
vn 0.671282768 0.694470823 -0.179869741
vn 0.724964499 0.633363724 -0.194253668
vn 0.705268621 0.633363724 -0.256696075
vn 0.653045356 0.694470882 -0.237688482
vn 0.653045356 0.694470882 -0.237688482
vn 0.705268621 0.633363724 -0.256696075
vn 0.680211842 0.633363783 -0.31718865
vn 0.62984395 0.694470823 -0.293701708
vn 0.62984395 0.694470823 -0.293701708
vn 0.680211842 0.633363783 -0.31718865
vn 0.649985313 0.633363843 -0.375269204
vn 0.601855636 0.694470942 -0.347481489
vn 0.601855636 0.694470942 -0.347481489
vn 0.649985313 0.633363843 -0.375269204
vn 0.61479944 0.633363783 -0.430486381
vn 0.569275081 0.694470882 -0.398609996
vn 0.569275081 0.694470882 -0.398609996
vn 0.61479944 0.633363783 -0.430486381
vn 0.574939609 0.633363724 -0.482432544
vn 0.532366991 0.694470823 -0.446709722
vn 0.532366991 0.694470823 -0.446709722
vn 0.574939609 0.633363724 -0.482432544
vn 0.530710757 0.633363724 -0.530710876
vn 0.491413116 0.694470882 -0.491413087
vn 0.491413116 0.694470882 -0.491413087
vn 0.530710757 0.633363724 -0.530710876
vn 0.482432455 0.633363724 -0.574939787
vn 0.446709692 0.694470882 -0.532366991
vn 0.446709692 0.694470882 -0.532366991
vn 0.482432455 0.633363724 -0.574939787
vn 0.430486351 0.633363724 -0.61479938
vn 0.398610055 0.694470823 -0.5692752
vn 0.398610055 0.694470823 -0.5692752
vn 0.430486351 0.633363724 -0.61479938
vn 0.375269204 0.633363724 -0.649985373
vn 0.347481489 0.694470882 -0.601855695
vn 0.347481489 0.694470882 -0.601855695
vn 0.375269204 0.633363724 -0.649985373
vn 0.31718868 0.633363783 -0.680211902
vn 0.293701649 0.694470763 -0.62984401
vn 0.293701649 0.694470763 -0.62984401
vn 0.31718868 0.633363783 -0.680211902
vn 0.256695986 0.633363783 -0.705268681
vn 0.237688348 0.694470823 -0.653045535
vn 0.237688348 0.694470823 -0.653045535
vn 0.256695986 0.633363783 -0.705268681
vn 0.194253579 0.633363724 -0.72496444
vn 0.179869577 0.694470882 -0.671282828
vn 0.179869577 0.694470882 -0.671282828
vn 0.194253579 0.633363724 -0.72496444
vn 0.130328923 0.633363724 -0.73912859
vn 0.120678388 0.694470882 -0.684398234
vn 0.120678388 0.694470882 -0.684398234
vn 0.130328923 0.633363724 -0.73912859
vn 0.0654125214 0.633363843 -0.747675121
vn 0.060568884 0.694471002 -0.692311764
vn 0.060568884 0.694471002 -0.692311764
vn 0.0654125214 0.633363843 -0.747675121
vn 1.05646905e-07 0.633363843 -0.750538468
vn 9.406358e-08 0.694470942 -0.694963038
vn 9.406358e-08 0.694470942 -0.694963038
vn 1.05646905e-07 0.633363843 -0.750538468
vn -0.0654123276 0.633363783 -0.747675061
vn -0.0605687052 0.694470942 -0.692311645
vn -0.0605687052 0.694470942 -0.692311645
vn -0.0654123276 0.633363783 -0.747675061
vn -0.130328864 0.633363783 -0.73912859
vn -0.120678321 0.694470882 -0.684398234
vn -0.120678321 0.694470882 -0.684398234
vn -0.130328864 0.633363783 -0.73912859
vn -0.1942534 0.633363783 -0.724964499
vn -0.179869458 0.694470942 -0.671282828
vn -0.179869458 0.694470942 -0.671282828
vn -0.1942534 0.633363783 -0.724964499
vn -0.256695926 0.633363783 -0.705268681
vn -0.237688318 0.694470823 -0.653045475
vn -0.237688318 0.694470823 -0.653045475
vn -0.256695926 0.633363783 -0.705268681
vn -0.317188621 0.633363664 -0.680211842
vn -0.293701619 0.694470823 -0.62984395
vn -0.293701619 0.694470823 -0.62984395
vn -0.317188621 0.633363664 -0.680211842
vn -0.375269175 0.633363724 -0.649985373
vn -0.347481489 0.694470882 -0.601855695
vn -0.347481489 0.694470882 -0.601855695
vn -0.375269175 0.633363724 -0.649985373
vn -0.430486262 0.633363724 -0.614799559
vn -0.398609936 0.694470823 -0.56927526
vn -0.398609936 0.694470823 -0.56927526
vn -0.430486262 0.633363724 -0.614799559
vn -0.482432395 0.633363783 -0.574939847
vn -0.446709603 0.694471002 -0.53236711
vn -0.446709603 0.694471002 -0.53236711
vn -0.482432395 0.633363783 -0.574939847
vn -0.530710697 0.633363843 -0.530710876
vn -0.491412997 0.694470942 -0.491413176
vn -0.491412997 0.694470942 -0.491413176
vn -0.530710697 0.633363843 -0.530710876
vn -0.574939549 0.633363843 -0.482432604
vn -0.532366812 0.694470942 -0.446709841
vn -0.532366812 0.694470942 -0.446709841
vn -0.574939549 0.633363843 -0.482432604
vn -0.614799321 0.633363724 -0.43048647
vn -0.569274962 0.694470882 -0.398610175
vn -0.569274962 0.694470882 -0.398610175
vn -0.614799321 0.633363724 -0.43048647
vn -0.649985254 0.633363783 -0.375269443
vn -0.601855576 0.694470882 -0.347481817
vn -0.601855576 0.694470882 -0.347481817
vn -0.649985254 0.633363783 -0.375269443
vn -0.680211842 0.633363783 -0.317188859
vn -0.629843831 0.694470763 -0.293701917
vn -0.629843831 0.694470763 -0.293701917
vn -0.680211842 0.633363783 -0.317188859
vn -0.705268621 0.633363724 -0.256696254
vn -0.653045475 0.694470704 -0.237688631
vn -0.653045475 0.694470704 -0.237688631
vn -0.705268621 0.633363724 -0.256696254
vn -0.724964499 0.633363724 -0.194253758
vn -0.671282887 0.694470823 -0.179869786
vn -0.671282887 0.694470823 -0.179869786
vn -0.724964499 0.633363724 -0.194253758
vn -0.73912859 0.633363724 -0.130329251
vn -0.684398234 0.694470704 -0.120678686
vn -0.684398234 0.694470704 -0.120678686
vn -0.73912859 0.633363724 -0.130329251
vn -0.747675121 0.633363843 -0.0654127449
vn -0.692311764 0.694470942 -0.060569074
vn -0.692311764 0.694470942 -0.060569074
vn -0.747675121 0.633363843 -0.0654127449
vn -0.750538468 0.633363843 -2.99682142e-07
vn -0.694963038 0.694470942 -2.4959445e-07
vn -0.694963038 0.694470942 -2.4959445e-07
vn -0.750538468 0.633363843 -2.99682142e-07
vn -0.747675121 0.633363783 0.0654121637
vn -0.692311704 0.694470942 0.0605685897
vn -0.692311704 0.694470942 0.0605685897
vn -0.747675121 0.633363783 0.0654121637
vn -0.73912859 0.633363724 0.13032873
vn -0.684398234 0.694470882 0.120678231
vn -0.684398234 0.694470882 0.120678231
vn -0.73912859 0.633363724 0.13032873
vn -0.724964559 0.633363783 0.194253415
vn -0.671282887 0.694470942 0.179869473
vn -0.671282887 0.694470942 0.179869473
vn -0.724964559 0.633363783 0.194253415
vn -0.7052688 0.633363843 0.256695896
vn -0.653045595 0.694470942 0.237688303
vn -0.653045595 0.694470942 0.237688303
vn -0.7052688 0.633363843 0.256695896
vn -0.680212021 0.633363783 0.317188233
vn -0.629844248 0.694470882 0.293701291
vn -0.629844248 0.694470882 0.293701291
vn -0.680212021 0.633363783 0.317188233
vn -0.649985611 0.633363783 0.375268787
vn -0.601855934 0.694470882 0.347481161
vn -0.601855934 0.694470882 0.347481161
vn -0.649985611 0.633363783 0.375268787
vn -0.614799678 0.633363783 0.430486023
vn -0.569275439 0.694470763 0.398609698
vn -0.569275439 0.694470763 0.398609698
vn -0.614799678 0.633363783 0.430486023
vn -0.574939966 0.633363843 0.482432216
vn -0.532367289 0.694470942 0.446709394
vn -0.532367289 0.694470942 0.446709394
vn -0.574939966 0.633363843 0.482432216
vn -0.530711055 0.633363783 0.530710578
vn -0.491413385 0.694470882 0.491412848
vn -0.491413385 0.694470882 0.491412848
vn -0.530711055 0.633363783 0.530710578
vn -0.482432783 0.633363724 0.574939489
vn -0.446709931 0.694470823 0.532366753
vn -0.446709931 0.694470823 0.532366753
vn -0.482432783 0.633363724 0.574939489
vn -0.43048659 0.633363724 0.614799201
vn -0.398610204 0.694470823 0.569274962
vn -0.398610204 0.694470823 0.569274962
vn -0.43048659 0.633363724 0.614799201
vn -0.375269353 0.633363783 0.649985194
vn -0.347481668 0.694470882 0.601855576
vn -0.347481668 0.694470882 0.601855576
vn -0.375269353 0.633363783 0.649985194
vn -0.317188829 0.633363903 0.680211723
vn -0.293701857 0.694470942 0.62984395
vn -0.293701857 0.694470942 0.62984395
vn -0.317188829 0.633363903 0.680211723
vn -0.256696492 0.633363783 0.705268562
vn -0.23768881 0.694470882 0.653045297
vn -0.23768881 0.694470882 0.653045297
vn -0.256696492 0.633363783 0.705268562
vn -0.194254011 0.633363783 0.724964321
vn -0.179870054 0.694470882 0.671282709
vn -0.179870054 0.694470882 0.671282709
vn -0.194254011 0.633363783 0.724964321
vn -0.130329356 0.633363724 0.73912853
vn -0.12067882 0.694470882 0.684398055
vn -0.12067882 0.694470882 0.684398055
vn -0.130329356 0.633363724 0.73912853
vn -0.0654128119 0.633363783 0.747675121
vn -0.0605691858 0.694470942 0.692311704
vn -0.0605691858 0.694470942 0.692311704
vn -0.0654128119 0.633363783 0.747675121
vn -3.39758117e-07 0.633363783 0.750538468
vn -3.26894224e-07 0.694470942 0.694963038
vn -3.26894224e-07 0.694470942 0.694963038
vn -3.39758117e-07 0.633363783 0.750538468
vn 0.065412119 0.633363724 0.747675121
vn 0.0605685152 0.694470882 0.692311704
vn 0.0605685152 0.694470882 0.692311704
vn 0.065412119 0.633363724 0.747675121
vn 0.13032867 0.633363724 0.73912859
vn 0.120678157 0.694470882 0.684398293
vn 0.120678157 0.694470882 0.684398293
vn 0.13032867 0.633363724 0.73912859
vn 0.19425334 0.633363724 0.724964619
vn 0.179869384 0.694470882 0.671282887
vn 0.179869384 0.694470882 0.671282887
vn 0.19425334 0.633363724 0.724964619
vn 0.256695867 0.633363783 0.705268919
vn 0.237688228 0.694470882 0.653045595
vn 0.237688228 0.694470882 0.653045595
vn 0.256695867 0.633363783 0.705268919
vn 0.317188174 0.633363783 0.68021208
vn 0.293701261 0.694470882 0.629844248
vn 0.293701261 0.694470882 0.629844248
vn 0.317188174 0.633363783 0.68021208
vn 0.375268787 0.633363783 0.649985611
vn 0.347481102 0.694470942 0.601855934
vn 0.347481102 0.694470942 0.601855934
vn 0.375268787 0.633363783 0.649985611
vn 0.430486023 0.633363783 0.614799678
vn 0.398609698 0.694470823 0.569275379
vn 0.398609698 0.694470823 0.569275379
vn 0.430486023 0.633363783 0.614799678
vn 0.482432187 0.633363903 0.574939966
vn 0.446709454 0.694470942 0.532367289
vn 0.446709454 0.694470942 0.532367289
vn 0.482432187 0.633363903 0.574939966
vn 0.530710518 0.633363783 0.530711055
vn 0.491412848 0.694470882 0.491413385
vn 0.491412848 0.694470882 0.491413385
vn 0.530710518 0.633363783 0.530711055
vn 0.57493937 0.633363843 0.482432783
vn 0.532366753 0.694470823 0.44671002
vn 0.532366753 0.694470823 0.44671002
vn 0.57493937 0.633363843 0.482432783
vn 0.614799201 0.633363664 0.430486768
vn 0.569274843 0.694470763 0.398610383
vn 0.569274843 0.694470763 0.398610383
vn 0.614799201 0.633363664 0.430486768
vn 0.649985135 0.633363724 0.375269651
vn 0.601855457 0.694470882 0.347481936
vn 0.601855457 0.694470882 0.347481936
vn 0.649985135 0.633363724 0.375269651
vn 0.680211663 0.633363783 0.317189157
vn 0.629843831 0.694470882 0.293702155
vn 0.629843831 0.694470882 0.293702155
vn 0.680211663 0.633363783 0.317189157
vn 0.705268443 0.633363724 0.25669685
vn 0.653045118 0.694470942 0.237689137
vn 0.653045118 0.694470942 0.237689137
vn 0.705268443 0.633363724 0.25669685
vn 0.724964201 0.633363783 0.194254264
vn 0.671282589 0.694470942 0.179870278
vn 0.671282589 0.694470942 0.179870278
vn 0.724964201 0.633363783 0.194254264
vn 0.739128411 0.633363783 0.130329415
vn 0.684397936 0.694470823 0.120678887
vn 0.684397936 0.694470823 0.120678887
vn 0.739128411 0.633363783 0.130329415
vn 0.747675061 0.633363843 0.0654126704
vn 0.692311704 0.694471002 0.0605690442
vn 0.692311704 0.694471002 0.0605690442
vn 0.747675061 0.633363843 0.0654126704
vn 0.750538468 0.633363783 8.96397978e-09
vn 0.694963038 0.694470882 1.07102096e-08
vn 0.750538468 0.633363783 8.96397978e-09
vn 0.801484406 0.566043735 9.31322575e-10
vn 0.798426747 0.566043615 -0.0698526725
vn 0.747675121 0.633363843 -0.0654125139
vn 0.747675121 0.633363843 -0.0654125139
vn 0.798426747 0.566043615 -0.0698526725
vn 0.789300263 0.566043615 -0.139175683
vn 0.73912859 0.633363724 -0.130329043
vn 0.73912859 0.633363724 -0.130329043
vn 0.789300263 0.566043615 -0.139175683
vn 0.774174571 0.566043675 -0.207439423
vn 0.724964499 0.633363724 -0.194253668
vn 0.724964499 0.633363724 -0.194253668
vn 0.774174571 0.566043675 -0.207439423
vn 0.753141701 0.566043556 -0.27412045
vn 0.705268621 0.633363724 -0.256696075
vn 0.705268621 0.633363724 -0.256696075
vn 0.753141701 0.566043556 -0.27412045
vn 0.726384103 0.566043615 -0.338719189
vn 0.680211842 0.633363783 -0.31718865
vn 0.680211842 0.633363783 -0.31718865
vn 0.726384103 0.566043615 -0.338719189
vn 0.694105923 0.566043675 -0.400742203
vn 0.649985313 0.633363843 -0.375269204
vn 0.649985313 0.633363843 -0.375269204
vn 0.694105923 0.566043675 -0.400742203
vn 0.656531513 0.566043615 -0.459707499
vn 0.61479944 0.633363783 -0.430486381
vn 0.61479944 0.633363783 -0.430486381
vn 0.656531513 0.566043615 -0.459707499
vn 0.613966227 0.566043615 -0.515179753
vn 0.574939609 0.633363724 -0.482432544
vn 0.574939609 0.633363724 -0.482432544
vn 0.613966227 0.566043615 -0.515179753
vn 0.566735029 0.566043615 -0.566735148
vn 0.530710757 0.633363724 -0.530710876
vn 0.530710757 0.633363724 -0.530710876
vn 0.566735029 0.566043615 -0.566735148
vn 0.515179694 0.566043496 -0.613966346
vn 0.482432455 0.633363724 -0.574939787
vn 0.482432455 0.633363724 -0.574939787
vn 0.515179694 0.566043496 -0.613966346
vn 0.459707528 0.566043615 -0.656531632
vn 0.430486351 0.633363724 -0.61479938
vn 0.430486351 0.633363724 -0.61479938
vn 0.459707528 0.566043615 -0.656531632
vn 0.400742173 0.566043675 -0.694105864
vn 0.375269204 0.633363724 -0.649985373
vn 0.375269204 0.633363724 -0.649985373
vn 0.400742173 0.566043675 -0.694105864
vn 0.338719219 0.566043615 -0.726384103
vn 0.31718868 0.633363783 -0.680211902
vn 0.31718868 0.633363783 -0.680211902
vn 0.338719219 0.566043615 -0.726384103
vn 0.27412042 0.566043615 -0.753141761
vn 0.256695986 0.633363783 -0.705268681
vn 0.256695986 0.633363783 -0.705268681
vn 0.27412042 0.566043615 -0.753141761
vn 0.207439408 0.566043675 -0.774174571
vn 0.194253579 0.633363724 -0.72496444
vn 0.194253579 0.633363724 -0.72496444
vn 0.207439408 0.566043675 -0.774174571
vn 0.139175579 0.566043615 -0.789300203
vn 0.130328923 0.633363724 -0.73912859
vn 0.130328923 0.633363724 -0.73912859
vn 0.139175579 0.566043615 -0.789300203
vn 0.06985268 0.566043675 -0.798426747
vn 0.0654125214 0.633363843 -0.747675121
vn 0.0654125214 0.633363843 -0.747675121
vn 0.06985268 0.566043675 -0.798426747
vn 1.15018338e-07 0.566043735 -0.801484406
vn 1.05646905e-07 0.633363843 -0.750538468
vn 1.05646905e-07 0.633363843 -0.750538468
vn 1.15018338e-07 0.566043735 -0.801484406
vn -0.0698524788 0.566043615 -0.798426688
vn -0.0654123276 0.633363783 -0.747675061
vn -0.0654123276 0.633363783 -0.747675061
vn -0.0698524788 0.566043615 -0.798426688
vn -0.139175534 0.566043615 -0.789300263
vn -0.130328864 0.633363783 -0.73912859
vn -0.130328864 0.633363783 -0.73912859
vn -0.139175534 0.566043615 -0.789300263
vn -0.207439244 0.566043675 -0.774174511
vn -0.1942534 0.633363783 -0.724964499
vn -0.1942534 0.633363783 -0.724964499
vn -0.207439244 0.566043675 -0.774174511
vn -0.274120361 0.566043556 -0.753141761
vn -0.256695926 0.633363783 -0.705268681
vn -0.256695926 0.633363783 -0.705268681
vn -0.274120361 0.566043556 -0.753141761
vn -0.338719159 0.566043615 -0.726384163
vn -0.317188621 0.633363664 -0.680211842
vn -0.317188621 0.633363664 -0.680211842
vn -0.338719159 0.566043615 -0.726384163
vn -0.400742143 0.566043615 -0.694105983
vn -0.375269175 0.633363724 -0.649985373
vn -0.375269175 0.633363724 -0.649985373
vn -0.400742143 0.566043615 -0.694105983
vn -0.45970729 0.566043556 -0.656531692
vn -0.430486262 0.633363724 -0.614799559
vn -0.430486262 0.633363724 -0.614799559
vn -0.45970729 0.566043556 -0.656531692
vn -0.515179634 0.566043615 -0.613966405
vn -0.482432395 0.633363783 -0.574939847
vn -0.482432395 0.633363783 -0.574939847
vn -0.515179634 0.566043615 -0.613966405
vn -0.56673491 0.566043675 -0.566735148
vn -0.530710697 0.633363843 -0.530710876
vn -0.530710697 0.633363843 -0.530710876
vn -0.56673491 0.566043675 -0.566735148
vn -0.613966048 0.566043556 -0.515179873
vn -0.574939549 0.633363843 -0.482432604
vn -0.574939549 0.633363843 -0.482432604
vn -0.613966048 0.566043556 -0.515179873
vn -0.656531513 0.566043615 -0.459707499
vn -0.614799321 0.633363724 -0.43048647
vn -0.614799321 0.633363724 -0.43048647
vn -0.656531513 0.566043615 -0.459707499
vn -0.694105804 0.566043615 -0.400742412
vn -0.649985254 0.633363783 -0.375269443
vn -0.649985254 0.633363783 -0.375269443
vn -0.694105804 0.566043615 -0.400742412
vn -0.726384103 0.566043615 -0.338719398
vn -0.680211842 0.633363783 -0.317188859
vn -0.680211842 0.633363783 -0.317188859
vn -0.726384103 0.566043615 -0.338719398
vn -0.753141761 0.566043556 -0.274120659
vn -0.705268621 0.633363724 -0.256696254
vn -0.705268621 0.633363724 -0.256696254
vn -0.753141761 0.566043556 -0.274120659
vn -0.774174511 0.566043675 -0.207439616
vn -0.724964499 0.633363724 -0.194253758
vn -0.724964499 0.633363724 -0.194253758
vn -0.774174511 0.566043675 -0.207439616
vn -0.789300144 0.566043556 -0.139175966
vn -0.73912859 0.633363724 -0.130329251
vn -0.73912859 0.633363724 -0.130329251
vn -0.789300144 0.566043556 -0.139175966
vn -0.798426747 0.566043675 -0.0698529631
vn -0.747675121 0.633363843 -0.0654127449
vn -0.747675121 0.633363843 -0.0654127449
vn -0.798426747 0.566043675 -0.0698529631
vn -0.801484287 0.566043794 -3.59723344e-07
vn -0.750538468 0.633363843 -2.99682142e-07
vn -0.750538468 0.633363843 -2.99682142e-07
vn -0.801484287 0.566043794 -3.59723344e-07
vn -0.798426688 0.566043615 0.0698522702
vn -0.747675121 0.633363783 0.0654121637
vn -0.747675121 0.633363783 0.0654121637
vn -0.798426688 0.566043615 0.0698522702
vn -0.789300263 0.566043675 0.139175341
vn -0.73912859 0.633363724 0.13032873
vn -0.73912859 0.633363724 0.13032873
vn -0.789300263 0.566043675 0.139175341
vn -0.774174511 0.566043735 0.207439244
vn -0.724964559 0.633363783 0.194253415
vn -0.724964559 0.633363783 0.194253415
vn -0.774174511 0.566043735 0.207439244
vn -0.75314188 0.566043615 0.274120271
vn -0.7052688 0.633363843 0.256695896
vn -0.7052688 0.633363843 0.256695896
vn -0.75314188 0.566043615 0.274120271
vn -0.726384401 0.566043615 0.338718802
vn -0.680212021 0.633363783 0.317188233
vn -0.680212021 0.633363783 0.317188233
vn -0.726384401 0.566043615 0.338718802
vn -0.694106042 0.566043735 0.400741786
vn -0.649985611 0.633363783 0.375268787
vn -0.649985611 0.633363783 0.375268787
vn -0.694106042 0.566043735 0.400741786
vn -0.656531811 0.566043615 0.459707052
vn -0.614799678 0.633363783 0.430486023
vn -0.614799678 0.633363783 0.430486023
vn -0.656531811 0.566043615 0.459707052
vn -0.613966584 0.566043675 0.515179396
vn -0.574939966 0.633363843 0.482432216
vn -0.574939966 0.633363843 0.482432216
vn -0.613966584 0.566043675 0.515179396
vn -0.566735327 0.566043675 0.566734791
vn -0.530711055 0.633363783 0.530710578
vn -0.530711055 0.633363783 0.530710578
vn -0.566735327 0.566043675 0.566734791
vn -0.515179992 0.566043556 0.613965988
vn -0.482432783 0.633363724 0.574939489
vn -0.482432783 0.633363724 0.574939489
vn -0.515179992 0.566043556 0.613965988
vn -0.459707707 0.566043615 0.656531274
vn -0.43048659 0.633363724 0.614799201
vn -0.43048659 0.633363724 0.614799201
vn -0.459707707 0.566043615 0.656531274
vn -0.400742382 0.566043735 0.694105685
vn -0.375269353 0.633363783 0.649985194
vn -0.375269353 0.633363783 0.649985194
vn -0.400742382 0.566043735 0.694105685
vn -0.338719398 0.566043615 0.726384103
vn -0.317188829 0.633363903 0.680211723
vn -0.317188829 0.633363903 0.680211723
vn -0.338719398 0.566043615 0.726384103
vn -0.274120897 0.566043615 0.753141642
vn -0.256696492 0.633363783 0.705268562
vn -0.256696492 0.633363783 0.705268562
vn -0.274120897 0.566043615 0.753141642
vn -0.207439855 0.566043675 0.774174392
vn -0.194254011 0.633363783 0.724964321
vn -0.194254011 0.633363783 0.724964321
vn -0.207439855 0.566043675 0.774174392
vn -0.139176041 0.566043615 0.789300203
vn -0.130329356 0.633363724 0.73912853
vn -0.130329356 0.633363724 0.73912853
vn -0.139176041 0.566043615 0.789300203
vn -0.0698529929 0.566043675 0.798426688
vn -0.0654128119 0.633363783 0.747675121
vn -0.0654128119 0.633363783 0.747675121
vn -0.0698529929 0.566043675 0.798426688
vn -3.50642949e-07 0.566043735 0.801484406
vn -3.39758117e-07 0.633363783 0.750538468
vn -3.39758117e-07 0.633363783 0.750538468
vn -3.50642949e-07 0.566043735 0.801484406
vn 0.0698522627 0.566043615 0.798426747
vn 0.065412119 0.633363724 0.747675121
vn 0.065412119 0.633363724 0.747675121
vn 0.0698522627 0.566043615 0.798426747
vn 0.139175281 0.566043615 0.789300263
vn 0.13032867 0.633363724 0.73912859
vn 0.13032867 0.633363724 0.73912859
vn 0.139175281 0.566043615 0.789300263
vn 0.207439154 0.566043615 0.774174631
vn 0.19425334 0.633363724 0.724964619
vn 0.19425334 0.633363724 0.724964619
vn 0.207439154 0.566043615 0.774174631
vn 0.274120182 0.566043496 0.753141999
vn 0.256695867 0.633363783 0.705268919
vn 0.256695867 0.633363783 0.705268919
vn 0.274120182 0.566043496 0.753141999
vn 0.338718742 0.566043615 0.726384401
vn 0.317188174 0.633363783 0.68021208
vn 0.317188174 0.633363783 0.68021208
vn 0.338718742 0.566043615 0.726384401
vn 0.400741756 0.566043675 0.694106102
vn 0.375268787 0.633363783 0.649985611
vn 0.375268787 0.633363783 0.649985611
vn 0.400741756 0.566043675 0.694106102
vn 0.459707052 0.566043615 0.656531811
vn 0.430486023 0.633363783 0.614799678
vn 0.430486023 0.633363783 0.614799678
vn 0.459707052 0.566043615 0.656531811
vn 0.515179336 0.566043735 0.613966465
vn 0.482432187 0.633363903 0.574939966
vn 0.482432187 0.633363903 0.574939966
vn 0.515179336 0.566043735 0.613966465
vn 0.566734731 0.566043794 0.566735268
vn 0.530710518 0.633363783 0.530711055
vn 0.530710518 0.633363783 0.530711055
vn 0.566734731 0.566043794 0.566735268
vn 0.613965929 0.566043556 0.515180051
vn 0.57493937 0.633363843 0.482432783
vn 0.57493937 0.633363843 0.482432783
vn 0.613965929 0.566043556 0.515180051
vn 0.656531334 0.566043615 0.459707856
vn 0.614799201 0.633363664 0.430486768
vn 0.614799201 0.633363664 0.430486768
vn 0.656531334 0.566043615 0.459707856
vn 0.694105685 0.566043615 0.40074271
vn 0.649985135 0.633363724 0.375269651
vn 0.649985135 0.633363724 0.375269651
vn 0.694105685 0.566043615 0.40074271
vn 0.726383984 0.566043556 0.338719815
vn 0.680211663 0.633363783 0.317189157
vn 0.680211663 0.633363783 0.317189157
vn 0.726383984 0.566043556 0.338719815
vn 0.753141522 0.566043615 0.274121314
vn 0.705268443 0.633363724 0.25669685
vn 0.705268443 0.633363724 0.25669685
vn 0.753141522 0.566043615 0.274121314
vn 0.774174213 0.566043735 0.207440138
vn 0.724964201 0.633363783 0.194254264
vn 0.724964201 0.633363783 0.194254264
vn 0.774174213 0.566043735 0.207440138
vn 0.789300025 0.566043615 0.139176115
vn 0.739128411 0.633363783 0.130329415
vn 0.739128411 0.633363783 0.130329415
vn 0.789300025 0.566043615 0.139176115
vn 0.798426747 0.566043675 0.0698528141
vn 0.747675061 0.633363843 0.0654126704
vn 0.747675061 0.633363843 0.0654126704
vn 0.798426747 0.566043675 0.0698528141
vn 0.801484406 0.566043735 9.31322575e-10
vn 0.750538468 0.633363783 8.96397978e-09
vn 0.801484406 0.566043735 9.31322575e-10
vn 0.846925259 0.493695676 -9.31322575e-10
vn 0.84369415 0.493695706 -0.0738130137
vn 0.798426747 0.566043615 -0.0698526725
vn 0.798426747 0.566043615 -0.0698526725
vn 0.84369415 0.493695706 -0.0738130137
vn 0.834050179 0.493695647 -0.147066325
vn 0.789300263 0.566043615 -0.139175683
vn 0.789300263 0.566043615 -0.139175683
vn 0.834050179 0.493695647 -0.147066325
vn 0.818066955 0.493695676 -0.219200343
vn 0.774174571 0.566043675 -0.207439423
vn 0.774174571 0.566043675 -0.207439423
vn 0.818066955 0.493695676 -0.219200343
vn 0.795841694 0.493695647 -0.289661884
vn 0.753141701 0.566043556 -0.27412045
vn 0.753141701 0.566043556 -0.27412045
vn 0.795841694 0.493695647 -0.289661884
vn 0.767566979 0.493695647 -0.35792312
vn 0.726384103 0.566043615 -0.338719189
vn 0.726384103 0.566043615 -0.338719189
vn 0.767566979 0.493695647 -0.35792312
vn 0.733458757 0.493695676 -0.42346257
vn 0.694105923 0.566043675 -0.400742203
vn 0.694105923 0.566043675 -0.400742203
vn 0.733458757 0.493695676 -0.42346257
vn 0.693753958 0.493695647 -0.485770941
vn 0.656531513 0.566043615 -0.459707499
vn 0.656531513 0.566043615 -0.459707499
vn 0.693753958 0.493695647 -0.485770941
vn 0.648775458 0.493695647 -0.544388235
vn 0.613966227 0.566043615 -0.515179753
vn 0.613966227 0.566043615 -0.515179753
vn 0.648775458 0.493695647 -0.544388235
vn 0.598866463 0.493695676 -0.598866642
vn 0.566735029 0.566043615 -0.566735148
vn 0.566735029 0.566043615 -0.566735148
vn 0.598866463 0.493695676 -0.598866642
vn 0.544388115 0.493695647 -0.648775578
vn 0.515179694 0.566043496 -0.613966346
vn 0.515179694 0.566043496 -0.613966346
vn 0.544388115 0.493695647 -0.648775578
vn 0.485770971 0.493695706 -0.693754077
vn 0.459707528 0.566043615 -0.656531632
vn 0.459707528 0.566043615 -0.656531632
vn 0.485770971 0.493695706 -0.693754077
vn 0.42346257 0.493695736 -0.733458757
vn 0.400742173 0.566043675 -0.694105864
vn 0.400742173 0.566043675 -0.694105864
vn 0.42346257 0.493695736 -0.733458757
vn 0.35792315 0.493695706 -0.767566979
vn 0.338719219 0.566043615 -0.726384103
vn 0.338719219 0.566043615 -0.726384103
vn 0.35792315 0.493695706 -0.767566979
vn 0.289661855 0.493695647 -0.795841634
vn 0.27412042 0.566043615 -0.753141761
vn 0.27412042 0.566043615 -0.753141761
vn 0.289661855 0.493695647 -0.795841634
vn 0.219200358 0.493695706 -0.818066895
vn 0.207439408 0.566043675 -0.774174571
vn 0.207439408 0.566043675 -0.774174571
vn 0.219200358 0.493695706 -0.818066895
vn 0.14706625 0.493695676 -0.834050119
vn 0.139175579 0.566043615 -0.789300203
vn 0.139175579 0.566043615 -0.789300203
vn 0.14706625 0.493695676 -0.834050119
vn 0.0738130361 0.493695736 -0.84369415
vn 0.06985268 0.566043675 -0.798426747
vn 0.06985268 0.566043675 -0.798426747
vn 0.0738130361 0.493695736 -0.84369415
vn 1.13621354e-07 0.493695706 -0.846925139
vn 1.15018338e-07 0.566043735 -0.801484406
vn 1.15018338e-07 0.566043735 -0.801484406
vn 1.13621354e-07 0.493695706 -0.846925139
vn -0.0738128498 0.493695587 -0.843694091
vn -0.0698524788 0.566043615 -0.798426688
vn -0.0698524788 0.566043615 -0.798426688
vn -0.0738128498 0.493695587 -0.843694091
vn -0.147066206 0.493695676 -0.83405
vn -0.139175534 0.566043615 -0.789300263
vn -0.139175534 0.566043615 -0.789300263
vn -0.147066206 0.493695676 -0.83405
vn -0.219200194 0.493695647 -0.818066955
vn -0.207439244 0.566043675 -0.774174511
vn -0.207439244 0.566043675 -0.774174511
vn -0.219200194 0.493695647 -0.818066955
vn -0.289661825 0.493695647 -0.795841753
vn -0.274120361 0.566043556 -0.753141761
vn -0.274120361 0.566043556 -0.753141761
vn -0.289661825 0.493695647 -0.795841753
vn -0.357923061 0.493695647 -0.767567098
vn -0.338719159 0.566043615 -0.726384163
vn -0.338719159 0.566043615 -0.726384163
vn -0.357923061 0.493695647 -0.767567098
vn -0.42346254 0.493695676 -0.733458757
vn -0.400742143 0.566043615 -0.694105983
vn -0.400742143 0.566043615 -0.694105983
vn -0.42346254 0.493695676 -0.733458757
vn -0.485770732 0.493695617 -0.693754196
vn -0.45970729 0.566043556 -0.656531692
vn -0.45970729 0.566043556 -0.656531692
vn -0.485770732 0.493695617 -0.693754196
vn -0.544387996 0.493695647 -0.648775697
vn -0.515179634 0.566043615 -0.613966405
vn -0.515179634 0.566043615 -0.613966405
vn -0.544387996 0.493695647 -0.648775697
vn -0.598866403 0.493695647 -0.598866701
vn -0.56673491 0.566043675 -0.566735148
vn -0.56673491 0.566043675 -0.566735148
vn -0.598866403 0.493695647 -0.598866701
vn -0.648775339 0.493695587 -0.544388294
vn -0.613966048 0.566043556 -0.515179873
vn -0.613966048 0.566043556 -0.515179873
vn -0.648775339 0.493695587 -0.544388294
vn -0.693753898 0.493695647 -0.485771
vn -0.656531513 0.566043615 -0.459707499
vn -0.656531513 0.566043615 -0.459707499
vn -0.693753898 0.493695647 -0.485771
vn -0.733458579 0.493695706 -0.423462749
vn -0.694105804 0.566043615 -0.400742412
vn -0.694105804 0.566043615 -0.400742412
vn -0.733458579 0.493695706 -0.423462749
vn -0.767566979 0.493695617 -0.357923329
vn -0.726384103 0.566043615 -0.338719398
vn -0.726384103 0.566043615 -0.338719398
vn -0.767566979 0.493695617 -0.357923329
vn -0.795841634 0.493695617 -0.289662093
vn -0.753141761 0.566043556 -0.274120659
vn -0.753141761 0.566043556 -0.274120659
vn -0.795841634 0.493695617 -0.289662093
vn -0.818066895 0.493695676 -0.219200566
vn -0.774174511 0.566043675 -0.207439616
vn -0.774174511 0.566043675 -0.207439616
vn -0.818066895 0.493695676 -0.219200566
vn -0.83404994 0.493695676 -0.147066653
vn -0.789300144 0.566043556 -0.139175966
vn -0.789300144 0.566043556 -0.139175966
vn -0.83404994 0.493695676 -0.147066653
vn -0.843694031 0.493695736 -0.0738133565
vn -0.798426747 0.566043675 -0.0698529631
vn -0.798426747 0.566043675 -0.0698529631
vn -0.843694031 0.493695736 -0.0738133565
vn -0.846925139 0.493695766 -4.08384949e-07
vn -0.801484287 0.566043794 -3.59723344e-07
vn -0.801484287 0.566043794 -3.59723344e-07
vn -0.846925139 0.493695766 -4.08384949e-07
vn -0.843694031 0.493695736 0.0738125816
vn -0.798426688 0.566043615 0.0698522702
vn -0.798426688 0.566043615 0.0698522702
vn -0.843694031 0.493695736 0.0738125816
vn -0.83405 0.493695706 0.147065997
vn -0.789300263 0.566043675 0.139175341
vn -0.789300263 0.566043675 0.139175341
vn -0.83405 0.493695706 0.147065997
vn -0.818066895 0.493695736 0.219200134
vn -0.774174511 0.566043735 0.207439244
vn -0.774174511 0.566043735 0.207439244
vn -0.818066895 0.493695736 0.219200134
vn -0.795841873 0.493695706 0.289661765
vn -0.75314188 0.566043615 0.274120271
vn -0.75314188 0.566043615 0.274120271
vn -0.795841873 0.493695706 0.289661765
vn -0.767567217 0.493695736 0.357922673
vn -0.726384401 0.566043615 0.338718802
vn -0.726384401 0.566043615 0.338718802
vn -0.767567217 0.493695736 0.357922673
vn -0.733458936 0.493695736 0.423462123
vn -0.694106042 0.566043735 0.400741786
vn -0.694106042 0.566043735 0.400741786
vn -0.733458936 0.493695736 0.423462123
vn -0.693754256 0.493695706 0.485770524
vn -0.656531811 0.566043615 0.459707052
vn -0.656531811 0.566043615 0.459707052
vn -0.693754256 0.493695706 0.485770524
vn -0.648775756 0.493695706 0.544387817
vn -0.613966584 0.566043675 0.515179396
vn -0.613966584 0.566043675 0.515179396
vn -0.648775756 0.493695706 0.544387817
vn -0.59886682 0.493695706 0.598866165
vn -0.566735327 0.566043675 0.566734791
vn -0.566735327 0.566043675 0.566734791
vn -0.59886682 0.493695706 0.598866165
vn -0.544388473 0.493695676 0.64877522
vn -0.515179992 0.566043556 0.613965988
vn -0.515179992 0.566043556 0.613965988
vn -0.544388473 0.493695676 0.64877522
vn -0.485771149 0.493695706 0.693753779
vn -0.459707707 0.566043615 0.656531274
vn -0.459707707 0.566043615 0.656531274
vn -0.485771149 0.493695706 0.693753779
vn -0.423462808 0.493695766 0.733458519
vn -0.400742382 0.566043735 0.694105685
vn -0.400742382 0.566043735 0.694105685
vn -0.423462808 0.493695766 0.733458519
vn -0.357923388 0.493695706 0.767566979
vn -0.338719398 0.566043615 0.726384103
vn -0.338719398 0.566043615 0.726384103
vn -0.357923388 0.493695706 0.767566979
vn -0.289662391 0.493695647 0.795841515
vn -0.274120897 0.566043615 0.753141642
vn -0.274120897 0.566043615 0.753141642
vn -0.289662391 0.493695647 0.795841515
vn -0.219200835 0.493695617 0.818066776
vn -0.207439855 0.566043675 0.774174392
vn -0.207439855 0.566043675 0.774174392
vn -0.219200835 0.493695617 0.818066776
vn -0.147066712 0.493695647 0.83404994
vn -0.139176041 0.566043615 0.789300203
vn -0.139176041 0.566043615 0.789300203
vn -0.147066712 0.493695647 0.83404994
vn -0.0738133416 0.493695706 0.84369415
vn -0.0698529929 0.566043675 0.798426688
vn -0.0698529929 0.566043675 0.798426688
vn -0.0738133416 0.493695706 0.84369415
vn -3.62750143e-07 0.493695706 0.846925139
vn -3.50642949e-07 0.566043735 0.801484406
vn -3.50642949e-07 0.566043735 0.801484406
vn -3.62750143e-07 0.493695706 0.846925139
vn 0.0738126114 0.493695647 0.843694091
vn 0.0698522627 0.566043615 0.798426747
vn 0.0698522627 0.566043615 0.798426747
vn 0.0738126114 0.493695647 0.843694091
vn 0.147065967 0.493695647 0.834050119
vn 0.139175281 0.566043615 0.789300263
vn 0.139175281 0.566043615 0.789300263
vn 0.147065967 0.493695647 0.834050119
vn 0.21920009 0.493695617 0.818067014
vn 0.207439154 0.566043615 0.774174631
vn 0.207439154 0.566043615 0.774174631
vn 0.21920009 0.493695617 0.818067014
vn 0.289661676 0.493695617 0.795841992
vn 0.274120182 0.566043496 0.753141999
vn 0.274120182 0.566043496 0.753141999
vn 0.289661676 0.493695617 0.795841992
vn 0.357922584 0.493695617 0.767567217
vn 0.338718742 0.566043615 0.726384401
vn 0.338718742 0.566043615 0.726384401
vn 0.357922584 0.493695617 0.767567217
vn 0.423462093 0.493695706 0.733458996
vn 0.400741756 0.566043675 0.694106102
vn 0.400741756 0.566043675 0.694106102
vn 0.423462093 0.493695706 0.733458996
vn 0.485770434 0.493695706 0.693754256
vn 0.459707052 0.566043615 0.656531811
vn 0.459707052 0.566043615 0.656531811
vn 0.485770434 0.493695706 0.693754256
vn 0.544387758 0.493695796 0.648775756
vn 0.515179336 0.566043735 0.613966465
vn 0.515179336 0.566043735 0.613966465
vn 0.544387758 0.493695796 0.648775756
vn 0.598866165 0.493695825 0.598866761
vn 0.566734731 0.566043794 0.566735268
vn 0.566734731 0.566043794 0.566735268
vn 0.598866165 0.493695825 0.598866761
vn 0.64877516 0.493695706 0.544388533
vn 0.613965929 0.566043556 0.515180051
vn 0.613965929 0.566043556 0.515180051
vn 0.64877516 0.493695706 0.544388533
vn 0.693753719 0.493695676 0.485771358
vn 0.656531334 0.566043615 0.459707856
vn 0.656531334 0.566043615 0.459707856
vn 0.693753719 0.493695676 0.485771358
vn 0.733458519 0.493695647 0.423463106
vn 0.694105685 0.566043615 0.40074271
vn 0.694105685 0.566043615 0.40074271
vn 0.733458519 0.493695647 0.423463106
vn 0.7675668 0.493695676 0.357923806
vn 0.726383984 0.566043556 0.338719815
vn 0.726383984 0.566043556 0.338719815
vn 0.7675668 0.493695676 0.357923806
vn 0.795841396 0.493695676 0.289662808
vn 0.753141522 0.566043615 0.274121314
vn 0.753141522 0.566043615 0.274121314
vn 0.795841396 0.493695676 0.289662808
vn 0.818066716 0.493695676 0.219201133
vn 0.774174213 0.566043735 0.207440138
vn 0.774174213 0.566043735 0.207440138
vn 0.818066716 0.493695676 0.219201133
vn 0.834049881 0.493695676 0.147066802
vn 0.789300025 0.566043615 0.139176115
vn 0.789300025 0.566043615 0.139176115
vn 0.834049881 0.493695676 0.147066802
vn 0.84369415 0.493695676 0.0738131851
vn 0.798426747 0.566043675 0.0698528141
vn 0.798426747 0.566043675 0.0698528141
vn 0.84369415 0.493695676 0.0738131851
vn 0.846925259 0.493695676 -9.31322575e-10
vn 0.801484406 0.566043735 9.31322575e-10
vn 0.846925259 0.493695676 -9.31322575e-10
vn 0.886084795 0.417409539 1.71130523e-08
vn 0.882704377 0.417409539 -0.077225931
vn 0.84369415 0.493695706 -0.0738130137
vn 0.84369415 0.493695706 -0.0738130137
vn 0.882704377 0.417409539 -0.077225931
vn 0.872614503 0.417409599 -0.153866291
vn 0.834050179 0.493695647 -0.147066325
vn 0.834050179 0.493695647 -0.147066325
vn 0.872614503 0.417409599 -0.153866291
vn 0.855892062 0.417409569 -0.229335621
vn 0.818066955 0.493695676 -0.219200343
vn 0.818066955 0.493695676 -0.219200343
vn 0.855892062 0.417409569 -0.229335621
vn 0.832639277 0.417409599 -0.303055167
vn 0.795841694 0.493695647 -0.289661884
vn 0.795841694 0.493695647 -0.289661884
vn 0.832639277 0.417409599 -0.303055167
vn 0.803057313 0.417409539 -0.374472648
vn 0.767566979 0.493695647 -0.35792312
vn 0.767566979 0.493695647 -0.35792312
vn 0.803057313 0.417409539 -0.374472648
vn 0.767371893 0.417409569 -0.443042487
vn 0.733458757 0.493695676 -0.42346257
vn 0.733458757 0.493695676 -0.42346257
vn 0.767371893 0.417409569 -0.443042487
vn 0.725831389 0.417409599 -0.508231759
vn 0.693753958 0.493695647 -0.485770941
vn 0.693753958 0.493695647 -0.485770941
vn 0.725831389 0.417409599 -0.508231759
vn 0.678773105 0.417409599 -0.569559336
vn 0.648775458 0.493695647 -0.544388235
vn 0.648775458 0.493695647 -0.544388235
vn 0.678773105 0.417409599 -0.569559336
vn 0.626556516 0.417409629 -0.626556635
vn 0.598866463 0.493695676 -0.598866642
vn 0.598866463 0.493695676 -0.598866642
vn 0.626556516 0.417409629 -0.626556635
vn 0.569559157 0.417409629 -0.678773165
vn 0.544388115 0.493695647 -0.648775578
vn 0.544388115 0.493695647 -0.648775578
vn 0.569559157 0.417409629 -0.678773165
vn 0.508231759 0.417409658 -0.725831449
vn 0.485770971 0.493695706 -0.693754077
vn 0.485770971 0.493695706 -0.693754077
vn 0.508231759 0.417409658 -0.725831449
vn 0.443042368 0.417409658 -0.767371833
vn 0.42346257 0.493695736 -0.733458757
vn 0.42346257 0.493695736 -0.733458757
vn 0.443042368 0.417409658 -0.767371833
vn 0.374472648 0.417409599 -0.803057253
vn 0.35792315 0.493695706 -0.767566979
vn 0.35792315 0.493695706 -0.767566979
vn 0.374472648 0.417409599 -0.803057253
vn 0.303055078 0.417409629 -0.832639396
vn 0.289661855 0.493695647 -0.795841634
vn 0.289661855 0.493695647 -0.795841634
vn 0.303055078 0.417409629 -0.832639396
vn 0.229335591 0.417409599 -0.855892062
vn 0.219200358 0.493695706 -0.818066895
vn 0.219200358 0.493695706 -0.818066895
vn 0.229335591 0.417409599 -0.855892062
vn 0.153866202 0.417409599 -0.872614384
vn 0.14706625 0.493695676 -0.834050119
vn 0.14706625 0.493695676 -0.834050119
vn 0.153866202 0.417409599 -0.872614384
vn 0.0772259533 0.417409599 -0.882704318
vn 0.0738130361 0.493695736 -0.84369415
vn 0.0738130361 0.493695736 -0.84369415
vn 0.0772259533 0.417409599 -0.882704318
vn 1.04744686e-07 0.417409539 -0.886084735
vn 1.13621354e-07 0.493695706 -0.846925139
vn 1.13621354e-07 0.493695706 -0.846925139
vn 1.04744686e-07 0.417409539 -0.886084735
vn -0.0772257671 0.417409569 -0.882704377
vn -0.0738128498 0.493695587 -0.843694091
vn -0.0738128498 0.493695587 -0.843694091
vn -0.0772257671 0.417409569 -0.882704377
vn -0.153866187 0.417409509 -0.872614503
vn -0.147066206 0.493695676 -0.83405
vn -0.147066206 0.493695676 -0.83405
vn -0.153866187 0.417409509 -0.872614503
vn -0.229335457 0.417409569 -0.855892241
vn -0.219200194 0.493695647 -0.818066955
vn -0.219200194 0.493695647 -0.818066955
vn -0.229335457 0.417409569 -0.855892241
vn -0.303055078 0.417409629 -0.832639396
vn -0.289661825 0.493695647 -0.795841753
vn -0.289661825 0.493695647 -0.795841753
vn -0.303055078 0.417409629 -0.832639396
vn -0.374472529 0.417409629 -0.803057313
vn -0.357923061 0.493695647 -0.767567098
vn -0.357923061 0.493695647 -0.767567098
vn -0.374472529 0.417409629 -0.803057313
vn -0.443042338 0.417409629 -0.767371953
vn -0.42346254 0.493695676 -0.733458757
vn -0.42346254 0.493695676 -0.733458757
vn -0.443042338 0.417409629 -0.767371953
vn -0.508231521 0.417409569 -0.725831568
vn -0.485770732 0.493695617 -0.693754196
vn -0.485770732 0.493695617 -0.693754196
vn -0.508231521 0.417409569 -0.725831568
vn -0.569559097 0.417409569 -0.678773284
vn -0.544387996 0.493695647 -0.648775697
vn -0.544387996 0.493695647 -0.648775697
vn -0.569559097 0.417409569 -0.678773284
vn -0.626556456 0.417409539 -0.626556695
vn -0.598866403 0.493695647 -0.598866701
vn -0.598866403 0.493695647 -0.598866701
vn -0.626556456 0.417409539 -0.626556695
vn -0.678772986 0.417409539 -0.569559336
vn -0.648775339 0.493695587 -0.544388294
vn -0.648775339 0.493695587 -0.544388294
vn -0.678772986 0.417409539 -0.569559336
vn -0.725831389 0.417409539 -0.508231878
vn -0.693753898 0.493695647 -0.485771
vn -0.693753898 0.493695647 -0.485771
vn -0.725831389 0.417409539 -0.508231878
vn -0.767371774 0.417409599 -0.443042636
vn -0.733458579 0.493695706 -0.423462749
vn -0.733458579 0.493695706 -0.423462749
vn -0.767371774 0.417409599 -0.443042636
vn -0.803057134 0.417409629 -0.374472857
vn -0.767566979 0.493695617 -0.357923329
vn -0.767566979 0.493695617 -0.357923329
vn -0.803057134 0.417409629 -0.374472857
vn -0.832639277 0.417409629 -0.303055376
vn -0.795841634 0.493695617 -0.289662093
vn -0.795841634 0.493695617 -0.289662093
vn -0.832639277 0.417409629 -0.303055376
vn -0.855892122 0.417409658 -0.229335859
vn -0.818066895 0.493695676 -0.219200566
vn -0.818066895 0.493695676 -0.219200566
vn -0.855892122 0.417409658 -0.229335859
vn -0.872614324 0.417409569 -0.153866649
vn -0.83404994 0.493695676 -0.147066653
vn -0.83404994 0.493695676 -0.147066653
vn -0.872614324 0.417409569 -0.153866649
vn -0.882704318 0.417409599 -0.0772263035
vn -0.843694031 0.493695736 -0.0738133565
vn -0.843694031 0.493695736 -0.0738133565
vn -0.882704318 0.417409599 -0.0772263035
vn -0.886084735 0.417409629 -4.26691258e-07
vn -0.846925139 0.493695766 -4.08384949e-07
vn -0.846925139 0.493695766 -4.08384949e-07
vn -0.886084735 0.417409629 -4.26691258e-07
vn -0.882704437 0.417409599 0.0772254914
vn -0.843694031 0.493695736 0.0738125816
vn -0.843694031 0.493695736 0.0738125816
vn -0.882704437 0.417409599 0.0772254914
vn -0.872614384 0.417409539 0.153865933
vn -0.83405 0.493695706 0.147065997
vn -0.83405 0.493695706 0.147065997
vn -0.872614384 0.417409539 0.153865933
vn -0.855892122 0.417409599 0.229335383
vn -0.818066895 0.493695736 0.219200134
vn -0.818066895 0.493695736 0.219200134
vn -0.855892122 0.417409599 0.229335383
vn -0.832639515 0.417409629 0.303054988
vn -0.795841873 0.493695706 0.289661765
vn -0.795841873 0.493695706 0.289661765
vn -0.832639515 0.417409629 0.303054988
vn -0.803057492 0.417409599 0.374472111
vn -0.767567217 0.493695736 0.357922673
vn -0.767567217 0.493695736 0.357922673
vn -0.803057492 0.417409599 0.374472111
vn -0.767372191 0.417409658 0.443041921
vn -0.733458936 0.493695736 0.423462123
vn -0.733458936 0.493695736 0.423462123
vn -0.767372191 0.417409658 0.443041921
vn -0.725831687 0.417409629 0.508231282
vn -0.693754256 0.493695706 0.485770524
vn -0.693754256 0.493695706 0.485770524
vn -0.725831687 0.417409629 0.508231282
vn -0.678773582 0.417409658 0.569558859
vn -0.648775756 0.493695706 0.544387817
vn -0.648775756 0.493695706 0.544387817
vn -0.678773582 0.417409658 0.569558859
vn -0.626556873 0.417409599 0.626556158
vn -0.59886682 0.493695706 0.598866165
vn -0.59886682 0.493695706 0.598866165
vn -0.626556873 0.417409599 0.626556158
vn -0.569559515 0.417409629 0.678772807
vn -0.544388473 0.493695676 0.64877522
vn -0.544388473 0.493695676 0.64877522
vn -0.569559515 0.417409629 0.678772807
vn -0.508231938 0.417409629 0.725831211
vn -0.485771149 0.493695706 0.693753779
vn -0.485771149 0.493695706 0.693753779
vn -0.508231938 0.417409629 0.725831211
vn -0.443042576 0.417409629 0.767371714
vn -0.423462808 0.493695766 0.733458519
vn -0.423462808 0.493695766 0.733458519
vn -0.443042576 0.417409629 0.767371714
vn -0.374472827 0.417409599 0.803057194
vn -0.357923388 0.493695706 0.767566979
vn -0.357923388 0.493695706 0.767566979
vn -0.374472827 0.417409599 0.803057194
vn -0.303055674 0.417409539 0.832639217
vn -0.289662391 0.493695647 0.795841515
vn -0.289662391 0.493695647 0.795841515
vn -0.303055674 0.417409539 0.832639217
vn -0.229336113 0.417409539 0.855892003
vn -0.219200835 0.493695617 0.818066776
vn -0.219200835 0.493695617 0.818066776
vn -0.229336113 0.417409539 0.855892003
vn -0.153866693 0.417409509 0.872614384
vn -0.147066712 0.493695647 0.83404994
vn -0.147066712 0.493695647 0.83404994
vn -0.153866693 0.417409509 0.872614384
vn -0.0772262961 0.417409629 0.882704318
vn -0.0738133416 0.493695706 0.84369415
vn -0.0738133416 0.493695706 0.84369415
vn -0.0772262961 0.417409629 0.882704318
vn -3.7800055e-07 0.417409599 0.886084676
vn -3.62750143e-07 0.493695706 0.846925139
vn -3.62750143e-07 0.493695706 0.846925139
vn -3.7800055e-07 0.417409599 0.886084676
vn 0.0772255361 0.417409569 0.882704377
vn 0.0738126114 0.493695647 0.843694091
vn 0.0738126114 0.493695647 0.843694091
vn 0.0772255361 0.417409569 0.882704377
vn 0.153865948 0.417409509 0.872614503
vn 0.147065967 0.493695647 0.834050119
vn 0.147065967 0.493695647 0.834050119
vn 0.153865948 0.417409509 0.872614503
vn 0.229335338 0.417409539 0.855892241
vn 0.21920009 0.493695617 0.818067014
vn 0.21920009 0.493695617 0.818067014
vn 0.229335338 0.417409539 0.855892241
vn 0.303054899 0.417409569 0.832639575
vn 0.289661676 0.493695617 0.795841992
vn 0.289661676 0.493695617 0.795841992
vn 0.303054899 0.417409569 0.832639575
vn 0.374472052 0.417409569 0.803057611
vn 0.357922584 0.493695617 0.767567217
vn 0.357922584 0.493695617 0.767567217
vn 0.374472052 0.417409569 0.803057611
vn 0.443041831 0.417409629 0.767372251
vn 0.423462093 0.493695706 0.733458996
vn 0.423462093 0.493695706 0.733458996
vn 0.443041831 0.417409629 0.767372251
vn 0.508231163 0.417409629 0.725831747
vn 0.485770434 0.493695706 0.693754256
vn 0.485770434 0.493695706 0.693754256
vn 0.508231163 0.417409629 0.725831747
vn 0.569558799 0.417409718 0.678773463
vn 0.544387758 0.493695796 0.648775756
vn 0.544387758 0.493695796 0.648775756
vn 0.569558799 0.417409718 0.678773463
vn 0.626556158 0.417409688 0.626556814
vn 0.598866165 0.493695825 0.598866761
vn 0.598866165 0.493695825 0.598866761
vn 0.626556158 0.417409688 0.626556814
vn 0.678772807 0.417409688 0.569559574
vn 0.64877516 0.493695706 0.544388533
vn 0.64877516 0.493695706 0.544388533
vn 0.678772807 0.417409688 0.569559574
vn 0.725831211 0.417409599 0.508232117
vn 0.693753719 0.493695676 0.485771358
vn 0.693753719 0.493695676 0.485771358
vn 0.725831211 0.417409599 0.508232117
vn 0.767371655 0.417409629 0.443042874
vn 0.733458519 0.493695647 0.423463106
vn 0.733458519 0.493695647 0.423463106
vn 0.767371655 0.417409629 0.443042874
vn 0.803057134 0.417409599 0.374473214
vn 0.7675668 0.493695676 0.357923806
vn 0.7675668 0.493695676 0.357923806
vn 0.803057134 0.417409599 0.374473214
vn 0.832639158 0.417409569 0.303056031
vn 0.795841396 0.493695676 0.289662808
vn 0.795841396 0.493695676 0.289662808
vn 0.832639158 0.417409569 0.303056031
vn 0.855891883 0.417409599 0.229336426
vn 0.818066716 0.493695676 0.219201133
vn 0.818066716 0.493695676 0.219201133
vn 0.855891883 0.417409599 0.229336426
vn 0.872614324 0.417409509 0.153866783
vn 0.834049881 0.493695676 0.147066802
vn 0.834049881 0.493695676 0.147066802
vn 0.872614324 0.417409509 0.153866783
vn 0.882704318 0.417409569 0.0772261322
vn 0.84369415 0.493695676 0.0738131851
vn 0.84369415 0.493695676 0.0738131851
vn 0.882704318 0.417409569 0.0772261322
vn 0.886084795 0.417409539 1.71130523e-08
vn 0.846925259 0.493695676 -9.31322575e-10
vn 0.886084795 0.417409539 1.71130523e-08
vn 0.918590248 0.337892205 4.3772161e-08
vn 0.915085852 0.337892264 -0.0800589025
vn 0.882704377 0.417409539 -0.077225931
vn 0.882704377 0.417409539 -0.077225931
vn 0.915085852 0.337892264 -0.0800589025
vn 0.904625833 0.337892264 -0.159510791
vn 0.872614503 0.417409599 -0.153866291
vn 0.872614503 0.417409599 -0.153866291
vn 0.904625833 0.337892264 -0.159510791
vn 0.887290001 0.337892294 -0.237748697
vn 0.855892062 0.417409569 -0.229335621
vn 0.855892062 0.417409569 -0.229335621
vn 0.887290001 0.337892294 -0.237748697
vn 0.863184214 0.337892234 -0.314172596
vn 0.832639277 0.417409599 -0.303055167
vn 0.832639277 0.417409599 -0.303055167
vn 0.863184214 0.337892234 -0.314172596
vn 0.832516968 0.337892234 -0.388209939
vn 0.803057313 0.417409539 -0.374472648
vn 0.803057313 0.417409539 -0.374472648
vn 0.832516968 0.337892234 -0.388209939
vn 0.795522451 0.337892234 -0.459295183
vn 0.767371893 0.417409569 -0.443042487
vn 0.767371893 0.417409569 -0.443042487
vn 0.795522451 0.337892234 -0.459295183
vn 0.752458036 0.337892294 -0.526875913
vn 0.725831389 0.417409599 -0.508231759
vn 0.725831389 0.417409599 -0.508231759
vn 0.752458036 0.337892294 -0.526875913
vn 0.703673482 0.337892354 -0.590453267
vn 0.678773105 0.417409599 -0.569559336
vn 0.678773105 0.417409599 -0.569559336
vn 0.703673482 0.337892354 -0.590453267
vn 0.649541318 0.337892383 -0.649541438
vn 0.626556516 0.417409629 -0.626556635
vn 0.626556516 0.417409629 -0.626556635
vn 0.649541318 0.337892383 -0.649541438
vn 0.590453148 0.337892383 -0.703673482
vn 0.569559157 0.417409629 -0.678773165
vn 0.569559157 0.417409629 -0.678773165
vn 0.590453148 0.337892383 -0.703673482
vn 0.526875854 0.337892383 -0.752458096
vn 0.508231759 0.417409658 -0.725831449
vn 0.508231759 0.417409658 -0.725831449
vn 0.526875854 0.337892383 -0.752458096
vn 0.459295094 0.337892383 -0.795522392
vn 0.443042368 0.417409658 -0.767371833
vn 0.443042368 0.417409658 -0.767371833
vn 0.459295094 0.337892383 -0.795522392
vn 0.388209909 0.337892354 -0.832516909
vn 0.374472648 0.417409599 -0.803057253
vn 0.374472648 0.417409599 -0.803057253
vn 0.388209909 0.337892354 -0.832516909
vn 0.314172447 0.337892354 -0.863184154
vn 0.303055078 0.417409629 -0.832639396
vn 0.303055078 0.417409629 -0.832639396
vn 0.314172447 0.337892354 -0.863184154
vn 0.237748638 0.337892324 -0.887290001
vn 0.229335591 0.417409599 -0.855892062
vn 0.229335591 0.417409599 -0.855892062
vn 0.237748638 0.337892324 -0.887290001
vn 0.159510672 0.337892294 -0.904625833
vn 0.153866202 0.417409599 -0.872614384
vn 0.153866202 0.417409599 -0.872614384
vn 0.159510672 0.337892294 -0.904625833
vn 0.0800589174 0.337892294 -0.915085793
vn 0.0772259533 0.417409599 -0.882704318
vn 0.0772259533 0.417409599 -0.882704318
vn 0.0800589174 0.337892294 -0.915085793
vn 9.10367817e-08 0.337892234 -0.918590248
vn 1.04744686e-07 0.417409539 -0.886084735
vn 1.04744686e-07 0.417409539 -0.886084735
vn 9.10367817e-08 0.337892234 -0.918590248
vn -0.0800587609 0.337892205 -0.915085852
vn -0.0772257671 0.417409569 -0.882704377
vn -0.0772257671 0.417409569 -0.882704377
vn -0.0800587609 0.337892205 -0.915085852
vn -0.159510657 0.337892264 -0.904625714
vn -0.153866187 0.417409509 -0.872614503
vn -0.153866187 0.417409509 -0.872614503
vn -0.159510657 0.337892264 -0.904625714
vn -0.237748474 0.337892294 -0.887290061
vn -0.229335457 0.417409569 -0.855892241
vn -0.229335457 0.417409569 -0.855892241
vn -0.237748474 0.337892294 -0.887290061
vn -0.314172417 0.337892294 -0.863184273
vn -0.303055078 0.417409629 -0.832639396
vn -0.303055078 0.417409629 -0.832639396
vn -0.314172417 0.337892294 -0.863184273
vn -0.38820979 0.337892324 -0.832516968
vn -0.374472529 0.417409629 -0.803057313
vn -0.374472529 0.417409629 -0.803057313
vn -0.38820979 0.337892324 -0.832516968
vn -0.459295034 0.337892354 -0.795522451
vn -0.443042338 0.417409629 -0.767371953
vn -0.443042338 0.417409629 -0.767371953
vn -0.459295034 0.337892354 -0.795522451
vn -0.526875734 0.337892294 -0.752458274
vn -0.508231521 0.417409569 -0.725831568
vn -0.508231521 0.417409569 -0.725831568
vn -0.526875734 0.337892294 -0.752458274
vn -0.590453148 0.337892294 -0.70367372
vn -0.569559097 0.417409569 -0.678773284
vn -0.569559097 0.417409569 -0.678773284
vn -0.590453148 0.337892294 -0.70367372
vn -0.649541318 0.337892294 -0.649541616
vn -0.626556456 0.417409539 -0.626556695
vn -0.626556456 0.417409539 -0.626556695
vn -0.649541318 0.337892294 -0.649541616
vn -0.703673303 0.337892294 -0.590453327
vn -0.678772986 0.417409539 -0.569559336
vn -0.678772986 0.417409539 -0.569559336
vn -0.703673303 0.337892294 -0.590453327
vn -0.752457976 0.337892294 -0.526876032
vn -0.725831389 0.417409539 -0.508231878
vn -0.725831389 0.417409539 -0.508231878
vn -0.752457976 0.337892294 -0.526876032
vn -0.795522332 0.337892324 -0.459295481
vn -0.767371774 0.417409599 -0.443042636
vn -0.767371774 0.417409599 -0.443042636
vn -0.795522332 0.337892324 -0.459295481
vn -0.832516789 0.337892324 -0.388210177
vn -0.803057134 0.417409629 -0.374472857
vn -0.803057134 0.417409629 -0.374472857
vn -0.832516789 0.337892324 -0.388210177
vn -0.863184094 0.337892383 -0.314172804
vn -0.832639277 0.417409629 -0.303055376
vn -0.832639277 0.417409629 -0.303055376
vn -0.863184094 0.337892383 -0.314172804
vn -0.887289941 0.337892383 -0.237748891
vn -0.855892122 0.417409658 -0.229335859
vn -0.855892122 0.417409658 -0.229335859
vn -0.887289941 0.337892383 -0.237748891
vn -0.904625595 0.337892324 -0.159511134
vn -0.872614324 0.417409569 -0.153866649
vn -0.872614324 0.417409569 -0.153866649
vn -0.904625595 0.337892324 -0.159511134
vn -0.915085793 0.337892354 -0.0800592825
vn -0.882704318 0.417409599 -0.0772263035
vn -0.882704318 0.417409599 -0.0772263035
vn -0.915085793 0.337892354 -0.0800592825
vn -0.918590248 0.337892294 -4.27709892e-07
vn -0.886084735 0.417409629 -4.26691258e-07
vn -0.886084735 0.417409629 -4.26691258e-07
vn -0.918590248 0.337892294 -4.27709892e-07
vn -0.915085733 0.337892264 0.0800584778
vn -0.882704437 0.417409599 0.0772254914
vn -0.882704437 0.417409599 0.0772254914
vn -0.915085733 0.337892264 0.0800584778
vn -0.904625714 0.337892234 0.159510419
vn -0.872614384 0.417409539 0.153865933
vn -0.872614384 0.417409539 0.153865933
vn -0.904625714 0.337892234 0.159510419
vn -0.887290061 0.337892294 0.237748414
vn -0.855892122 0.417409599 0.229335383
vn -0.855892122 0.417409599 0.229335383
vn -0.887290061 0.337892294 0.237748414
vn -0.863184392 0.337892324 0.314172387
vn -0.832639515 0.417409629 0.303054988
vn -0.832639515 0.417409629 0.303054988
vn -0.863184392 0.337892324 0.314172387
vn -0.832517147 0.337892324 0.388209373
vn -0.803057492 0.417409599 0.374472111
vn -0.803057492 0.417409599 0.374472111
vn -0.832517147 0.337892324 0.388209373
vn -0.795522869 0.337892383 0.459294617
vn -0.767372191 0.417409658 0.443041921
vn -0.767372191 0.417409658 0.443041921
vn -0.795522869 0.337892383 0.459294617
vn -0.752458394 0.337892354 0.526875377
vn -0.725831687 0.417409629 0.508231282
vn -0.725831687 0.417409629 0.508231282
vn -0.752458394 0.337892354 0.526875377
vn -0.703673899 0.337892354 0.59045285
vn -0.678773582 0.417409658 0.569558859
vn -0.678773582 0.417409658 0.569558859
vn -0.703673899 0.337892354 0.59045285
vn -0.649541736 0.337892324 0.649540961
vn -0.626556873 0.417409599 0.626556158
vn -0.626556873 0.417409599 0.626556158
vn -0.649541736 0.337892324 0.649540961
vn -0.590453446 0.337892354 0.703673184
vn -0.569559515 0.417409629 0.678772807
vn -0.569559515 0.417409629 0.678772807
vn -0.590453446 0.337892354 0.703673184
vn -0.526876092 0.337892354 0.752457857
vn -0.508231938 0.417409629 0.725831211
vn -0.508231938 0.417409629 0.725831211
vn -0.526876092 0.337892354 0.752457857
vn -0.459295332 0.337892354 0.795522332
vn -0.443042576 0.417409629 0.767371714
vn -0.443042576 0.417409629 0.767371714
vn -0.459295332 0.337892354 0.795522332
vn -0.388210118 0.337892324 0.832516849
vn -0.374472827 0.417409599 0.803057194
vn -0.374472827 0.417409599 0.803057194
vn -0.388210118 0.337892324 0.832516849
vn -0.314173043 0.337892264 0.863184094
vn -0.303055674 0.417409539 0.832639217
vn -0.303055674 0.417409539 0.832639217
vn -0.314173043 0.337892264 0.863184094
vn -0.237749159 0.337892264 0.887290001
vn -0.229336113 0.417409539 0.855892003
vn -0.229336113 0.417409539 0.855892003
vn -0.237749159 0.337892264 0.887290001
vn -0.159511223 0.337892234 0.904625595
vn -0.153866693 0.417409509 0.872614384
vn -0.153866693 0.417409509 0.872614384
vn -0.159511223 0.337892234 0.904625595
vn -0.0800593048 0.337892294 0.915085852
vn -0.0772262961 0.417409629 0.882704318
vn -0.0772262961 0.417409629 0.882704318
vn -0.0800593048 0.337892294 0.915085852
vn -3.9790757e-07 0.337892324 0.918590248
vn -3.7800055e-07 0.417409599 0.886084676
vn -3.7800055e-07 0.417409599 0.886084676
vn -3.9790757e-07 0.337892324 0.918590248
vn 0.0800585076 0.337892294 0.915085793
vn 0.0772255361 0.417409569 0.882704377
vn 0.0772255361 0.417409569 0.882704377
vn 0.0800585076 0.337892294 0.915085793
vn 0.159510434 0.337892294 0.904625714
vn 0.153865948 0.417409509 0.872614503
vn 0.153865948 0.417409509 0.872614503
vn 0.159510434 0.337892294 0.904625714
vn 0.237748384 0.337892264 0.88729018
vn 0.229335338 0.417409539 0.855892241
vn 0.229335338 0.417409539 0.855892241
vn 0.237748384 0.337892264 0.88729018
vn 0.314172298 0.337892324 0.863184333
vn 0.303054899 0.417409569 0.832639575
vn 0.303054899 0.417409569 0.832639575
vn 0.314172298 0.337892324 0.863184333
vn 0.388209283 0.337892294 0.832517266
vn 0.374472052 0.417409569 0.803057611
vn 0.374472052 0.417409569 0.803057611
vn 0.388209283 0.337892294 0.832517266
vn 0.459294498 0.337892354 0.795522869
vn 0.443041831 0.417409629 0.767372251
vn 0.443041831 0.417409629 0.767372251
vn 0.459294498 0.337892354 0.795522869
vn 0.526875377 0.337892354 0.752458453
vn 0.508231163 0.417409629 0.725831747
vn 0.508231163 0.417409629 0.725831747
vn 0.526875377 0.337892354 0.752458453
vn 0.59045285 0.337892413 0.703673899
vn 0.569558799 0.417409718 0.678773463
vn 0.569558799 0.417409718 0.678773463
vn 0.59045285 0.337892413 0.703673899
vn 0.64954108 0.337892413 0.649541676
vn 0.626556158 0.417409688 0.626556814
vn 0.626556158 0.417409688 0.626556814
vn 0.64954108 0.337892413 0.649541676
vn 0.703673184 0.337892383 0.590453506
vn 0.678772807 0.417409688 0.569559574
vn 0.678772807 0.417409688 0.569559574
vn 0.703673184 0.337892383 0.590453506
vn 0.752457857 0.337892354 0.526876211
vn 0.725831211 0.417409599 0.508232117
vn 0.725831211 0.417409599 0.508232117
vn 0.752457857 0.337892354 0.526876211
vn 0.795522273 0.337892383 0.459295541
vn 0.767371655 0.417409629 0.443042874
vn 0.767371655 0.417409629 0.443042874
vn 0.795522273 0.337892383 0.459295541
vn 0.832516789 0.337892383 0.388210475
vn 0.803057134 0.417409599 0.374473214
vn 0.803057134 0.417409599 0.374473214
vn 0.832516789 0.337892383 0.388210475
vn 0.863183975 0.337892294 0.3141734
vn 0.832639158 0.417409569 0.303056031
vn 0.832639158 0.417409569 0.303056031
vn 0.863183975 0.337892294 0.3141734
vn 0.887289762 0.337892294 0.237749457
vn 0.855891883 0.417409599 0.229336426
vn 0.855891883 0.417409599 0.229336426
vn 0.887289762 0.337892294 0.237749457
vn 0.904625595 0.337892234 0.159511283
vn 0.872614324 0.417409509 0.153866783
vn 0.872614324 0.417409509 0.153866783
vn 0.904625595 0.337892234 0.159511283
vn 0.915085793 0.337892234 0.0800591409
vn 0.882704318 0.417409569 0.0772261322
vn 0.882704318 0.417409569 0.0772261322
vn 0.915085793 0.337892234 0.0800591409
vn 0.918590248 0.337892205 4.3772161e-08
vn 0.886084795 0.417409539 1.71130523e-08
vn 0.918590248 0.337892205 4.3772161e-08
vn 0.944168806 0.255755186 6.70552254e-08
vn 0.940566778 0.255755246 -0.0822881535
vn 0.915085852 0.337892264 -0.0800589025
vn 0.915085852 0.337892264 -0.0800589025
vn 0.940566778 0.255755246 -0.0822881535
vn 0.929815412 0.255755246 -0.16395244
vn 0.904625833 0.337892264 -0.159510791
vn 0.904625833 0.337892264 -0.159510791
vn 0.929815412 0.255755246 -0.16395244
vn 0.911997139 0.255755275 -0.244368911
vn 0.887290001 0.337892294 -0.237748697
vn 0.887290001 0.337892294 -0.237748697
vn 0.911997139 0.255755275 -0.244368911
vn 0.887219906 0.255755246 -0.322920859
vn 0.863184214 0.337892234 -0.314172596
vn 0.863184214 0.337892234 -0.314172596
vn 0.887219906 0.255755246 -0.322920859
vn 0.855698645 0.255755186 -0.399019808
vn 0.832516968 0.337892234 -0.388209939
vn 0.832516968 0.337892234 -0.388209939
vn 0.855698645 0.255755186 -0.399019808
vn 0.81767416 0.255755246 -0.472084463
vn 0.795522451 0.337892234 -0.459295183
vn 0.795522451 0.337892234 -0.459295183
vn 0.81767416 0.255755246 -0.472084463
vn 0.773410559 0.255755246 -0.541547
vn 0.752458036 0.337892294 -0.526875913
vn 0.752458036 0.337892294 -0.526875913
vn 0.773410559 0.255755246 -0.541547
vn 0.723267555 0.255755335 -0.606894612
vn 0.703673482 0.337892354 -0.590453267
vn 0.703673482 0.337892354 -0.590453267
vn 0.723267555 0.255755335 -0.606894612
vn 0.667628169 0.255755395 -0.667628169
vn 0.649541318 0.337892383 -0.649541438
vn 0.649541318 0.337892383 -0.649541438
vn 0.667628169 0.255755395 -0.667628169
vn 0.606894553 0.255755395 -0.723267555
vn 0.590453148 0.337892383 -0.703673482
vn 0.590453148 0.337892383 -0.703673482
vn 0.606894553 0.255755395 -0.723267555
vn 0.541546941 0.255755365 -0.773410499
vn 0.526875854 0.337892383 -0.752458096
vn 0.526875854 0.337892383 -0.752458096
vn 0.541546941 0.255755365 -0.773410499
vn 0.472084343 0.255755365 -0.8176741
vn 0.459295094 0.337892383 -0.795522392
vn 0.459295094 0.337892383 -0.795522392
vn 0.472084343 0.255755365 -0.8176741
vn 0.399019718 0.255755335 -0.855698586
vn 0.388209909 0.337892354 -0.832516909
vn 0.388209909 0.337892354 -0.832516909
vn 0.399019718 0.255755335 -0.855698586
vn 0.32292068 0.255755305 -0.887219965
vn 0.314172447 0.337892354 -0.863184154
vn 0.314172447 0.337892354 -0.863184154
vn 0.32292068 0.255755305 -0.887219965
vn 0.244368806 0.255755305 -0.91199702
vn 0.237748638 0.337892324 -0.887290001
vn 0.237748638 0.337892324 -0.887290001
vn 0.244368806 0.255755305 -0.91199702
vn 0.163952276 0.255755246 -0.929815412
vn 0.159510672 0.337892294 -0.904625833
vn 0.159510672 0.337892294 -0.904625833
vn 0.163952276 0.255755246 -0.929815412
vn 0.0822881609 0.255755216 -0.940566778
vn 0.0800589174 0.337892294 -0.915085793
vn 0.0800589174 0.337892294 -0.915085793
vn 0.0822881609 0.255755216 -0.940566778
vn 7.68341124e-08 0.255755186 -0.944168806
vn 9.10367817e-08 0.337892234 -0.918590248
vn 9.10367817e-08 0.337892234 -0.918590248
vn 7.68341124e-08 0.255755186 -0.944168806
vn -0.0822880268 0.255755186 -0.940566778
vn -0.0800587609 0.337892205 -0.915085852
vn -0.0800587609 0.337892205 -0.915085852
vn -0.0822880268 0.255755186 -0.940566778
vn -0.163952291 0.255755216 -0.929815471
vn -0.159510657 0.337892264 -0.904625714
vn -0.159510657 0.337892264 -0.904625714
vn -0.163952291 0.255755216 -0.929815471
vn -0.244368657 0.255755246 -0.911997139
vn -0.237748474 0.337892294 -0.887290061
vn -0.237748474 0.337892294 -0.887290061
vn -0.244368657 0.255755246 -0.911997139
vn -0.32292062 0.255755305 -0.887219906
vn -0.314172417 0.337892294 -0.863184273
vn -0.314172417 0.337892294 -0.863184273
vn -0.32292062 0.255755305 -0.887219906
vn -0.399019629 0.255755305 -0.855698645
vn -0.38820979 0.337892324 -0.832516968
vn -0.38820979 0.337892324 -0.832516968
vn -0.399019629 0.255755305 -0.855698645
vn -0.472084343 0.255755335 -0.81767422
vn -0.459295034 0.337892354 -0.795522451
vn -0.459295034 0.337892354 -0.795522451
vn -0.472084343 0.255755335 -0.81767422
vn -0.541546822 0.255755335 -0.773410738
vn -0.526875734 0.337892294 -0.752458274
vn -0.526875734 0.337892294 -0.752458274
vn -0.541546822 0.255755335 -0.773410738
vn -0.606894493 0.255755305 -0.723267734
vn -0.590453148 0.337892294 -0.70367372
vn -0.590453148 0.337892294 -0.70367372
vn -0.606894493 0.255755305 -0.723267734
vn -0.66762805 0.255755305 -0.667628288
vn -0.649541318 0.337892294 -0.649541616
vn -0.649541318 0.337892294 -0.649541616
vn -0.66762805 0.255755305 -0.667628288
vn -0.723267436 0.255755275 -0.606894732
vn -0.703673303 0.337892294 -0.590453327
vn -0.703673303 0.337892294 -0.590453327
vn -0.723267436 0.255755275 -0.606894732
vn -0.773410439 0.255755305 -0.541547179
vn -0.752457976 0.337892294 -0.526876032
vn -0.752457976 0.337892294 -0.526876032
vn -0.773410439 0.255755305 -0.541547179
vn -0.817673922 0.255755305 -0.472084761
vn -0.795522332 0.337892324 -0.459295481
vn -0.795522332 0.337892324 -0.459295481
vn -0.817673922 0.255755305 -0.472084761
vn -0.855698526 0.255755335 -0.399020046
vn -0.832516789 0.337892324 -0.388210177
vn -0.832516789 0.337892324 -0.388210177
vn -0.855698526 0.255755335 -0.399020046
vn -0.887219787 0.255755365 -0.322921067
vn -0.863184094 0.337892383 -0.314172804
vn -0.863184094 0.337892383 -0.314172804
vn -0.887219787 0.255755365 -0.322921067
vn -0.911996961 0.255755365 -0.244369119
vn -0.887289941 0.337892383 -0.237748891
vn -0.887289941 0.337892383 -0.237748891
vn -0.911996961 0.255755365 -0.244369119
vn -0.929815292 0.255755335 -0.163952753
vn -0.904625595 0.337892324 -0.159511134
vn -0.904625595 0.337892324 -0.159511134
vn -0.929815292 0.255755335 -0.163952753
vn -0.940566778 0.255755275 -0.0822885409
vn -0.915085793 0.337892354 -0.0800592825
vn -0.915085793 0.337892354 -0.0800592825
vn -0.940566778 0.255755275 -0.0822885409
vn -0.944168687 0.255755216 -4.08384949e-07
vn -0.918590248 0.337892294 -4.27709892e-07
vn -0.918590248 0.337892294 -4.27709892e-07
vn -0.944168687 0.255755216 -4.08384949e-07
vn -0.940566778 0.255755186 0.0822877511
vn -0.915085733 0.337892264 0.0800584778
vn -0.915085733 0.337892264 0.0800584778
vn -0.940566778 0.255755186 0.0822877511
vn -0.929815412 0.255755216 0.163952067
vn -0.904625714 0.337892234 0.159510419
vn -0.904625714 0.337892234 0.159510419
vn -0.929815412 0.255755216 0.163952067
vn -0.91199708 0.255755246 0.244368628
vn -0.887290061 0.337892294 0.237748414
vn -0.887290061 0.337892294 0.237748414
vn -0.91199708 0.255755246 0.244368628
vn -0.887220144 0.255755305 0.322920591
vn -0.863184392 0.337892324 0.314172387
vn -0.863184392 0.337892324 0.314172387
vn -0.887220144 0.255755305 0.322920591
vn -0.855699003 0.255755305 0.399019212
vn -0.832517147 0.337892324 0.388209373
vn -0.832517147 0.337892324 0.388209373
vn -0.855699003 0.255755305 0.399019212
vn -0.817674458 0.255755365 0.472083837
vn -0.795522869 0.337892383 0.459294617
vn -0.795522869 0.337892383 0.459294617
vn -0.817674458 0.255755365 0.472083837
vn -0.773410976 0.255755365 0.541546404
vn -0.752458394 0.337892354 0.526875377
vn -0.752458394 0.337892354 0.526875377
vn -0.773410976 0.255755365 0.541546404
vn -0.723268032 0.255755335 0.606894135
vn -0.703673899 0.337892354 0.59045285
vn -0.703673899 0.337892354 0.59045285
vn -0.723268032 0.255755335 0.606894135
vn -0.667628527 0.255755335 0.667627752
vn -0.649541736 0.337892324 0.649540961
vn -0.649541736 0.337892324 0.649540961
vn -0.667628527 0.255755335 0.667627752
vn -0.606894791 0.255755305 0.723267198
vn -0.590453446 0.337892354 0.703673184
vn -0.590453446 0.337892354 0.703673184
vn -0.606894791 0.255755305 0.723267198
vn -0.54154712 0.255755305 0.77341038
vn -0.526876092 0.337892354 0.752457857
vn -0.526876092 0.337892354 0.752457857
vn -0.54154712 0.255755305 0.77341038
vn -0.472084522 0.255755305 0.8176741
vn -0.459295332 0.337892354 0.795522332
vn -0.459295332 0.337892354 0.795522332
vn -0.472084522 0.255755305 0.8176741
vn -0.399019957 0.255755305 0.855698764
vn -0.388210118 0.337892324 0.832516849
vn -0.388210118 0.337892324 0.832516849
vn -0.399019957 0.255755305 0.855698764
vn -0.322921306 0.255755246 0.887219787
vn -0.314173043 0.337892264 0.863184094
vn -0.314173043 0.337892264 0.863184094
vn -0.322921306 0.255755246 0.887219787
vn -0.244369388 0.255755246 0.911996901
vn -0.237749159 0.337892264 0.887290001
vn -0.237749159 0.337892264 0.887290001
vn -0.244369388 0.255755246 0.911996901
vn -0.163952872 0.255755246 0.929815292
vn -0.159511223 0.337892234 0.904625595
vn -0.159511223 0.337892234 0.904625595
vn -0.163952872 0.255755246 0.929815292
vn -0.0822885856 0.255755275 0.940566778
vn -0.0800593048 0.337892294 0.915085852
vn -0.0800593048 0.337892294 0.915085852
vn -0.0822885856 0.255755275 0.940566778
vn -4.13507223e-07 0.255755275 0.944168806
vn -3.9790757e-07 0.337892324 0.918590248
vn -3.9790757e-07 0.337892324 0.918590248
vn -4.13507223e-07 0.255755275 0.944168806
vn 0.0822877735 0.255755275 0.940566778
vn 0.0800585076 0.337892294 0.915085793
vn 0.0800585076 0.337892294 0.915085793
vn 0.0822877735 0.255755275 0.940566778
vn 0.163952067 0.255755246 0.929815531
vn 0.159510434 0.337892294 0.904625714
vn 0.159510434 0.337892294 0.904625714
vn 0.163952067 0.255755246 0.929815531
vn 0.244368613 0.255755246 0.911997199
vn 0.237748384 0.337892264 0.88729018
vn 0.237748384 0.337892264 0.88729018
vn 0.244368613 0.255755246 0.911997199
vn 0.322920531 0.255755305 0.887220323
vn 0.314172298 0.337892324 0.863184333
vn 0.314172298 0.337892324 0.863184333
vn 0.322920531 0.255755305 0.887220323
vn 0.399019122 0.255755305 0.855699062
vn 0.388209283 0.337892294 0.832517266
vn 0.388209283 0.337892294 0.832517266
vn 0.399019122 0.255755305 0.855699062
vn 0.472083747 0.255755365 0.817674637
vn 0.459294498 0.337892354 0.795522869
vn 0.459294498 0.337892354 0.795522869
vn 0.472083747 0.255755365 0.817674637
vn 0.541546345 0.255755365 0.773410916
vn 0.526875377 0.337892354 0.752458453
vn 0.526875377 0.337892354 0.752458453
vn 0.541546345 0.255755365 0.773410916
vn 0.606894135 0.255755365 0.723268032
vn 0.59045285 0.337892413 0.703673899
vn 0.59045285 0.337892413 0.703673899
vn 0.606894135 0.255755365 0.723268032
vn 0.667627811 0.255755365 0.667628467
vn 0.64954108 0.337892413 0.649541676
vn 0.64954108 0.337892413 0.649541676
vn 0.667627811 0.255755365 0.667628467
vn 0.723267257 0.255755365 0.606894851
vn 0.703673184 0.337892383 0.590453506
vn 0.703673184 0.337892383 0.590453506
vn 0.723267257 0.255755365 0.606894851
vn 0.77341038 0.255755365 0.541547298
vn 0.752457857 0.337892354 0.526876211
vn 0.752457857 0.337892354 0.526876211
vn 0.77341038 0.255755365 0.541547298
vn 0.817673981 0.255755365 0.47208482
vn 0.795522273 0.337892383 0.459295541
vn 0.795522273 0.337892383 0.459295541
vn 0.817673981 0.255755365 0.47208482
vn 0.855698645 0.255755365 0.399020255
vn 0.832516789 0.337892383 0.388210475
vn 0.832516789 0.337892383 0.388210475
vn 0.855698645 0.255755365 0.399020255
vn 0.887219727 0.255755305 0.322921664
vn 0.863183975 0.337892294 0.3141734
vn 0.863183975 0.337892294 0.3141734
vn 0.887219727 0.255755305 0.322921664
vn 0.911996722 0.255755275 0.244369641
vn 0.887289762 0.337892294 0.237749457
vn 0.887289762 0.337892294 0.237749457
vn 0.911996722 0.255755275 0.244369641
vn 0.929815233 0.255755186 0.163952962
vn 0.904625595 0.337892234 0.159511283
vn 0.904625595 0.337892234 0.159511283
vn 0.929815233 0.255755186 0.163952962
vn 0.940566778 0.255755186 0.0822884217
vn 0.915085793 0.337892234 0.0800591409
vn 0.915085793 0.337892234 0.0800591409
vn 0.940566778 0.255755186 0.0822884217
vn 0.944168806 0.255755186 6.70552254e-08
vn 0.918590248 0.337892205 4.3772161e-08
vn 0.944168806 0.255755186 6.70552254e-08
vn 0.962577283 0.171619251 7.31961336e-08
vn 0.958904982 0.171619251 -0.0838925093
vn 0.940566778 0.255755246 -0.0822881535
vn 0.940566778 0.255755246 -0.0822881535
vn 0.958904982 0.171619251 -0.0838925093
vn 0.947944045 0.171619296 -0.167148992
vn 0.929815412 0.255755246 -0.16395244
vn 0.929815412 0.255755246 -0.16395244
vn 0.947944045 0.171619296 -0.167148992
vn 0.929778337 0.171619296 -0.249133363
vn 0.911997139 0.255755275 -0.244368911
vn 0.911997139 0.255755275 -0.244368911
vn 0.929778337 0.171619296 -0.249133363
vn 0.904518008 0.171619266 -0.329216808
vn 0.887219906 0.255755246 -0.322920859
vn 0.887219906 0.255755246 -0.322920859
vn 0.904518008 0.171619266 -0.329216808
vn 0.872382283 0.171619266 -0.406799525
vn 0.855698645 0.255755186 -0.399019808
vn 0.855698645 0.255755186 -0.399019808
vn 0.872382283 0.171619266 -0.406799525
vn 0.833616376 0.171619281 -0.481288671
vn 0.81767416 0.255755246 -0.472084463
vn 0.81767416 0.255755246 -0.472084463
vn 0.833616376 0.171619281 -0.481288671
vn 0.788489759 0.171619296 -0.552105546
vn 0.773410559 0.255755246 -0.541547
vn 0.773410559 0.255755246 -0.541547
vn 0.788489759 0.171619296 -0.552105546
vn 0.73736912 0.171619356 -0.618727326
vn 0.723267555 0.255755335 -0.606894612
vn 0.723267555 0.255755335 -0.606894612
vn 0.73736912 0.171619356 -0.618727326
vn 0.68064481 0.171619415 -0.68064487
vn 0.667628169 0.255755395 -0.667628169
vn 0.667628169 0.255755395 -0.667628169
vn 0.68064481 0.171619415 -0.68064487
vn 0.618727207 0.171619415 -0.73736912
vn 0.606894553 0.255755395 -0.723267555
vn 0.606894553 0.255755395 -0.723267555
vn 0.618727207 0.171619415 -0.73736912
vn 0.552105486 0.171619385 -0.788489759
vn 0.541546941 0.255755365 -0.773410499
vn 0.541546941 0.255755365 -0.773410499
vn 0.552105486 0.171619385 -0.788489759
vn 0.481288522 0.171619371 -0.833616316
vn 0.472084343 0.255755365 -0.8176741
vn 0.472084343 0.255755365 -0.8176741
vn 0.481288522 0.171619371 -0.833616316
vn 0.406799406 0.171619356 -0.872382343
vn 0.399019718 0.255755335 -0.855698586
vn 0.399019718 0.255755335 -0.855698586
vn 0.406799406 0.171619356 -0.872382343
vn 0.329216599 0.171619356 -0.904518127
vn 0.32292068 0.255755305 -0.887219965
vn 0.32292068 0.255755305 -0.887219965
vn 0.329216599 0.171619356 -0.904518127
vn 0.249133214 0.171619326 -0.929778278
vn 0.244368806 0.255755305 -0.91199702
vn 0.244368806 0.255755305 -0.91199702
vn 0.249133214 0.171619326 -0.929778278
vn 0.167148843 0.171619281 -0.947943985
vn 0.163952276 0.255755246 -0.929815412
vn 0.163952276 0.255755246 -0.929815412
vn 0.167148843 0.171619281 -0.947943985
vn 0.0838925093 0.171619266 -0.958905101
vn 0.0822881609 0.255755216 -0.940566778
vn 0.0822881609 0.255755216 -0.940566778
vn 0.0838925093 0.171619266 -0.958905101
vn 7.30506144e-08 0.171619251 -0.962577403
vn 7.68341124e-08 0.255755186 -0.944168806
vn 7.68341124e-08 0.255755186 -0.944168806
vn 7.30506144e-08 0.171619251 -0.962577403
vn -0.0838923752 0.171619222 -0.958905041
vn -0.0822880268 0.255755186 -0.940566778
vn -0.0822880268 0.255755186 -0.940566778
vn -0.0838923752 0.171619222 -0.958905041
vn -0.167148843 0.171619251 -0.947943985
vn -0.163952291 0.255755216 -0.929815471
vn -0.163952291 0.255755216 -0.929815471
vn -0.167148843 0.171619251 -0.947943985
vn -0.249133065 0.171619311 -0.929778278
vn -0.244368657 0.255755246 -0.911997139
vn -0.244368657 0.255755246 -0.911997139
vn -0.249133065 0.171619311 -0.929778278
vn -0.32921657 0.171619326 -0.904518127
vn -0.32292062 0.255755305 -0.887219906
vn -0.32292062 0.255755305 -0.887219906
vn -0.32921657 0.171619326 -0.904518127
vn -0.406799287 0.171619356 -0.872382283
vn -0.399019629 0.255755305 -0.855698645
vn -0.399019629 0.255755305 -0.855698645
vn -0.406799287 0.171619356 -0.872382283
vn -0.481288522 0.171619356 -0.833616316
vn -0.472084343 0.255755335 -0.81767422
vn -0.472084343 0.255755335 -0.81767422
vn -0.481288522 0.171619356 -0.833616316
vn -0.552105367 0.171619356 -0.788489938
vn -0.541546822 0.255755335 -0.773410738
vn -0.541546822 0.255755335 -0.773410738
vn -0.552105367 0.171619356 -0.788489938
vn -0.618727148 0.171619356 -0.737369299
vn -0.606894493 0.255755305 -0.723267734
vn -0.606894493 0.255755305 -0.723267734
vn -0.618727148 0.171619356 -0.737369299
vn -0.680644751 0.171619341 -0.680644989
vn -0.66762805 0.255755305 -0.667628288
vn -0.66762805 0.255755305 -0.667628288
vn -0.680644751 0.171619341 -0.680644989
vn -0.737368941 0.171619311 -0.618727386
vn -0.723267436 0.255755275 -0.606894732
vn -0.723267436 0.255755275 -0.606894732
vn -0.737368941 0.171619311 -0.618727386
vn -0.78848964 0.171619311 -0.552105725
vn -0.773410439 0.255755305 -0.541547179
vn -0.773410439 0.255755305 -0.541547179
vn -0.78848964 0.171619311 -0.552105725
vn -0.833616078 0.171619326 -0.48128894
vn -0.817673922 0.255755305 -0.472084761
vn -0.817673922 0.255755305 -0.472084761
vn -0.833616078 0.171619326 -0.48128894
vn -0.872382164 0.171619356 -0.406799763
vn -0.855698526 0.255755335 -0.399020046
vn -0.855698526 0.255755335 -0.399020046
vn -0.872382164 0.171619356 -0.406799763
vn -0.904517889 0.171619385 -0.329216987
vn -0.887219787 0.255755365 -0.322921067
vn -0.887219787 0.255755365 -0.322921067
vn -0.904517889 0.171619385 -0.329216987
vn -0.929778159 0.171619385 -0.249133512
vn -0.911996961 0.255755365 -0.244369119
vn -0.911996961 0.255755365 -0.244369119
vn -0.929778159 0.171619385 -0.249133512
vn -0.947943866 0.171619341 -0.16714929
vn -0.929815292 0.255755335 -0.163952753
vn -0.929815292 0.255755335 -0.163952753
vn -0.947943866 0.171619341 -0.16714929
vn -0.958905041 0.171619296 -0.0838928744
vn -0.940566778 0.255755275 -0.0822885409
vn -0.940566778 0.255755275 -0.0822885409
vn -0.958905041 0.171619296 -0.0838928744
vn -0.962577343 0.171619281 -3.86295142e-07
vn -0.944168687 0.255755216 -4.08384949e-07
vn -0.944168687 0.255755216 -4.08384949e-07
vn -0.962577343 0.171619281 -3.86295142e-07
vn -0.958905041 0.171619236 0.0838921219
vn -0.940566778 0.255755186 0.0822877511
vn -0.940566778 0.255755186 0.0822877511
vn -0.958905041 0.171619236 0.0838921219
vn -0.947944045 0.171619236 0.16714862
vn -0.929815412 0.255755216 0.163952067
vn -0.929815412 0.255755216 0.163952067
vn -0.947944045 0.171619236 0.16714862
vn -0.929778337 0.171619296 0.249133036
vn -0.91199708 0.255755246 0.244368628
vn -0.91199708 0.255755246 0.244368628
vn -0.929778337 0.171619296 0.249133036
vn -0.904518306 0.171619311 0.32921651
vn -0.887220144 0.255755305 0.322920591
vn -0.887220144 0.255755305 0.322920591
vn -0.904518306 0.171619311 0.32921651
vn -0.872382581 0.171619341 0.406798899
vn -0.855699003 0.255755305 0.399019212
vn -0.855699003 0.255755305 0.399019212
vn -0.872382581 0.171619341 0.406798899
vn -0.833616674 0.171619371 0.481288046
vn -0.817674458 0.255755365 0.472083837
vn -0.817674458 0.255755365 0.472083837
vn -0.833616674 0.171619371 0.481288046
vn -0.788490117 0.171619356 0.55210501
vn -0.773410976 0.255755365 0.541546404
vn -0.773410976 0.255755365 0.541546404
vn -0.788490117 0.171619356 0.55210501
vn -0.737369537 0.171619371 0.61872685
vn -0.723268032 0.255755335 0.606894135
vn -0.723268032 0.255755335 0.606894135
vn -0.737369537 0.171619371 0.61872685
vn -0.680645168 0.171619341 0.680644453
vn -0.667628527 0.255755335 0.667627752
vn -0.667628527 0.255755335 0.667627752
vn -0.680645168 0.171619341 0.680644453
vn -0.618727505 0.171619326 0.737368762
vn -0.606894791 0.255755305 0.723267198
vn -0.606894791 0.255755305 0.723267198
vn -0.618727505 0.171619326 0.737368762
vn -0.552105725 0.171619341 0.78848958
vn -0.54154712 0.255755305 0.77341038
vn -0.54154712 0.255755305 0.77341038
vn -0.552105725 0.171619341 0.78848958
vn -0.481288731 0.171619326 0.833616257
vn -0.472084522 0.255755305 0.8176741
vn -0.472084522 0.255755305 0.8176741
vn -0.481288731 0.171619326 0.833616257
vn -0.406799585 0.171619311 0.872382402
vn -0.399019957 0.255755305 0.855698764
vn -0.399019957 0.255755305 0.855698764
vn -0.406799585 0.171619311 0.872382402
vn -0.329217255 0.171619281 0.904517949
vn -0.322921306 0.255755246 0.887219787
vn -0.322921306 0.255755246 0.887219787
vn -0.329217255 0.171619281 0.904517949
vn -0.24913381 0.171619311 0.929778159
vn -0.244369388 0.255755246 0.911996901
vn -0.244369388 0.255755246 0.911996901
vn -0.24913381 0.171619311 0.929778159
vn -0.167149439 0.171619266 0.947943866
vn -0.163952872 0.255755246 0.929815292
vn -0.163952872 0.255755246 0.929815292
vn -0.167149439 0.171619266 0.947943866
vn -0.0838929713 0.171619296 0.958905101
vn -0.0822885856 0.255755275 0.940566778
vn -0.0822885856 0.255755275 0.940566778
vn -0.0838929713 0.171619296 0.958905101
vn -4.25381586e-07 0.171619296 0.962577283
vn -4.13507223e-07 0.255755275 0.944168806
vn -4.13507223e-07 0.255755275 0.944168806
vn -4.25381586e-07 0.171619296 0.962577283
vn 0.083892107 0.171619281 0.958905041
vn 0.0822877735 0.255755275 0.940566778
vn 0.0822877735 0.255755275 0.940566778
vn 0.083892107 0.171619281 0.958905041
vn 0.16714862 0.171619281 0.947943985
vn 0.163952067 0.255755246 0.929815531
vn 0.163952067 0.255755246 0.929815531
vn 0.16714862 0.171619281 0.947943985
vn 0.249133006 0.171619311 0.929778278
vn 0.244368613 0.255755246 0.911997199
vn 0.244368613 0.255755246 0.911997199
vn 0.249133006 0.171619311 0.929778278
vn 0.32921645 0.171619326 0.904518425
vn 0.322920531 0.255755305 0.887220323
vn 0.322920531 0.255755305 0.887220323
vn 0.32921645 0.171619326 0.904518425
vn 0.40679878 0.171619341 0.8723827
vn 0.399019122 0.255755305 0.855699062
vn 0.399019122 0.255755305 0.855699062
vn 0.40679878 0.171619341 0.8723827
vn 0.481287956 0.171619371 0.833616793
vn 0.472083747 0.255755365 0.817674637
vn 0.472083747 0.255755365 0.817674637
vn 0.481287956 0.171619371 0.833616793
vn 0.55210495 0.171619356 0.788490236
vn 0.541546345 0.255755365 0.773410916
vn 0.541546345 0.255755365 0.773410916
vn 0.55210495 0.171619356 0.788490236
vn 0.61872685 0.171619385 0.737369537
vn 0.606894135 0.255755365 0.723268032
vn 0.606894135 0.255755365 0.723268032
vn 0.61872685 0.171619385 0.737369537
vn 0.680644453 0.171619385 0.680645227
vn 0.667627811 0.255755365 0.667628467
vn 0.667627811 0.255755365 0.667628467
vn 0.680644453 0.171619385 0.680645227
vn 0.737368822 0.171619371 0.618727624
vn 0.723267257 0.255755365 0.606894851
vn 0.723267257 0.255755365 0.606894851
vn 0.737368822 0.171619371 0.618727624
vn 0.78848958 0.1716194 0.552105904
vn 0.77341038 0.255755365 0.541547298
vn 0.77341038 0.255755365 0.541547298
vn 0.78848958 0.1716194 0.552105904
vn 0.833616138 0.1716194 0.481289089
vn 0.817673981 0.255755365 0.47208482
vn 0.817673981 0.255755365 0.47208482
vn 0.833616138 0.1716194 0.481289089
vn 0.872382164 0.171619385 0.406799972
vn 0.855698645 0.255755365 0.399020255
vn 0.855698645 0.255755365 0.399020255
vn 0.872382164 0.171619385 0.406799972
vn 0.904517829 0.171619326 0.329217583
vn 0.887219727 0.255755305 0.322921664
vn 0.887219727 0.255755305 0.322921664
vn 0.904517829 0.171619326 0.329217583
vn 0.92977798 0.171619311 0.249134019
vn 0.911996722 0.255755275 0.244369641
vn 0.911996722 0.255755275 0.244369641
vn 0.92977798 0.171619311 0.249134019
vn 0.947943807 0.171619236 0.167149469
vn 0.929815233 0.255755186 0.163952962
vn 0.929815233 0.255755186 0.163952962
vn 0.947943807 0.171619236 0.167149469
vn 0.958905041 0.171619236 0.0838927776
vn 0.940566778 0.255755186 0.0822884217
vn 0.940566778 0.255755186 0.0822884217
vn 0.958905041 0.171619236 0.0838927776
vn 0.962577283 0.171619251 7.31961336e-08
vn 0.944168806 0.255755186 6.70552254e-08
vn 0.962577283 0.171619251 7.31961336e-08
vn 0.973691642 0.0861444175 7.14790076e-08
vn 0.969977021 0.0861444324 -0.0848611593
vn 0.958904982 0.171619251 -0.0838925093
vn 0.958904982 0.171619251 -0.0838925093
vn 0.969977021 0.0861444324 -0.0848611593
vn 0.958889604 0.0861444548 -0.169078961
vn 0.947944045 0.171619296 -0.167148992
vn 0.947944045 0.171619296 -0.167148992
vn 0.958889604 0.0861444548 -0.169078961
vn 0.940513968 0.0861444473 -0.252009958
vn 0.929778337 0.171619296 -0.249133363
vn 0.929778337 0.171619296 -0.249133363
vn 0.940513968 0.0861444473 -0.252009958
vn 0.914962053 0.0861444473 -0.333018094
vn 0.904518008 0.171619266 -0.329216808
vn 0.904518008 0.171619266 -0.329216808
vn 0.914962053 0.0861444473 -0.333018094
vn 0.882455289 0.086144425 -0.41149658
vn 0.872382283 0.171619266 -0.406799525
vn 0.872382283 0.171619266 -0.406799525
vn 0.882455289 0.086144425 -0.41149658
vn 0.843241692 0.0861444473 -0.486845821
vn 0.833616376 0.171619281 -0.481288671
vn 0.833616376 0.171619281 -0.481288671
vn 0.843241692 0.0861444473 -0.486845821
vn 0.79759419 0.0861444697 -0.558480442
vn 0.788489759 0.171619296 -0.552105546
vn 0.788489759 0.171619296 -0.552105546
vn 0.79759419 0.0861444697 -0.558480442
vn 0.745883167 0.0861444995 -0.62587148
vn 0.73736912 0.171619356 -0.618727326
vn 0.73736912 0.171619356 -0.618727326
vn 0.745883167 0.0861444995 -0.62587148
vn 0.688503921 0.0861445144 -0.688503921
vn 0.68064481 0.171619415 -0.68064487
vn 0.68064481 0.171619415 -0.68064487
vn 0.688503921 0.0861445144 -0.688503921
vn 0.62587136 0.0861445293 -0.745883107
vn 0.618727207 0.171619415 -0.73736912
vn 0.618727207 0.171619415 -0.73736912
vn 0.62587136 0.0861445293 -0.745883107
vn 0.558480382 0.0861445218 -0.79759413
vn 0.552105486 0.171619385 -0.788489759
vn 0.552105486 0.171619385 -0.788489759
vn 0.558480382 0.0861445218 -0.79759413
vn 0.486845732 0.086144492 -0.843241692
vn 0.481288522 0.171619371 -0.833616316
vn 0.481288522 0.171619371 -0.833616316
vn 0.486845732 0.086144492 -0.843241692
vn 0.411496431 0.0861444846 -0.882455349
vn 0.406799406 0.171619356 -0.872382343
vn 0.406799406 0.171619356 -0.872382343
vn 0.411496431 0.0861444846 -0.882455349
vn 0.333017915 0.0861444846 -0.914962113
vn 0.329216599 0.171619356 -0.904518127
vn 0.329216599 0.171619356 -0.904518127
vn 0.333017915 0.0861444846 -0.914962113
vn 0.252009809 0.0861444771 -0.940514028
vn 0.249133214 0.171619326 -0.929778278
vn 0.249133214 0.171619326 -0.929778278
vn 0.252009809 0.0861444771 -0.940514028
vn 0.169078767 0.0861444548 -0.958889604
vn 0.167148843 0.171619281 -0.947943985
vn 0.167148843 0.171619281 -0.947943985
vn 0.169078767 0.0861444548 -0.958889604
vn 0.0848611519 0.0861444473 -0.969977081
vn 0.0838925093 0.171619266 -0.958905101
vn 0.0838925093 0.171619266 -0.958905101
vn 0.0848611519 0.0861444473 -0.969977081
vn 7.21774995e-08 0.0861444175 -0.973691702
vn 7.30506144e-08 0.171619251 -0.962577403
vn 7.30506144e-08 0.171619251 -0.962577403
vn 7.21774995e-08 0.0861444175 -0.973691702
vn -0.0848610252 0.0861444101 -0.969977081
vn -0.0838923752 0.171619222 -0.958905041
vn -0.0838923752 0.171619222 -0.958905041
vn -0.0848610252 0.0861444101 -0.969977081
vn -0.169078782 0.0861444399 -0.958889604
vn -0.167148843 0.171619251 -0.947943985
vn -0.167148843 0.171619251 -0.947943985
vn -0.169078782 0.0861444399 -0.958889604
vn -0.25200963 0.0861444548 -0.940514028
vn -0.249133065 0.171619311 -0.929778278
vn -0.249133065 0.171619311 -0.929778278
vn -0.25200963 0.0861444548 -0.940514028
vn -0.333017856 0.0861444771 -0.914962053
vn -0.32921657 0.171619326 -0.904518127
vn -0.32921657 0.171619326 -0.904518127
vn -0.333017856 0.0861444771 -0.914962053
vn -0.411496401 0.0861444771 -0.882455289
vn -0.406799287 0.171619356 -0.872382283
vn -0.406799287 0.171619356 -0.872382283
vn -0.411496401 0.0861444771 -0.882455289
vn -0.486845762 0.0861444771 -0.843241811
vn -0.481288522 0.171619356 -0.833616316
vn -0.481288522 0.171619356 -0.833616316
vn -0.486845762 0.0861444771 -0.843241811
vn -0.558480263 0.086144492 -0.79759419
vn -0.552105367 0.171619356 -0.788489938
vn -0.552105367 0.171619356 -0.788489938
vn -0.558480263 0.086144492 -0.79759419
vn -0.625871301 0.0861444846 -0.745883286
vn -0.618727148 0.171619356 -0.737369299
vn -0.618727148 0.171619356 -0.737369299
vn -0.625871301 0.0861444846 -0.745883286
vn -0.688503861 0.0861444771 -0.6885041
vn -0.680644751 0.171619341 -0.680644989
vn -0.680644751 0.171619341 -0.680644989
vn -0.688503861 0.0861444771 -0.6885041
vn -0.745883048 0.0861444697 -0.625871539
vn -0.737368941 0.171619311 -0.618727386
vn -0.737368941 0.171619311 -0.618727386
vn -0.745883048 0.0861444697 -0.625871539
vn -0.79759407 0.0861444697 -0.55848062
vn -0.78848964 0.171619311 -0.552105725
vn -0.78848964 0.171619311 -0.552105725
vn -0.79759407 0.0861444697 -0.55848062
vn -0.843241453 0.0861444771 -0.486846149
vn -0.833616078 0.171619326 -0.48128894
vn -0.833616078 0.171619326 -0.48128894
vn -0.843241453 0.0861444771 -0.486846149
vn -0.88245517 0.086144492 -0.411496818
vn -0.872382164 0.171619356 -0.406799763
vn -0.872382164 0.171619356 -0.406799763
vn -0.88245517 0.086144492 -0.411496818
vn -0.914961934 0.0861445069 -0.333018273
vn -0.904517889 0.171619385 -0.329216987
vn -0.904517889 0.171619385 -0.329216987
vn -0.914961934 0.0861445069 -0.333018273
vn -0.940513849 0.0861444995 -0.252010107
vn -0.929778159 0.171619385 -0.249133512
vn -0.929778159 0.171619385 -0.249133512
vn -0.940513849 0.0861444995 -0.252010107
vn -0.958889425 0.0861444846 -0.169079289
vn -0.947943866 0.171619341 -0.16714929
vn -0.947943866 0.171619341 -0.16714929
vn -0.958889425 0.0861444846 -0.169079289
vn -0.969977021 0.0861444771 -0.0848615095
vn -0.958905041 0.171619296 -0.0838928744
vn -0.958905041 0.171619296 -0.0838928744
vn -0.969977021 0.0861444771 -0.0848615095
vn -0.973691702 0.0861444324 -3.63448635e-07
vn -0.962577343 0.171619281 -3.86295142e-07
vn -0.962577343 0.171619281 -3.86295142e-07
vn -0.973691702 0.0861444324 -3.63448635e-07
vn -0.969977021 0.086144425 0.0848607868
vn -0.958905041 0.171619236 0.0838921219
vn -0.958905041 0.171619236 0.0838921219
vn -0.969977021 0.086144425 0.0848607868
vn -0.958889604 0.0861444175 0.169078559
vn -0.947944045 0.171619236 0.16714862
vn -0.947944045 0.171619236 0.16714862
vn -0.958889604 0.0861444175 0.169078559
vn -0.940514028 0.0861444473 0.25200963
vn -0.929778337 0.171619296 0.249133036
vn -0.929778337 0.171619296 0.249133036
vn -0.940514028 0.0861444473 0.25200963
vn -0.914962292 0.0861444697 0.333017796
vn -0.904518306 0.171619311 0.32921651
vn -0.904518306 0.171619311 0.32921651
vn -0.914962292 0.0861444697 0.333017796
vn -0.882455587 0.0861444846 0.411495954
vn -0.872382581 0.171619341 0.406798899
vn -0.872382581 0.171619341 0.406798899
vn -0.882455587 0.0861444846 0.411495954
vn -0.84324199 0.0861444995 0.486845255
vn -0.833616674 0.171619371 0.481288046
vn -0.833616674 0.171619371 0.481288046
vn -0.84324199 0.0861444995 0.486845255
vn -0.797594488 0.0861444995 0.558479905
vn -0.788490117 0.171619356 0.55210501
vn -0.788490117 0.171619356 0.55210501
vn -0.797594488 0.0861444995 0.558479905
vn -0.745883584 0.0861444995 0.625871003
vn -0.737369537 0.171619371 0.61872685
vn -0.737369537 0.171619371 0.61872685
vn -0.745883584 0.0861444995 0.625871003
vn -0.688504219 0.0861444846 0.688503563
vn -0.680645168 0.171619341 0.680644453
vn -0.680645168 0.171619341 0.680644453
vn -0.688504219 0.0861444846 0.688503563
vn -0.625871718 0.0861444771 0.745882869
vn -0.618727505 0.171619326 0.737368762
vn -0.618727505 0.171619326 0.737368762
vn -0.625871718 0.0861444771 0.745882869
vn -0.55848062 0.0861444771 0.797593951
vn -0.552105725 0.171619341 0.78848958
vn -0.552105725 0.171619341 0.78848958
vn -0.55848062 0.0861444771 0.797593951
vn -0.48684594 0.0861444771 0.843241572
vn -0.481288731 0.171619326 0.833616257
vn -0.481288731 0.171619326 0.833616257
vn -0.48684594 0.0861444771 0.843241572
vn -0.411496729 0.0861444697 0.88245517
vn -0.406799585 0.171619311 0.872382402
vn -0.406799585 0.171619311 0.872382402
vn -0.411496729 0.0861444697 0.88245517
vn -0.333018571 0.0861444548 0.914961994
vn -0.329217255 0.171619281 0.904517949
vn -0.329217255 0.171619281 0.904517949
vn -0.333018571 0.0861444548 0.914961994
vn -0.252010435 0.0861444473 0.940513909
vn -0.24913381 0.171619311 0.929778159
vn -0.24913381 0.171619311 0.929778159
vn -0.252010435 0.0861444473 0.940513909
vn -0.169079423 0.0861444473 0.958889484
vn -0.167149439 0.171619266 0.947943866
vn -0.167149439 0.171619266 0.947943866
vn -0.169079423 0.0861444473 0.958889484
vn -0.0848616213 0.0861444548 0.969977021
vn -0.0838929713 0.171619296 0.958905101
vn -0.0838929713 0.171619296 0.958905101
vn -0.0848616213 0.0861444548 0.969977021
vn -4.30271029e-07 0.0861444473 0.973691702
vn -4.25381586e-07 0.171619296 0.962577283
vn -4.25381586e-07 0.171619296 0.962577283
vn -4.30271029e-07 0.0861444473 0.973691702
vn 0.084860757 0.0861444399 0.969976962
vn 0.083892107 0.171619281 0.958905041
vn 0.083892107 0.171619281 0.958905041
vn 0.084860757 0.0861444399 0.969976962
vn 0.169078559 0.0861444399 0.958889544
vn 0.16714862 0.171619281 0.947943985
vn 0.16714862 0.171619281 0.947943985
vn 0.169078559 0.0861444399 0.958889544
vn 0.2520096 0.0861444473 0.940514028
vn 0.249133006 0.171619311 0.929778278
vn 0.249133006 0.171619311 0.929778278
vn 0.2520096 0.0861444473 0.940514028
vn 0.333017737 0.0861444622 0.914962351
vn 0.32921645 0.171619326 0.904518425
vn 0.32921645 0.171619326 0.904518425
vn 0.333017737 0.0861444622 0.914962351
vn 0.411495894 0.0861444771 0.882455587
vn 0.40679878 0.171619341 0.8723827
vn 0.40679878 0.171619341 0.8723827
vn 0.411495894 0.0861444771 0.882455587
vn 0.486845165 0.0861444995 0.843242109
vn 0.481287956 0.171619371 0.833616793
vn 0.481287956 0.171619371 0.833616793
vn 0.486845165 0.0861444995 0.843242109
vn 0.558479846 0.0861444995 0.797594547
vn 0.55210495 0.171619356 0.788490236
vn 0.55210495 0.171619356 0.788490236
vn 0.558479846 0.0861444995 0.797594547
vn 0.625871003 0.0861444995 0.745883703
vn 0.61872685 0.171619385 0.737369537
vn 0.61872685 0.171619385 0.737369537
vn 0.625871003 0.0861444995 0.745883703
vn 0.688503563 0.086144492 0.688504398
vn 0.680644453 0.171619385 0.680645227
vn 0.680644453 0.171619385 0.680645227
vn 0.688503563 0.086144492 0.688504398
vn 0.745882869 0.0861445069 0.625871897
vn 0.737368822 0.171619371 0.618727624
vn 0.737368822 0.171619371 0.618727624
vn 0.745882869 0.0861445069 0.625871897
vn 0.797593832 0.0861445069 0.558480918
vn 0.78848958 0.1716194 0.552105904
vn 0.78848958 0.1716194 0.552105904
vn 0.797593832 0.0861445069 0.558480918
vn 0.843241453 0.0861445144 0.486846298
vn 0.833616138 0.1716194 0.481289089
vn 0.833616138 0.1716194 0.481289089
vn 0.843241453 0.0861445144 0.486846298
vn 0.882455111 0.0861444995 0.411497086
vn 0.872382164 0.171619385 0.406799972
vn 0.872382164 0.171619385 0.406799972
vn 0.882455111 0.0861444995 0.411497086
vn 0.914961874 0.0861444846 0.333018839
vn 0.904517829 0.171619326 0.329217583
vn 0.904517829 0.171619326 0.329217583
vn 0.914961874 0.0861444846 0.333018839
vn 0.94051379 0.0861444473 0.252010614
vn 0.92977798 0.171619311 0.249134019
vn 0.92977798 0.171619311 0.249134019
vn 0.94051379 0.0861444473 0.252010614
vn 0.958889425 0.0861444324 0.169079408
vn 0.947943807 0.171619236 0.167149469
vn 0.947943807 0.171619236 0.167149469
vn 0.958889425 0.0861444324 0.169079408
vn 0.969976962 0.086144425 0.0848614201
vn 0.958905041 0.171619236 0.0838927776
vn 0.958905041 0.171619236 0.0838927776
vn 0.969976962 0.086144425 0.0848614201
vn 0.973691642 0.0861444175 7.14790076e-08
vn 0.962577283 0.171619251 7.31961336e-08
vn 0.973691642 0.0861444175 7.14790076e-08
vn 0.977417409 -2.79396772e-09 6.89178705e-08
vn 0.973688602 -1.60071068e-09 -0.0851858631
vn 0.969977021 0.0861444324 -0.0848611593
vn 0.969977021 0.0861444324 -0.0848611593
vn 0.973688602 -1.60071068e-09 -0.0851858631
vn 0.962558627 -3.49245965e-09 -0.169725895
vn 0.958889604 0.0861444548 -0.169078961
vn 0.958889604 0.0861444548 -0.169078961
vn 0.962558627 -3.49245965e-09 -0.169725895
vn 0.944112778 -2.32830644e-09 -0.252974242
vn 0.940513968 0.0861444473 -0.252009958
vn 0.940513968 0.0861444473 -0.252009958
vn 0.944112778 -2.32830644e-09 -0.252974242
vn 0.918463111 1.54250301e-09 -0.334292322
vn 0.914962053 0.0861444473 -0.333018094
vn 0.914962053 0.0861444473 -0.333018094
vn 0.918463111 1.54250301e-09 -0.334292322
vn 0.885832012 -1.16415322e-09 -0.413071126
vn 0.882455289 0.086144425 -0.41149658
vn 0.882455289 0.086144425 -0.41149658
vn 0.885832012 -1.16415322e-09 -0.413071126
vn 0.846468449 -2.32830644e-09 -0.488708705
vn 0.843241692 0.0861444473 -0.486845821
vn 0.843241692 0.0861444473 -0.486845821
vn 0.846468449 -2.32830644e-09 -0.488708705
vn 0.800646067 1.717126e-09 -0.560617387
vn 0.79759419 0.0861444697 -0.558480442
vn 0.79759419 0.0861444697 -0.558480442
vn 0.800646067 1.717126e-09 -0.560617387
vn 0.748737276 -2.56113708e-09 -0.628266156
vn 0.745883167 0.0861444995 -0.62587148
vn 0.745883167 0.0861444995 -0.62587148
vn 0.748737276 -2.56113708e-09 -0.628266156
vn 0.691138446 0 -0.691138446
vn 0.688503921 0.0861445144 -0.688503921
vn 0.688503921 0.0861445144 -0.688503921
vn 0.691138446 0 -0.691138446
vn 0.628266156 -2.27009878e-09 -0.748737276
vn 0.62587136 0.0861445293 -0.745883107
vn 0.62587136 0.0861445293 -0.745883107
vn 0.628266156 -2.27009878e-09 -0.748737276
vn 0.560617268 -1.62981451e-09 -0.800646007
vn 0.558480382 0.0861445218 -0.79759413
vn 0.558480382 0.0861445218 -0.79759413
vn 0.560617268 -1.62981451e-09 -0.800646007
vn 0.488708586 -1.86264515e-09 -0.846468329
vn 0.486845732 0.086144492 -0.843241692
vn 0.486845732 0.086144492 -0.843241692
vn 0.488708586 -1.86264515e-09 -0.846468329
vn 0.413070977 -1.39698386e-09 -0.885831952
vn 0.411496431 0.0861444846 -0.882455349
vn 0.411496431 0.0861444846 -0.882455349
vn 0.413070977 -1.39698386e-09 -0.885831952
vn 0.334292173 -1.86264515e-09 -0.918463171
vn 0.333017915 0.0861444846 -0.914962113
vn 0.333017915 0.0861444846 -0.914962113
vn 0.334292173 -1.86264515e-09 -0.918463171
vn 0.252974063 5.12227416e-09 -0.944112778
vn 0.252009809 0.0861444771 -0.940514028
vn 0.252009809 0.0861444771 -0.940514028
vn 0.252974063 5.12227416e-09 -0.944112778
vn 0.169725746 7.47968443e-09 -0.962558746
vn 0.169078767 0.0861444548 -0.958889604
vn 0.169078767 0.0861444548 -0.958889604
vn 0.169725746 7.47968443e-09 -0.962558746
vn 0.0851858556 5.82076609e-09 -0.973688662
vn 0.0848611519 0.0861444473 -0.969977081
vn 0.0848611519 0.0861444473 -0.969977081
vn 0.0851858556 5.82076609e-09 -0.973688662
vn 7.07805157e-08 9.77888703e-09 -0.977417588
vn 7.21774995e-08 0.0861444175 -0.973691702
vn 7.21774995e-08 0.0861444175 -0.973691702
vn 7.07805157e-08 9.77888703e-09 -0.977417588
vn -0.0851857364 6.92671165e-09 -0.973688543
vn -0.0848610252 0.0861444101 -0.969977081
vn -0.0848610252 0.0861444101 -0.969977081
vn -0.0851857364 6.92671165e-09 -0.973688543
vn -0.169725731 1.44354999e-08 -0.962558568
vn -0.169078782 0.0861444399 -0.958889604
vn -0.169078782 0.0861444399 -0.958889604
vn -0.169725731 1.44354999e-08 -0.962558568
vn -0.252973944 4.65661287e-09 -0.944112778
vn -0.25200963 0.0861444548 -0.940514028
vn -0.25200963 0.0861444548 -0.940514028
vn -0.252973944 4.65661287e-09 -0.944112778
vn -0.334292084 -1.717126e-09 -0.918463171
vn -0.333017856 0.0861444771 -0.914962053
vn -0.333017856 0.0861444771 -0.914962053
vn -0.334292084 -1.717126e-09 -0.918463171
vn -0.413070917 -1.02445483e-08 -0.885832012
vn -0.411496401 0.0861444771 -0.882455289
vn -0.411496401 0.0861444771 -0.882455289
vn -0.413070917 -1.02445483e-08 -0.885832012
vn -0.488708615 -1.16415322e-08 -0.846468329
vn -0.486845762 0.0861444771 -0.843241811
vn -0.486845762 0.0861444771 -0.843241811
vn -0.488708615 -1.16415322e-08 -0.846468329
vn -0.560617208 -1.97032932e-08 -0.800646126
vn -0.558480263 0.086144492 -0.79759419
vn -0.558480263 0.086144492 -0.79759419
vn -0.560617208 -1.97032932e-08 -0.800646126
vn -0.628266096 -9.54605639e-09 -0.748737335
vn -0.625871301 0.0861444846 -0.745883286
vn -0.625871301 0.0861444846 -0.745883286
vn -0.628266096 -9.54605639e-09 -0.748737335
vn -0.691138387 -8.84756446e-09 -0.691138566
vn -0.688503861 0.0861444771 -0.6885041
vn -0.688503861 0.0861444771 -0.6885041
vn -0.691138387 -8.84756446e-09 -0.691138566
vn -0.748737216 -5.52972779e-10 -0.628266335
vn -0.745883048 0.0861444697 -0.625871539
vn -0.745883048 0.0861444697 -0.625871539
vn -0.748737216 -5.52972779e-10 -0.628266335
vn -0.800645888 1.16415322e-09 -0.560617566
vn -0.79759407 0.0861444697 -0.55848062
vn -0.79759407 0.0861444697 -0.55848062
vn -0.800645888 1.16415322e-09 -0.560617566
vn -0.846468151 9.74154929e-23 -0.488708973
vn -0.843241453 0.0861444771 -0.486846149
vn -0.843241453 0.0861444771 -0.486846149
vn -0.846468151 9.74154929e-23 -0.488708973
vn -0.885831773 2.29920261e-09 -0.413071334
vn -0.88245517 0.086144492 -0.411496818
vn -0.88245517 0.086144492 -0.411496818
vn -0.885831773 2.29920261e-09 -0.413071334
vn -0.918463051 9.0803951e-09 -0.334292531
vn -0.914961934 0.0861445069 -0.333018273
vn -0.914961934 0.0861445069 -0.333018273
vn -0.918463051 9.0803951e-09 -0.334292531
vn -0.944112599 6.05359674e-09 -0.252974361
vn -0.940513849 0.0861444995 -0.252010107
vn -0.940513849 0.0861444995 -0.252010107
vn -0.944112599 6.05359674e-09 -0.252974361
vn -0.962558448 9.02218744e-10 -0.169726208
vn -0.958889425 0.0861444846 -0.169079289
vn -0.958889425 0.0861444846 -0.169079289
vn -0.962558448 9.02218744e-10 -0.169726208
vn -0.973688602 2.32830644e-09 -0.0851861984
vn -0.969977021 0.0861444771 -0.0848615095
vn -0.969977021 0.0861444771 -0.0848615095
vn -0.973688602 2.32830644e-09 -0.0851861984
vn -0.977417529 2.79396772e-09 -3.56230885e-07
vn -0.973691702 0.0861444324 -3.63448635e-07
vn -0.973691702 0.0861444324 -3.63448635e-07
vn -0.977417529 2.79396772e-09 -3.56230885e-07
vn -0.973688602 7.01402314e-09 0.085185498
vn -0.969977021 0.086144425 0.0848607868
vn -0.969977021 0.086144425 0.0848607868
vn -0.973688602 7.01402314e-09 0.085185498
vn -0.962558627 3.95812094e-09 0.169725537
vn -0.958889604 0.0861444175 0.169078559
vn -0.958889604 0.0861444175 0.169078559
vn -0.962558627 3.95812094e-09 0.169725537
vn -0.944112897 9.31322575e-10 0.252973914
vn -0.940514028 0.0861444473 0.25200963
vn -0.940514028 0.0861444473 0.25200963
vn -0.944112897 9.31322575e-10 0.252973914
vn -0.918463349 2.21189111e-09 0.334292084
vn -0.914962292 0.0861444697 0.333017796
vn -0.914962292 0.0861444697 0.333017796
vn -0.918463349 2.21189111e-09 0.334292084
vn -0.885832191 6.05359674e-09 0.41307053
vn -0.882455587 0.0861444846 0.411495954
vn -0.882455587 0.0861444846 0.411495954
vn -0.885832191 6.05359674e-09 0.41307053
vn -0.846468568 8.38190317e-09 0.488708168
vn -0.84324199 0.0861444995 0.486845255
vn -0.84324199 0.0861444995 0.486845255
vn -0.846468568 8.38190317e-09 0.488708168
vn -0.800646365 2.61934474e-09 0.56061691
vn -0.797594488 0.0861444995 0.558479905
vn -0.797594488 0.0861444995 0.558479905
vn -0.800646365 2.61934474e-09 0.56061691
vn -0.748737633 5.12227416e-09 0.628265798
vn -0.745883584 0.0861444995 0.625871003
vn -0.745883584 0.0861444995 0.625871003
vn -0.748737633 5.12227416e-09 0.628265798
vn -0.691138804 3.25962901e-09 0.691138148
vn -0.688504219 0.0861444846 0.688503563
vn -0.688504219 0.0861444846 0.688503563
vn -0.691138804 3.25962901e-09 0.691138148
vn -0.628266394 3.46335582e-09 0.748736978
vn -0.625871718 0.0861444771 0.745882869
vn -0.625871718 0.0861444771 0.745882869
vn -0.628266394 3.46335582e-09 0.748736978
vn -0.560617626 7.21774995e-09 0.800645828
vn -0.55848062 0.0861444771 0.797593951
vn -0.55848062 0.0861444771 0.797593951
vn -0.560617626 7.21774995e-09 0.800645828
vn -0.488708854 4.65661287e-10 0.84646821
vn -0.48684594 0.0861444771 0.843241572
vn -0.48684594 0.0861444771 0.843241572
vn -0.488708854 4.65661287e-10 0.84646821
vn -0.413071275 2.24099495e-09 0.885831892
vn -0.411496729 0.0861444697 0.88245517
vn -0.411496729 0.0861444697 0.88245517
vn -0.413071275 2.24099495e-09 0.885831892
vn -0.334292799 6.98491931e-10 0.918462932
vn -0.333018571 0.0861444548 0.914961994
vn -0.333018571 0.0861444548 0.914961994
vn -0.334292799 6.98491931e-10 0.918462932
vn -0.252974719 -1.86264515e-09 0.944112599
vn -0.252010435 0.0861444473 0.940513909
vn -0.252010435 0.0861444473 0.940513909
vn -0.252974719 -1.86264515e-09 0.944112599
vn -0.169726387 -9.89530236e-10 0.962558508
vn -0.169079423 0.0861444473 0.958889484
vn -0.169079423 0.0861444473 0.958889484
vn -0.169726387 -9.89530236e-10 0.962558508
vn -0.085186325 -5.3551048e-09 0.973688602
vn -0.0848616213 0.0861444548 0.969977021
vn -0.0848616213 0.0861444548 0.969977021
vn -0.085186325 -5.3551048e-09 0.973688602
vn -4.30736691e-07 -8.84756446e-09 0.977417529
vn -4.30271029e-07 0.0861444473 0.973691702
vn -4.30271029e-07 0.0861444473 0.973691702
vn -4.30736691e-07 -8.84756446e-09 0.977417529
vn 0.0851854607 -6.08270057e-09 0.973688543
vn 0.084860757 0.0861444399 0.969976962
vn 0.084860757 0.0861444399 0.969976962
vn 0.0851854607 -6.08270057e-09 0.973688543
vn 0.169725507 -1.32713467e-08 0.962558568
vn 0.169078559 0.0861444399 0.958889544
vn 0.169078559 0.0861444399 0.958889544
vn 0.169725507 -1.32713467e-08 0.962558568
vn 0.252973855 -1.39698386e-08 0.944112897
vn 0.2520096 0.0861444473 0.940514028
vn 0.2520096 0.0861444473 0.940514028
vn 0.252973855 -1.39698386e-08 0.944112897
vn 0.334292024 -1.08266249e-08 0.918463349
vn 0.333017737 0.0861444622 0.914962351
vn 0.333017737 0.0861444622 0.914962351
vn 0.334292024 -1.08266249e-08 0.918463349
vn 0.41307041 -8.84756446e-09 0.88583231
vn 0.411495894 0.0861444771 0.882455587
vn 0.411495894 0.0861444771 0.882455587
vn 0.41307041 -8.84756446e-09 0.88583231
vn 0.488708049 -2.79396772e-09 0.846468747
vn 0.486845165 0.0861444995 0.843242109
vn 0.486845165 0.0861444995 0.843242109
vn 0.488708049 -2.79396772e-09 0.846468747
vn 0.560616791 -3.20142135e-09 0.800646484
vn 0.558479846 0.0861444995 0.797594547
vn 0.558479846 0.0861444995 0.797594547
vn 0.560616791 -3.20142135e-09 0.800646484
vn 0.628265798 -6.98491931e-10 0.748737752
vn 0.625871003 0.0861444995 0.745883703
vn 0.625871003 0.0861444995 0.745883703
vn 0.628265798 -6.98491931e-10 0.748737752
vn 0.691138148 -3.25962901e-09 0.691138983
vn 0.688503563 0.086144492 0.688504398
vn 0.688503563 0.086144492 0.688504398
vn 0.691138148 -3.25962901e-09 0.691138983
vn 0.748736978 -2.61934474e-10 0.628266692
vn 0.745882869 0.0861445069 0.625871897
vn 0.745882869 0.0861445069 0.625871897
vn 0.748736978 -2.61934474e-10 0.628266692
vn 0.800645769 3.49245965e-09 0.560617864
vn 0.797593832 0.0861445069 0.558480918
vn 0.797593832 0.0861445069 0.558480918
vn 0.800645769 3.49245965e-09 0.560617864
vn 0.846468091 -3.25962901e-09 0.488709182
vn 0.843241453 0.0861445144 0.486846298
vn 0.843241453 0.0861445144 0.486846298
vn 0.846468091 -3.25962901e-09 0.488709182
vn 0.885831833 2.47382559e-09 0.413071603
vn 0.882455111 0.0861444995 0.411497086
vn 0.882455111 0.0861444995 0.411497086
vn 0.885831833 2.47382559e-09 0.413071603
vn 0.918462813 2.79396772e-09 0.334293097
vn 0.914961874 0.0861444846 0.333018839
vn 0.914961874 0.0861444846 0.333018839
vn 0.918462813 2.79396772e-09 0.334293097
vn 0.944112599 9.31322575e-10 0.252974898
vn 0.94051379 0.0861444473 0.252010614
vn 0.94051379 0.0861444473 0.252010614
vn 0.944112599 9.31322575e-10 0.252974898
vn 0.962558448 2.53203325e-09 0.169726357
vn 0.958889425 0.0861444324 0.169079408
vn 0.958889425 0.0861444324 0.169079408
vn 0.962558448 2.53203325e-09 0.169726357
vn 0.973688602 6.98491931e-10 0.0851861238
vn 0.969976962 0.086144425 0.0848614201
vn 0.969976962 0.086144425 0.0848614201
vn 0.973688602 6.98491931e-10 0.0851861238
vn 0.977417409 -2.79396772e-09 6.89178705e-08
vn 0.973691642 0.0861444175 7.14790076e-08
vn 0.977417409 -2.79396772e-09 6.89178705e-08
vn 0.973691523 -0.0861444026 7.05040293e-08
vn 0.969977021 -0.086144425 -0.0848611444
vn 0.973688602 -1.60071068e-09 -0.0851858631
vn 0.973688602 -1.60071068e-09 -0.0851858631
vn 0.969977021 -0.086144425 -0.0848611444
vn 0.958889544 -0.0861444473 -0.169078931
vn 0.962558627 -3.49245965e-09 -0.169725895
vn 0.962558627 -3.49245965e-09 -0.169725895
vn 0.958889544 -0.0861444473 -0.169078931
vn 0.940513849 -0.0861444473 -0.252009928
vn 0.944112778 -2.32830644e-09 -0.252974242
vn 0.944112778 -2.32830644e-09 -0.252974242
vn 0.940513849 -0.0861444473 -0.252009928
vn 0.914961994 -0.0861444399 -0.333018064
vn 0.918463111 1.54250301e-09 -0.334292322
vn 0.918463111 1.54250301e-09 -0.334292322
vn 0.914961994 -0.0861444399 -0.333018064
vn 0.88245517 -0.086144425 -0.41149649
vn 0.885832012 -1.16415322e-09 -0.413071126
vn 0.885832012 -1.16415322e-09 -0.413071126
vn 0.88245517 -0.086144425 -0.41149649
vn 0.843241632 -0.0861444324 -0.486845762
vn 0.846468449 -2.32830644e-09 -0.488708705
vn 0.846468449 -2.32830644e-09 -0.488708705
vn 0.843241632 -0.0861444324 -0.486845762
vn 0.797594011 -0.0861444548 -0.558480322
vn 0.800646067 1.717126e-09 -0.560617387
vn 0.800646067 1.717126e-09 -0.560617387
vn 0.797594011 -0.0861444548 -0.558480322
vn 0.745883107 -0.086144492 -0.62587136
vn 0.748737276 -2.56113708e-09 -0.628266156
vn 0.748737276 -2.56113708e-09 -0.628266156
vn 0.745883107 -0.086144492 -0.62587136
vn 0.688503981 -0.0861445144 -0.688503921
vn 0.691138446 0 -0.691138446
vn 0.691138446 0 -0.691138446
vn 0.688503981 -0.0861445144 -0.688503921
vn 0.625871241 -0.0861445144 -0.745883048
vn 0.628266156 -2.27009878e-09 -0.748737276
vn 0.628266156 -2.27009878e-09 -0.748737276
vn 0.625871241 -0.0861445144 -0.745883048
vn 0.558480322 -0.0861445069 -0.797594011
vn 0.560617268 -1.62981451e-09 -0.800646007
vn 0.560617268 -1.62981451e-09 -0.800646007
vn 0.558480322 -0.0861445069 -0.797594011
vn 0.486845732 -0.0861444995 -0.843241692
vn 0.488708586 -1.86264515e-09 -0.846468329
vn 0.488708586 -1.86264515e-09 -0.846468329
vn 0.486845732 -0.0861444995 -0.843241692
vn 0.411496401 -0.0861444846 -0.88245523
vn 0.413070977 -1.39698386e-09 -0.885831952
vn 0.413070977 -1.39698386e-09 -0.885831952
vn 0.411496401 -0.0861444846 -0.88245523
vn 0.333017886 -0.0861444771 -0.914962113
vn 0.334292173 -1.86264515e-09 -0.918463171
vn 0.334292173 -1.86264515e-09 -0.918463171
vn 0.333017886 -0.0861444771 -0.914962113
vn 0.252009779 -0.0861444548 -0.940513909
vn 0.252974063 5.12227416e-09 -0.944112778
vn 0.252974063 5.12227416e-09 -0.944112778
vn 0.252009779 -0.0861444548 -0.940513909
vn 0.169078782 -0.0861444324 -0.958889425
vn 0.169725746 7.47968443e-09 -0.962558746
vn 0.169725746 7.47968443e-09 -0.962558746
vn 0.169078782 -0.0861444324 -0.958889425
vn 0.0848611519 -0.0861444175 -0.969976962
vn 0.0851858556 5.82076609e-09 -0.973688662
vn 0.0851858556 5.82076609e-09 -0.973688662
vn 0.0848611519 -0.0861444175 -0.969976962
vn 7.15372153e-08 -0.0861443952 -0.973691642
vn 7.07805157e-08 9.77888703e-09 -0.977417588
vn 7.07805157e-08 9.77888703e-09 -0.977417588
vn 7.15372153e-08 -0.0861443952 -0.973691642
vn -0.0848610103 -0.0861443952 -0.969977021
vn -0.0851857364 6.92671165e-09 -0.973688543
vn -0.0851857364 6.92671165e-09 -0.973688543
vn -0.0848610103 -0.0861443952 -0.969977021
vn -0.169078767 -0.0861444101 -0.958889425
vn -0.169725731 1.44354999e-08 -0.962558568
vn -0.169725731 1.44354999e-08 -0.962558568
vn -0.169078767 -0.0861444101 -0.958889425
vn -0.25200963 -0.0861444324 -0.940513909
vn -0.252973944 4.65661287e-09 -0.944112778
vn -0.252973944 4.65661287e-09 -0.944112778
vn -0.25200963 -0.0861444324 -0.940513909
vn -0.333017856 -0.0861444548 -0.914962053
vn -0.334292084 -1.717126e-09 -0.918463171
vn -0.334292084 -1.717126e-09 -0.918463171
vn -0.333017856 -0.0861444548 -0.914962053
vn -0.411496311 -0.0861444846 -0.88245523
vn -0.413070917 -1.02445483e-08 -0.885832012
vn -0.413070917 -1.02445483e-08 -0.885832012
vn -0.411496311 -0.0861444846 -0.88245523
vn -0.486845702 -0.0861445069 -0.843241692
vn -0.488708615 -1.16415322e-08 -0.846468329
vn -0.488708615 -1.16415322e-08 -0.846468329
vn -0.486845702 -0.0861445069 -0.843241692
vn -0.558480144 -0.0861445069 -0.79759413
vn -0.560617208 -1.97032932e-08 -0.800646126
vn -0.560617208 -1.97032932e-08 -0.800646126
vn -0.558480144 -0.0861445069 -0.79759413
vn -0.625871181 -0.0861444995 -0.745883226
vn -0.628266096 -9.54605639e-09 -0.748737335
vn -0.628266096 -9.54605639e-09 -0.748737335
vn -0.625871181 -0.0861444995 -0.745883226
vn -0.688503861 -0.0861444771 -0.6885041
vn -0.691138387 -8.84756446e-09 -0.691138566
vn -0.691138387 -8.84756446e-09 -0.691138566
vn -0.688503861 -0.0861444771 -0.6885041
vn -0.745882928 -0.0861444697 -0.62587142
vn -0.748737216 -5.52972779e-10 -0.628266335
vn -0.748737216 -5.52972779e-10 -0.628266335
vn -0.745882928 -0.0861444697 -0.62587142
vn -0.797593951 -0.0861444697 -0.558480561
vn -0.800645888 1.16415322e-09 -0.560617566
vn -0.800645888 1.16415322e-09 -0.560617566
vn -0.797593951 -0.0861444697 -0.558480561
vn -0.843241453 -0.0861444697 -0.48684603
vn -0.846468151 9.74154929e-23 -0.488708973
vn -0.846468151 9.74154929e-23 -0.488708973
vn -0.843241453 -0.0861444697 -0.48684603
vn -0.882455111 -0.0861444846 -0.411496758
vn -0.885831773 2.29920261e-09 -0.413071334
vn -0.885831773 2.29920261e-09 -0.413071334
vn -0.882455111 -0.0861444846 -0.411496758
vn -0.914961874 -0.086144492 -0.333018273
vn -0.918463051 9.0803951e-09 -0.334292531
vn -0.918463051 9.0803951e-09 -0.334292531
vn -0.914961874 -0.086144492 -0.333018273
vn -0.94051367 -0.086144492 -0.252010077
vn -0.944112599 6.05359674e-09 -0.252974361
vn -0.944112599 6.05359674e-09 -0.252974361
vn -0.94051367 -0.086144492 -0.252010077
vn -0.958889365 -0.0861444697 -0.169079244
vn -0.962558448 9.02218744e-10 -0.169726208
vn -0.962558448 9.02218744e-10 -0.169726208
vn -0.958889365 -0.0861444697 -0.169079244
vn -0.969976962 -0.0861444399 -0.0848614872
vn -0.973688602 2.32830644e-09 -0.0851861984
vn -0.973688602 2.32830644e-09 -0.0851861984
vn -0.969976962 -0.0861444399 -0.0848614872
vn -0.973691642 -0.0861444026 -3.64234438e-07
vn -0.977417529 2.79396772e-09 -3.56230885e-07
vn -0.977417529 2.79396772e-09 -3.56230885e-07
vn -0.973691642 -0.0861444026 -3.64234438e-07
vn -0.969977021 -0.0861443952 0.0848607719
vn -0.973688602 7.01402314e-09 0.085185498
vn -0.973688602 7.01402314e-09 0.085185498
vn -0.969977021 -0.0861443952 0.0848607719
vn -0.958889544 -0.0861444101 0.169078574
vn -0.962558627 3.95812094e-09 0.169725537
vn -0.962558627 3.95812094e-09 0.169725537
vn -0.958889544 -0.0861444101 0.169078574
vn -0.940513968 -0.0861444324 0.2520096
vn -0.944112897 9.31322575e-10 0.252973914
vn -0.944112897 9.31322575e-10 0.252973914
vn -0.940513968 -0.0861444324 0.2520096
vn -0.914962232 -0.0861444399 0.333017796
vn -0.918463349 2.21189111e-09 0.334292084
vn -0.918463349 2.21189111e-09 0.334292084
vn -0.914962232 -0.0861444399 0.333017796
vn -0.882455468 -0.0861444622 0.411495894
vn -0.885832191 6.05359674e-09 0.41307053
vn -0.885832191 6.05359674e-09 0.41307053
vn -0.882455468 -0.0861444622 0.411495894
vn -0.84324199 -0.0861444697 0.486845225
vn -0.846468568 8.38190317e-09 0.488708168
vn -0.846468568 8.38190317e-09 0.488708168
vn -0.84324199 -0.0861444697 0.486845225
vn -0.797594428 -0.0861444697 0.558479846
vn -0.800646365 2.61934474e-09 0.56061691
vn -0.800646365 2.61934474e-09 0.56061691
vn -0.797594428 -0.0861444697 0.558479846
vn -0.745883524 -0.0861444771 0.625870824
vn -0.748737633 5.12227416e-09 0.628265798
vn -0.748737633 5.12227416e-09 0.628265798
vn -0.745883524 -0.0861444771 0.625870824
vn -0.688504219 -0.0861444771 0.688503623
vn -0.691138804 3.25962901e-09 0.691138148
vn -0.691138804 3.25962901e-09 0.691138148
vn -0.688504219 -0.0861444771 0.688503623
vn -0.625871539 -0.0861444622 0.74588275
vn -0.628266394 3.46335582e-09 0.748736978
vn -0.628266394 3.46335582e-09 0.748736978
vn -0.625871539 -0.0861444622 0.74588275
vn -0.558480501 -0.0861444697 0.797593892
vn -0.560617626 7.21774995e-09 0.800645828
vn -0.560617626 7.21774995e-09 0.800645828
vn -0.558480501 -0.0861444697 0.797593892
vn -0.486845881 -0.0861444697 0.843241572
vn -0.488708854 4.65661287e-10 0.84646821
vn -0.488708854 4.65661287e-10 0.84646821
vn -0.486845881 -0.0861444697 0.843241572
vn -0.411496669 -0.0861444548 0.88245517
vn -0.413071275 2.24099495e-09 0.885831892
vn -0.413071275 2.24099495e-09 0.885831892
vn -0.411496669 -0.0861444548 0.88245517
vn -0.333018541 -0.0861444324 0.914961874
vn -0.334292799 6.98491931e-10 0.918462932
vn -0.334292799 6.98491931e-10 0.918462932
vn -0.333018541 -0.0861444324 0.914961874
vn -0.252010405 -0.0861444399 0.94051373
vn -0.252974719 -1.86264515e-09 0.944112599
vn -0.252974719 -1.86264515e-09 0.944112599
vn -0.252010405 -0.0861444399 0.94051373
vn -0.169079393 -0.0861444473 0.958889365
vn -0.169726387 -9.89530236e-10 0.962558508
vn -0.169726387 -9.89530236e-10 0.962558508
vn -0.169079393 -0.0861444473 0.958889365
vn -0.0848615989 -0.0861444548 0.969976962
vn -0.085186325 -5.3551048e-09 0.973688602
vn -0.085186325 -5.3551048e-09 0.973688602
vn -0.0848615989 -0.0861444548 0.969976962
vn -4.27797204e-07 -0.0861444473 0.973691583
vn -4.30736691e-07 -8.84756446e-09 0.977417529
vn -4.30736691e-07 -8.84756446e-09 0.977417529
vn -4.27797204e-07 -0.0861444473 0.973691583
vn 0.0848607421 -0.0861444548 0.969977021
vn 0.0851854607 -6.08270057e-09 0.973688543
vn 0.0851854607 -6.08270057e-09 0.973688543
vn 0.0848607421 -0.0861444548 0.969977021
vn 0.169078544 -0.0861444548 0.958889484
vn 0.169725507 -1.32713467e-08 0.962558568
vn 0.169725507 -1.32713467e-08 0.962558568
vn 0.169078544 -0.0861444548 0.958889484
vn 0.252009541 -0.0861444697 0.940513909
vn 0.252973855 -1.39698386e-08 0.944112897
vn 0.252973855 -1.39698386e-08 0.944112897
vn 0.252009541 -0.0861444697 0.940513909
vn 0.333017707 -0.0861444697 0.914962292
vn 0.334292024 -1.08266249e-08 0.918463349
vn 0.334292024 -1.08266249e-08 0.918463349
vn 0.333017707 -0.0861444697 0.914962292
vn 0.411495775 -0.0861444771 0.882455528
vn 0.41307041 -8.84756446e-09 0.88583231
vn 0.41307041 -8.84756446e-09 0.88583231
vn 0.411495775 -0.0861444771 0.882455528
vn 0.486845106 -0.086144492 0.843242049
vn 0.488708049 -2.79396772e-09 0.846468747
vn 0.488708049 -2.79396772e-09 0.846468747
vn 0.486845106 -0.086144492 0.843242049
vn 0.558479726 -0.0861444846 0.797594547
vn 0.560616791 -3.20142135e-09 0.800646484
vn 0.560616791 -3.20142135e-09 0.800646484
vn 0.558479726 -0.0861444846 0.797594547
vn 0.625870824 -0.0861444771 0.745883644
vn 0.628265798 -6.98491931e-10 0.748737752
vn 0.628265798 -6.98491931e-10 0.748737752
vn 0.625870824 -0.0861444771 0.745883644
vn 0.688503504 -0.0861444771 0.688504398
vn 0.691138148 -3.25962901e-09 0.691138983
vn 0.691138148 -3.25962901e-09 0.691138983
vn 0.688503504 -0.0861444771 0.688504398
vn 0.74588269 -0.0861444846 0.625871658
vn 0.748736978 -2.61934474e-10 0.628266692
vn 0.748736978 -2.61934474e-10 0.628266692
vn 0.74588269 -0.0861444846 0.625871658
vn 0.797593772 -0.0861445069 0.558480799
vn 0.800645769 3.49245965e-09 0.560617864
vn 0.800645769 3.49245965e-09 0.560617864
vn 0.797593772 -0.0861445069 0.558480799
vn 0.843241453 -0.0861445144 0.486846268
vn 0.846468091 -3.25962901e-09 0.488709182
vn 0.846468091 -3.25962901e-09 0.488709182
vn 0.843241453 -0.0861445144 0.486846268
vn 0.882455051 -0.086144492 0.411496997
vn 0.885831833 2.47382559e-09 0.413071603
vn 0.885831833 2.47382559e-09 0.413071603
vn 0.882455051 -0.086144492 0.411496997
vn 0.914961874 -0.0861444622 0.333018869
vn 0.918462813 2.79396772e-09 0.334293097
vn 0.918462813 2.79396772e-09 0.334293097
vn 0.914961874 -0.0861444622 0.333018869
vn 0.940513611 -0.0861444399 0.252010584
vn 0.944112599 9.31322575e-10 0.252974898
vn 0.944112599 9.31322575e-10 0.252974898
vn 0.940513611 -0.0861444399 0.252010584
vn 0.958889306 -0.0861444175 0.169079378
vn 0.962558448 2.53203325e-09 0.169726357
vn 0.962558448 2.53203325e-09 0.169726357
vn 0.958889306 -0.0861444175 0.169079378
vn 0.969976962 -0.0861444026 0.0848614126
vn 0.973688602 6.98491931e-10 0.0851861238
vn 0.973688602 6.98491931e-10 0.0851861238
vn 0.969976962 -0.0861444026 0.0848614126
vn 0.973691523 -0.0861444026 7.05040293e-08
vn 0.977417409 -2.79396772e-09 6.89178705e-08
vn 0.973691523 -0.0861444026 7.05040293e-08
vn 0.962577164 -0.171619326 6.67059794e-08
vn 0.958904982 -0.171619341 -0.0838925093
vn 0.969977021 -0.086144425 -0.0848611444
vn 0.969977021 -0.086144425 -0.0848611444
vn 0.958904982 -0.171619341 -0.0838925093
vn 0.947943985 -0.171619385 -0.167148963
vn 0.958889544 -0.0861444473 -0.169078931
vn 0.958889544 -0.0861444473 -0.169078931
vn 0.947943985 -0.171619385 -0.167148963
vn 0.929778278 -0.171619415 -0.249133348
vn 0.940513849 -0.0861444473 -0.252009928
vn 0.940513849 -0.0861444473 -0.252009928
vn 0.929778278 -0.171619415 -0.249133348
vn 0.904518008 -0.171619371 -0.329216808
vn 0.914961994 -0.0861444399 -0.333018064
vn 0.914961994 -0.0861444399 -0.333018064
vn 0.904518008 -0.171619371 -0.329216808
vn 0.872382224 -0.171619356 -0.406799465
vn 0.88245517 -0.086144425 -0.41149649
vn 0.88245517 -0.086144425 -0.41149649
vn 0.872382224 -0.171619356 -0.406799465
vn 0.833616316 -0.171619371 -0.481288612
vn 0.843241632 -0.0861444324 -0.486845762
vn 0.843241632 -0.0861444324 -0.486845762
vn 0.833616316 -0.171619371 -0.481288612
vn 0.788489759 -0.1716194 -0.552105486
vn 0.797594011 -0.0861444548 -0.558480322
vn 0.797594011 -0.0861444548 -0.558480322
vn 0.788489759 -0.1716194 -0.552105486
vn 0.73736918 -0.17161946 -0.618727207
vn 0.745883107 -0.086144492 -0.62587136
vn 0.745883107 -0.086144492 -0.62587136
vn 0.73736918 -0.17161946 -0.618727207
vn 0.680644929 -0.171619534 -0.68064487
vn 0.688503981 -0.0861445144 -0.688503921
vn 0.688503981 -0.0861445144 -0.688503921
vn 0.680644929 -0.171619534 -0.68064487
vn 0.618727207 -0.17161952 -0.73736912
vn 0.625871241 -0.0861445144 -0.745883048
vn 0.625871241 -0.0861445144 -0.745883048
vn 0.618727207 -0.17161952 -0.73736912
vn 0.552105486 -0.171619475 -0.788489699
vn 0.558480322 -0.0861445069 -0.797594011
vn 0.558480322 -0.0861445069 -0.797594011
vn 0.552105486 -0.171619475 -0.788489699
vn 0.481288552 -0.17161949 -0.833616257
vn 0.486845732 -0.0861444995 -0.843241692
vn 0.486845732 -0.0861444995 -0.843241692
vn 0.481288552 -0.17161949 -0.833616257
vn 0.406799376 -0.171619445 -0.872382283
vn 0.411496401 -0.0861444846 -0.88245523
vn 0.411496401 -0.0861444846 -0.88245523
vn 0.406799376 -0.171619445 -0.872382283
vn 0.329216659 -0.17161943 -0.904518008
vn 0.333017886 -0.0861444771 -0.914962113
vn 0.333017886 -0.0861444771 -0.914962113
vn 0.329216659 -0.17161943 -0.904518008
vn 0.249133214 -0.17161943 -0.929778218
vn 0.252009779 -0.0861444548 -0.940513909
vn 0.252009779 -0.0861444548 -0.940513909
vn 0.249133214 -0.17161943 -0.929778218
vn 0.167148799 -0.171619371 -0.947944045
vn 0.169078782 -0.0861444324 -0.958889425
vn 0.169078782 -0.0861444324 -0.958889425
vn 0.167148799 -0.171619371 -0.947944045
vn 0.0838925168 -0.171619341 -0.958904922
vn 0.0848611519 -0.0861444175 -0.969976962
vn 0.0848611519 -0.0861444175 -0.969976962
vn 0.0838925168 -0.171619341 -0.958904922
vn 7.31088221e-08 -0.171619326 -0.962577164
vn 7.15372153e-08 -0.0861443952 -0.973691642
vn 7.15372153e-08 -0.0861443952 -0.973691642
vn 7.31088221e-08 -0.171619326 -0.962577164
vn -0.0838923827 -0.171619281 -0.958904922
vn -0.0848610103 -0.0861443952 -0.969977021
vn -0.0848610103 -0.0861443952 -0.969977021
vn -0.0838923827 -0.171619281 -0.958904922
vn -0.167148829 -0.171619326 -0.947944045
vn -0.169078767 -0.0861444101 -0.958889425
vn -0.169078767 -0.0861444101 -0.958889425
vn -0.167148829 -0.171619326 -0.947944045
vn -0.249133065 -0.171619385 -0.929778218
vn -0.25200963 -0.0861444324 -0.940513909
vn -0.25200963 -0.0861444324 -0.940513909
vn -0.249133065 -0.171619385 -0.929778218
vn -0.329216599 -0.171619415 -0.904518068
vn -0.333017856 -0.0861444548 -0.914962053
vn -0.333017856 -0.0861444548 -0.914962053
vn -0.329216599 -0.171619415 -0.904518068
vn -0.406799257 -0.17161943 -0.872382343
vn -0.411496311 -0.0861444846 -0.88245523
vn -0.411496311 -0.0861444846 -0.88245523
vn -0.406799257 -0.17161943 -0.872382343
vn -0.481288552 -0.171619505 -0.833616316
vn -0.486845702 -0.0861445069 -0.843241692
vn -0.486845702 -0.0861445069 -0.843241692
vn -0.481288552 -0.171619505 -0.833616316
vn -0.552105308 -0.171619475 -0.788489878
vn -0.558480144 -0.0861445069 -0.79759413
vn -0.558480144 -0.0861445069 -0.79759413
vn -0.552105308 -0.171619475 -0.788489878
vn -0.618727148 -0.17161946 -0.737369359
vn -0.625871181 -0.0861444995 -0.745883226
vn -0.625871181 -0.0861444995 -0.745883226
vn -0.618727148 -0.17161946 -0.737369359
vn -0.680644751 -0.17161946 -0.680644989
vn -0.688503861 -0.0861444771 -0.6885041
vn -0.688503861 -0.0861444771 -0.6885041
vn -0.680644751 -0.17161946 -0.680644989
vn -0.737369001 -0.17161943 -0.618727326
vn -0.745882928 -0.0861444697 -0.62587142
vn -0.745882928 -0.0861444697 -0.62587142
vn -0.737369001 -0.17161943 -0.618727326
vn -0.788489521 -0.171619415 -0.552105665
vn -0.797593951 -0.0861444697 -0.558480561
vn -0.797593951 -0.0861444697 -0.558480561
vn -0.788489521 -0.171619415 -0.552105665
vn -0.833616078 -0.171619445 -0.48128888
vn -0.843241453 -0.0861444697 -0.48684603
vn -0.843241453 -0.0861444697 -0.48684603
vn -0.833616078 -0.171619445 -0.48128888
vn -0.872382164 -0.171619445 -0.406799704
vn -0.882455111 -0.0861444846 -0.411496758
vn -0.882455111 -0.0861444846 -0.411496758
vn -0.872382164 -0.171619445 -0.406799704
vn -0.904517889 -0.17161946 -0.329216987
vn -0.914961874 -0.086144492 -0.333018273
vn -0.914961874 -0.086144492 -0.333018273
vn -0.904517889 -0.17161946 -0.329216987
vn -0.929778039 -0.171619475 -0.249133512
vn -0.94051367 -0.086144492 -0.252010077
vn -0.94051367 -0.086144492 -0.252010077
vn -0.929778039 -0.171619475 -0.249133512
vn -0.947943866 -0.17161943 -0.16714932
vn -0.958889365 -0.0861444697 -0.169079244
vn -0.958889365 -0.0861444697 -0.169079244
vn -0.947943866 -0.17161943 -0.16714932
vn -0.958904862 -0.171619371 -0.0838928744
vn -0.969976962 -0.0861444399 -0.0848614872
vn -0.969976962 -0.0861444399 -0.0848614872
vn -0.958904862 -0.171619371 -0.0838928744
vn -0.962577164 -0.171619341 -3.84403393e-07
vn -0.973691642 -0.0861444026 -3.64234438e-07
vn -0.973691642 -0.0861444026 -3.64234438e-07
vn -0.962577164 -0.171619341 -3.84403393e-07
vn -0.958904922 -0.171619311 0.0838921294
vn -0.969977021 -0.0861443952 0.0848607719
vn -0.969977021 -0.0861443952 0.0848607719
vn -0.958904922 -0.171619311 0.0838921294
vn -0.947944045 -0.171619326 0.16714859
vn -0.958889544 -0.0861444101 0.169078574
vn -0.958889544 -0.0861444101 0.169078574
vn -0.947944045 -0.171619326 0.16714859
vn -0.929778397 -0.171619385 0.249133036
vn -0.940513968 -0.0861444324 0.2520096
vn -0.940513968 -0.0861444324 0.2520096
vn -0.929778397 -0.171619385 0.249133036
vn -0.904518306 -0.1716194 0.32921657
vn -0.914962232 -0.0861444399 0.333017796
vn -0.914962232 -0.0861444399 0.333017796
vn -0.904518306 -0.1716194 0.32921657
vn -0.872382581 -0.171619415 0.40679884
vn -0.882455468 -0.0861444622 0.411495894
vn -0.882455468 -0.0861444622 0.411495894
vn -0.872382581 -0.171619415 0.40679884
vn -0.833616674 -0.171619445 0.481288046
vn -0.84324199 -0.0861444697 0.486845225
vn -0.84324199 -0.0861444697 0.486845225
vn -0.833616674 -0.171619445 0.481288046
vn -0.788490117 -0.17161943 0.55210495
vn -0.797594428 -0.0861444697 0.558479846
vn -0.797594428 -0.0861444697 0.558479846
vn -0.788490117 -0.17161943 0.55210495
vn -0.737369537 -0.171619445 0.61872673
vn -0.745883524 -0.0861444771 0.625870824
vn -0.745883524 -0.0861444771 0.625870824
vn -0.737369537 -0.171619445 0.61872673
vn -0.680645287 -0.171619445 0.680644453
vn -0.688504219 -0.0861444771 0.688503623
vn -0.688504219 -0.0861444771 0.688503623
vn -0.680645287 -0.171619445 0.680644453
vn -0.618727446 -0.17161943 0.737368762
vn -0.625871539 -0.0861444622 0.74588275
vn -0.625871539 -0.0861444622 0.74588275
vn -0.618727446 -0.17161943 0.737368762
vn -0.552105665 -0.171619415 0.788489521
vn -0.558480501 -0.0861444697 0.797593892
vn -0.558480501 -0.0861444697 0.797593892
vn -0.552105665 -0.171619415 0.788489521
vn -0.481288731 -0.17161943 0.833616197
vn -0.486845881 -0.0861444697 0.843241572
vn -0.486845881 -0.0861444697 0.843241572
vn -0.481288731 -0.17161943 0.833616197
vn -0.406799585 -0.171619415 0.872382224
vn -0.411496669 -0.0861444548 0.88245517
vn -0.411496669 -0.0861444548 0.88245517
vn -0.406799585 -0.171619415 0.872382224
vn -0.329217255 -0.171619385 0.904517949
vn -0.333018541 -0.0861444324 0.914961874
vn -0.333018541 -0.0861444324 0.914961874
vn -0.329217255 -0.171619385 0.904517949
vn -0.249133795 -0.171619385 0.929778099
vn -0.252010405 -0.0861444399 0.94051373
vn -0.252010405 -0.0861444399 0.94051373
vn -0.249133795 -0.171619385 0.929778099
vn -0.167149425 -0.171619371 0.947943926
vn -0.169079393 -0.0861444473 0.958889365
vn -0.169079393 -0.0861444473 0.958889365
vn -0.167149425 -0.171619371 0.947943926
vn -0.0838929564 -0.171619385 0.958904922
vn -0.0848615989 -0.0861444548 0.969976962
vn -0.0848615989 -0.0861444548 0.969976962
vn -0.0838929564 -0.171619385 0.958904922
vn -4.19793651e-07 -0.171619415 0.962577164
vn -4.27797204e-07 -0.0861444473 0.973691583
vn -4.27797204e-07 -0.0861444473 0.973691583
vn -4.19793651e-07 -0.171619415 0.962577164
vn 0.083892107 -0.171619385 0.958904922
vn 0.0848607421 -0.0861444548 0.969977021
vn 0.0848607421 -0.0861444548 0.969977021
vn 0.083892107 -0.171619385 0.958904922
vn 0.16714859 -0.171619385 0.947944164
vn 0.169078544 -0.0861444548 0.958889484
vn 0.169078544 -0.0861444548 0.958889484
vn 0.16714859 -0.171619385 0.947944164
vn 0.249132976 -0.171619415 0.929778278
vn 0.252009541 -0.0861444697 0.940513909
vn 0.252009541 -0.0861444697 0.940513909
vn 0.249132976 -0.171619415 0.929778278
vn 0.32921648 -0.17161943 0.904518366
vn 0.333017707 -0.0861444697 0.914962292
vn 0.333017707 -0.0861444697 0.914962292
vn 0.32921648 -0.17161943 0.904518366
vn 0.406798691 -0.171619445 0.872382641
vn 0.411495775 -0.0861444771 0.882455528
vn 0.411495775 -0.0861444771 0.882455528
vn 0.406798691 -0.171619445 0.872382641
vn 0.481287897 -0.171619475 0.833616793
vn 0.486845106 -0.086144492 0.843242049
vn 0.486845106 -0.086144492 0.843242049
vn 0.481287897 -0.171619475 0.833616793
vn 0.552104831 -0.17161946 0.788490236
vn 0.558479726 -0.0861444846 0.797594547
vn 0.558479726 -0.0861444846 0.797594547
vn 0.552104831 -0.17161946 0.788490236
vn 0.61872673 -0.171619475 0.737369716
vn 0.625870824 -0.0861444771 0.745883644
vn 0.625870824 -0.0861444771 0.745883644
vn 0.61872673 -0.171619475 0.737369716
vn 0.680644512 -0.17161949 0.680645287
vn 0.688503504 -0.0861444771 0.688504398
vn 0.688503504 -0.0861444771 0.688504398
vn 0.680644512 -0.17161949 0.680645287
vn 0.737368762 -0.17161946 0.618727624
vn 0.74588269 -0.0861444846 0.625871658
vn 0.74588269 -0.0861444846 0.625871658
vn 0.737368762 -0.17161946 0.618727624
vn 0.788489461 -0.17161949 0.552105904
vn 0.797593772 -0.0861445069 0.558480799
vn 0.797593772 -0.0861445069 0.558480799
vn 0.788489461 -0.17161949 0.552105904
vn 0.833616138 -0.171619505 0.481289029
vn 0.843241453 -0.0861445144 0.486846268
vn 0.843241453 -0.0861445144 0.486846268
vn 0.833616138 -0.171619505 0.481289029
vn 0.872382104 -0.171619475 0.406799912
vn 0.882455051 -0.086144492 0.411496997
vn 0.882455051 -0.086144492 0.411496997
vn 0.872382104 -0.171619475 0.406799912
vn 0.904517889 -0.17161943 0.329217583
vn 0.914961874 -0.0861444622 0.333018869
vn 0.914961874 -0.0861444622 0.333018869
vn 0.904517889 -0.17161943 0.329217583
vn 0.92977798 -0.1716194 0.249134004
vn 0.940513611 -0.0861444399 0.252010584
vn 0.940513611 -0.0861444399 0.252010584
vn 0.92977798 -0.1716194 0.249134004
vn 0.947943866 -0.171619341 0.167149469
vn 0.958889306 -0.0861444175 0.169079378
vn 0.958889306 -0.0861444175 0.169079378
vn 0.947943866 -0.171619341 0.167149469
vn 0.958904922 -0.171619326 0.0838927776
vn 0.969976962 -0.0861444026 0.0848614126
vn 0.969976962 -0.0861444026 0.0848614126
vn 0.958904922 -0.171619326 0.0838927776
vn 0.962577164 -0.171619326 6.67059794e-08
vn 0.973691523 -0.0861444026 7.05040293e-08
vn 0.962577164 -0.171619326 6.67059794e-08
vn 0.944168746 -0.255755097 6.14672899e-08
vn 0.940566778 -0.255755126 -0.0822881609
vn 0.958904982 -0.171619341 -0.0838925093
vn 0.958904982 -0.171619341 -0.0838925093
vn 0.940566778 -0.255755126 -0.0822881609
vn 0.929815531 -0.255755186 -0.163952425
vn 0.947943985 -0.171619385 -0.167148963
vn 0.947943985 -0.171619385 -0.167148963
vn 0.929815531 -0.255755186 -0.163952425
vn 0.91199702 -0.255755216 -0.244368941
vn 0.929778278 -0.171619415 -0.249133348
vn 0.929778278 -0.171619415 -0.249133348
vn 0.91199702 -0.255755216 -0.244368941
vn 0.887219906 -0.255755156 -0.322920859
vn 0.904518008 -0.171619371 -0.329216808
vn 0.904518008 -0.171619371 -0.329216808
vn 0.887219906 -0.255755156 -0.322920859
vn 0.855698764 -0.255755156 -0.399019808
vn 0.872382224 -0.171619356 -0.406799465
vn 0.872382224 -0.171619356 -0.406799465
vn 0.855698764 -0.255755156 -0.399019808
vn 0.81767416 -0.255755126 -0.472084463
vn 0.833616316 -0.171619371 -0.481288612
vn 0.833616316 -0.171619371 -0.481288612
vn 0.81767416 -0.255755126 -0.472084463
vn 0.773410559 -0.255755186 -0.54154706
vn 0.788489759 -0.1716194 -0.552105486
vn 0.788489759 -0.1716194 -0.552105486
vn 0.773410559 -0.255755186 -0.54154706
vn 0.723267615 -0.255755275 -0.606894612
vn 0.73736918 -0.17161946 -0.618727207
vn 0.73736918 -0.17161946 -0.618727207
vn 0.723267615 -0.255755275 -0.606894612
vn 0.667628169 -0.255755305 -0.667628169
vn 0.680644929 -0.171619534 -0.68064487
vn 0.680644929 -0.171619534 -0.68064487
vn 0.667628169 -0.255755305 -0.667628169
vn 0.606894612 -0.255755335 -0.723267615
vn 0.618727207 -0.17161952 -0.73736912
vn 0.618727207 -0.17161952 -0.73736912
vn 0.606894612 -0.255755335 -0.723267615
vn 0.541547 -0.255755305 -0.773410618
vn 0.552105486 -0.171619475 -0.788489699
vn 0.552105486 -0.171619475 -0.788489699
vn 0.541547 -0.255755305 -0.773410618
vn 0.472084373 -0.255755275 -0.81767416
vn 0.481288552 -0.17161949 -0.833616257
vn 0.481288552 -0.17161949 -0.833616257
vn 0.472084373 -0.255755275 -0.81767416
vn 0.399019778 -0.255755246 -0.855698586
vn 0.406799376 -0.171619445 -0.872382283
vn 0.406799376 -0.171619445 -0.872382283
vn 0.399019778 -0.255755246 -0.855698586
vn 0.32292071 -0.255755246 -0.887219965
vn 0.329216659 -0.17161943 -0.904518008
vn 0.329216659 -0.17161943 -0.904518008
vn 0.32292071 -0.255755246 -0.887219965
vn 0.244368821 -0.255755216 -0.91199702
vn 0.249133214 -0.17161943 -0.929778218
vn 0.249133214 -0.17161943 -0.929778218
vn 0.244368821 -0.255755216 -0.91199702
vn 0.163952321 -0.255755126 -0.929815471
vn 0.167148799 -0.171619371 -0.947944045
vn 0.167148799 -0.171619371 -0.947944045
vn 0.163952321 -0.255755126 -0.929815471
vn 0.0822881758 -0.255755097 -0.940566897
vn 0.0838925168 -0.171619341 -0.958904922
vn 0.0838925168 -0.171619341 -0.958904922
vn 0.0822881758 -0.255755097 -0.940566897
vn 7.82310963e-08 -0.255755067 -0.944168866
vn 7.31088221e-08 -0.171619326 -0.962577164
vn 7.31088221e-08 -0.171619326 -0.962577164
vn 7.82310963e-08 -0.255755067 -0.944168866
vn -0.0822880343 -0.255755067 -0.940566778
vn -0.0838923827 -0.171619281 -0.958904922
vn -0.0838923827 -0.171619281 -0.958904922
vn -0.0822880343 -0.255755067 -0.940566778
vn -0.163952291 -0.255755097 -0.929815412
vn -0.167148829 -0.171619326 -0.947944045
vn -0.167148829 -0.171619326 -0.947944045
vn -0.163952291 -0.255755097 -0.929815412
vn -0.244368702 -0.255755156 -0.91199702
vn -0.249133065 -0.171619385 -0.929778218
vn -0.249133065 -0.171619385 -0.929778218
vn -0.244368702 -0.255755156 -0.91199702
vn -0.32292065 -0.255755186 -0.887220025
vn -0.329216599 -0.171619415 -0.904518068
vn -0.329216599 -0.171619415 -0.904518068
vn -0.32292065 -0.255755186 -0.887220025
vn -0.399019688 -0.255755246 -0.855698705
vn -0.406799257 -0.17161943 -0.872382343
vn -0.406799257 -0.17161943 -0.872382343
vn -0.399019688 -0.255755246 -0.855698705
vn -0.472084373 -0.255755275 -0.81767416
vn -0.481288552 -0.171619505 -0.833616316
vn -0.481288552 -0.171619505 -0.833616316
vn -0.472084373 -0.255755275 -0.81767416
vn -0.541546822 -0.255755275 -0.773410738
vn -0.552105308 -0.171619475 -0.788489878
vn -0.552105308 -0.171619475 -0.788489878
vn -0.541546822 -0.255755275 -0.773410738
vn -0.606894433 -0.255755275 -0.723267734
vn -0.618727148 -0.17161946 -0.737369359
vn -0.618727148 -0.17161946 -0.737369359
vn -0.606894433 -0.255755275 -0.723267734
vn -0.66762805 -0.255755216 -0.667628348
vn -0.680644751 -0.17161946 -0.680644989
vn -0.680644751 -0.17161946 -0.680644989
vn -0.66762805 -0.255755216 -0.667628348
vn -0.723267496 -0.255755216 -0.606894791
vn -0.737369001 -0.17161943 -0.618727326
vn -0.737369001 -0.17161943 -0.618727326
vn -0.723267496 -0.255755216 -0.606894791
vn -0.773410499 -0.255755216 -0.54154712
vn -0.788489521 -0.171619415 -0.552105665
vn -0.788489521 -0.171619415 -0.552105665
vn -0.773410499 -0.255755216 -0.54154712
vn -0.817673981 -0.255755216 -0.472084731
vn -0.833616078 -0.171619445 -0.48128888
vn -0.833616078 -0.171619445 -0.48128888
vn -0.817673981 -0.255755216 -0.472084731
vn -0.855698466 -0.255755246 -0.399020016
vn -0.872382164 -0.171619445 -0.406799704
vn -0.872382164 -0.171619445 -0.406799704
vn -0.855698466 -0.255755246 -0.399020016
vn -0.887219846 -0.255755246 -0.322921067
vn -0.904517889 -0.17161946 -0.329216987
vn -0.904517889 -0.17161946 -0.329216987
vn -0.887219846 -0.255755246 -0.322921067
vn -0.911996961 -0.255755246 -0.244369105
vn -0.929778039 -0.171619475 -0.249133512
vn -0.929778039 -0.171619475 -0.249133512
vn -0.911996961 -0.255755246 -0.244369105
vn -0.929815292 -0.255755216 -0.163952753
vn -0.947943866 -0.17161943 -0.16714932
vn -0.947943866 -0.17161943 -0.16714932
vn -0.929815292 -0.255755216 -0.163952753
vn -0.940566778 -0.255755156 -0.0822885484
vn -0.958904862 -0.171619371 -0.0838928744
vn -0.958904862 -0.171619371 -0.0838928744
vn -0.940566778 -0.255755156 -0.0822885484
vn -0.944168866 -0.255755126 -4.09781933e-07
vn -0.962577164 -0.171619341 -3.84403393e-07
vn -0.962577164 -0.171619341 -3.84403393e-07
vn -0.944168866 -0.255755126 -4.09781933e-07
vn -0.940566838 -0.255755067 0.0822877511
vn -0.958904922 -0.171619311 0.0838921294
vn -0.958904922 -0.171619311 0.0838921294
vn -0.940566838 -0.255755067 0.0822877511
vn -0.929815471 -0.255755097 0.163952067
vn -0.947944045 -0.171619326 0.16714859
vn -0.947944045 -0.171619326 0.16714859
vn -0.929815471 -0.255755097 0.163952067
vn -0.911997139 -0.255755156 0.244368628
vn -0.929778397 -0.171619385 0.249133036
vn -0.929778397 -0.171619385 0.249133036
vn -0.911997139 -0.255755156 0.244368628
vn -0.887220204 -0.255755186 0.322920561
vn -0.904518306 -0.1716194 0.32921657
vn -0.904518306 -0.1716194 0.32921657
vn -0.887220204 -0.255755186 0.322920561
vn -0.855698943 -0.255755186 0.399019182
vn -0.872382581 -0.171619415 0.40679884
vn -0.872382581 -0.171619415 0.40679884
vn -0.855698943 -0.255755186 0.399019182
vn -0.817674577 -0.255755216 0.472083837
vn -0.833616674 -0.171619445 0.481288046
vn -0.833616674 -0.171619445 0.481288046
vn -0.817674577 -0.255755216 0.472083837
vn -0.773411036 -0.255755246 0.541546404
vn -0.788490117 -0.17161943 0.55210495
vn -0.788490117 -0.17161943 0.55210495
vn -0.773411036 -0.255755246 0.541546404
vn -0.723268092 -0.255755246 0.606894135
vn -0.737369537 -0.171619445 0.61872673
vn -0.737369537 -0.171619445 0.61872673
vn -0.723268092 -0.255755246 0.606894135
vn -0.667628586 -0.255755246 0.667627752
vn -0.680645287 -0.171619445 0.680644453
vn -0.680645287 -0.171619445 0.680644453
vn -0.667628586 -0.255755246 0.667627752
vn -0.60689497 -0.255755216 0.723267317
vn -0.618727446 -0.17161943 0.737368762
vn -0.618727446 -0.17161943 0.737368762
vn -0.60689497 -0.255755216 0.723267317
vn -0.541547179 -0.255755246 0.77341038
vn -0.552105665 -0.171619415 0.788489521
vn -0.552105665 -0.171619415 0.788489521
vn -0.541547179 -0.255755246 0.77341038
vn -0.472084522 -0.255755216 0.817674041
vn -0.481288731 -0.17161943 0.833616197
vn -0.481288731 -0.17161943 0.833616197
vn -0.472084522 -0.255755216 0.817674041
vn -0.399019897 -0.255755216 0.855698705
vn -0.406799585 -0.171619415 0.872382224
vn -0.406799585 -0.171619415 0.872382224
vn -0.399019897 -0.255755216 0.855698705
vn -0.322921246 -0.255755156 0.887219846
vn -0.329217255 -0.171619385 0.904517949
vn -0.329217255 -0.171619385 0.904517949
vn -0.322921246 -0.255755156 0.887219846
vn -0.244369358 -0.255755156 0.911996961
vn -0.249133795 -0.171619385 0.929778099
vn -0.249133795 -0.171619385 0.929778099
vn -0.244369358 -0.255755156 0.911996961
vn -0.163952842 -0.255755126 0.929815412
vn -0.167149425 -0.171619371 0.947943926
vn -0.167149425 -0.171619371 0.947943926
vn -0.163952842 -0.255755126 0.929815412
vn -0.0822885707 -0.255755156 0.940566778
vn -0.0838929564 -0.171619385 0.958904922
vn -0.0838929564 -0.171619385 0.958904922
vn -0.0822885707 -0.255755156 0.940566778
vn -4.0885061e-07 -0.255755186 0.944168925
vn -4.19793651e-07 -0.171619415 0.962577164
vn -4.19793651e-07 -0.171619415 0.962577164
vn -4.0885061e-07 -0.255755186 0.944168925
vn 0.082287766 -0.255755156 0.940566778
vn 0.083892107 -0.171619385 0.958904922
vn 0.083892107 -0.171619385 0.958904922
vn 0.082287766 -0.255755156 0.940566778
vn 0.163952067 -0.255755156 0.929815471
vn 0.16714859 -0.171619385 0.947944164
vn 0.16714859 -0.171619385 0.947944164
vn 0.163952067 -0.255755156 0.929815471
vn 0.244368583 -0.255755186 0.911997259
vn 0.249132976 -0.171619415 0.929778278
vn 0.249132976 -0.171619415 0.929778278
vn 0.244368583 -0.255755186 0.911997259
vn 0.322920501 -0.255755216 0.887220263
vn 0.32921648 -0.17161943 0.904518366
vn 0.32921648 -0.17161943 0.904518366
vn 0.322920501 -0.255755216 0.887220263
vn 0.399019063 -0.255755216 0.855699062
vn 0.406798691 -0.171619445 0.872382641
vn 0.406798691 -0.171619445 0.872382641
vn 0.399019063 -0.255755216 0.855699062
vn 0.472083718 -0.255755275 0.817674637
vn 0.481287897 -0.171619475 0.833616793
vn 0.481287897 -0.171619475 0.833616793
vn 0.472083718 -0.255755275 0.817674637
vn 0.541546404 -0.255755275 0.773410976
vn 0.552104831 -0.17161946 0.788490236
vn 0.552104831 -0.17161946 0.788490236
vn 0.541546404 -0.255755275 0.773410976
vn 0.606894135 -0.255755305 0.723268151
vn 0.61872673 -0.171619475 0.737369716
vn 0.61872673 -0.171619475 0.737369716
vn 0.606894135 -0.255755305 0.723268151
vn 0.667627811 -0.255755275 0.667628527
vn 0.680644512 -0.17161949 0.680645287
vn 0.680644512 -0.17161949 0.680645287
vn 0.667627811 -0.255755275 0.667628527
vn 0.723267317 -0.255755305 0.60689497
vn 0.737368762 -0.17161946 0.618727624
vn 0.737368762 -0.17161946 0.618727624
vn 0.723267317 -0.255755305 0.60689497
vn 0.77341038 -0.255755305 0.541547358
vn 0.788489461 -0.17161949 0.552105904
vn 0.788489461 -0.17161949 0.552105904
vn 0.77341038 -0.255755305 0.541547358
vn 0.817673802 -0.255755275 0.47208482
vn 0.833616138 -0.171619505 0.481289029
vn 0.833616138 -0.171619505 0.481289029
vn 0.817673802 -0.255755275 0.47208482
vn 0.855698586 -0.255755275 0.399020255
vn 0.872382104 -0.171619475 0.406799912
vn 0.872382104 -0.171619475 0.406799912
vn 0.855698586 -0.255755275 0.399020255
vn 0.887219727 -0.255755216 0.322921634
vn 0.904517889 -0.17161943 0.329217583
vn 0.904517889 -0.17161943 0.329217583
vn 0.887219727 -0.255755216 0.322921634
vn 0.911996841 -0.255755156 0.244369611
vn 0.92977798 -0.1716194 0.249134004
vn 0.92977798 -0.1716194 0.249134004
vn 0.911996841 -0.255755156 0.244369611
vn 0.929815292 -0.255755126 0.163952917
vn 0.947943866 -0.171619341 0.167149469
vn 0.947943866 -0.171619341 0.167149469
vn 0.929815292 -0.255755126 0.163952917
vn 0.940566778 -0.255755097 0.0822884291
vn 0.958904922 -0.171619326 0.0838927776
vn 0.958904922 -0.171619326 0.0838927776
vn 0.940566778 -0.255755097 0.0822884291
vn 0.944168746 -0.255755097 6.14672899e-08
vn 0.962577164 -0.171619326 6.67059794e-08
vn 0.944168746 -0.255755097 6.14672899e-08
vn 0.918590367 -0.337892234 3.5535777e-08
vn 0.915085793 -0.337892205 -0.0800589025
vn 0.940566778 -0.255755126 -0.0822881609
vn 0.940566778 -0.255755126 -0.0822881609
vn 0.915085793 -0.337892205 -0.0800589025
vn 0.904625893 -0.337892294 -0.159510791
vn 0.929815531 -0.255755186 -0.163952425
vn 0.929815531 -0.255755186 -0.163952425
vn 0.904625893 -0.337892294 -0.159510791
vn 0.88729018 -0.337892324 -0.237748682
vn 0.91199702 -0.255755216 -0.244368941
vn 0.91199702 -0.255755216 -0.244368941
vn 0.88729018 -0.337892324 -0.237748682
vn 0.863184333 -0.337892264 -0.314172566
vn 0.887219906 -0.255755156 -0.322920859
vn 0.887219906 -0.255755156 -0.322920859
vn 0.863184333 -0.337892264 -0.314172566
vn 0.832516968 -0.337892234 -0.388209969
vn 0.855698764 -0.255755156 -0.399019808
vn 0.855698764 -0.255755156 -0.399019808
vn 0.832516968 -0.337892234 -0.388209969
vn 0.795522571 -0.337892264 -0.459295183
vn 0.81767416 -0.255755126 -0.472084463
vn 0.81767416 -0.255755126 -0.472084463
vn 0.795522571 -0.337892264 -0.459295183
vn 0.752458155 -0.337892294 -0.526875913
vn 0.773410559 -0.255755186 -0.54154706
vn 0.773410559 -0.255755186 -0.54154706
vn 0.752458155 -0.337892294 -0.526875913
vn 0.703673482 -0.337892354 -0.590453327
vn 0.723267615 -0.255755275 -0.606894612
vn 0.723267615 -0.255755275 -0.606894612
vn 0.703673482 -0.337892354 -0.590453327
vn 0.649541378 -0.337892413 -0.649541497
vn 0.667628169 -0.255755305 -0.667628169
vn 0.667628169 -0.255755305 -0.667628169
vn 0.649541378 -0.337892413 -0.649541497
vn 0.590453207 -0.337892383 -0.703673601
vn 0.606894612 -0.255755335 -0.723267615
vn 0.606894612 -0.255755335 -0.723267615
vn 0.590453207 -0.337892383 -0.703673601
vn 0.526875913 -0.337892383 -0.752458096
vn 0.541547 -0.255755305 -0.773410618
vn 0.541547 -0.255755305 -0.773410618
vn 0.526875913 -0.337892383 -0.752458096
vn 0.459295124 -0.337892383 -0.795522451
vn 0.472084373 -0.255755275 -0.81767416
vn 0.472084373 -0.255755275 -0.81767416
vn 0.459295124 -0.337892383 -0.795522451
vn 0.388209939 -0.337892354 -0.832516909
vn 0.399019778 -0.255755246 -0.855698586
vn 0.399019778 -0.255755246 -0.855698586
vn 0.388209939 -0.337892354 -0.832516909
vn 0.314172447 -0.337892354 -0.863184214
vn 0.32292071 -0.255755246 -0.887219965
vn 0.32292071 -0.255755246 -0.887219965
vn 0.314172447 -0.337892354 -0.863184214
vn 0.237748638 -0.337892354 -0.887290061
vn 0.244368821 -0.255755216 -0.91199702
vn 0.244368821 -0.255755216 -0.91199702
vn 0.237748638 -0.337892354 -0.887290061
vn 0.159510672 -0.337892264 -0.904625833
vn 0.163952321 -0.255755126 -0.929815471
vn 0.163952321 -0.255755126 -0.929815471
vn 0.159510672 -0.337892264 -0.904625833
vn 0.0800589249 -0.337892234 -0.915085852
vn 0.0822881758 -0.255755097 -0.940566897
vn 0.0822881758 -0.255755097 -0.940566897
vn 0.0800589249 -0.337892234 -0.915085852
vn 8.93342076e-08 -0.337892205 -0.918590307
vn 7.82310963e-08 -0.255755067 -0.944168866
vn 7.82310963e-08 -0.255755067 -0.944168866
vn 8.93342076e-08 -0.337892205 -0.918590307
vn -0.0800587609 -0.337892175 -0.915085733
vn -0.0822880343 -0.255755067 -0.940566778
vn -0.0822880343 -0.255755067 -0.940566778
vn -0.0800587609 -0.337892175 -0.915085733
vn -0.159510672 -0.337892175 -0.904625714
vn -0.163952291 -0.255755097 -0.929815412
vn -0.163952291 -0.255755097 -0.929815412
vn -0.159510672 -0.337892175 -0.904625714
vn -0.237748504 -0.337892294 -0.88729012
vn -0.244368702 -0.255755156 -0.91199702
vn -0.244368702 -0.255755156 -0.91199702
vn -0.237748504 -0.337892294 -0.88729012
vn -0.314172417 -0.337892294 -0.863184333
vn -0.32292065 -0.255755186 -0.887220025
vn -0.32292065 -0.255755186 -0.887220025
vn -0.314172417 -0.337892294 -0.863184333
vn -0.38820982 -0.337892354 -0.832516968
vn -0.399019688 -0.255755246 -0.855698705
vn -0.399019688 -0.255755246 -0.855698705
vn -0.38820982 -0.337892354 -0.832516968
vn -0.459295094 -0.337892383 -0.795522511
vn -0.472084373 -0.255755275 -0.81767416
vn -0.472084373 -0.255755275 -0.81767416
vn -0.459295094 -0.337892383 -0.795522511
vn -0.526875734 -0.337892294 -0.752458274
vn -0.541546822 -0.255755275 -0.773410738
vn -0.541546822 -0.255755275 -0.773410738
vn -0.526875734 -0.337892294 -0.752458274
vn -0.590453207 -0.337892383 -0.70367372
vn -0.606894433 -0.255755275 -0.723267734
vn -0.606894433 -0.255755275 -0.723267734
vn -0.590453207 -0.337892383 -0.70367372
vn -0.649541318 -0.337892324 -0.649541616
vn -0.66762805 -0.255755216 -0.667628348
vn -0.66762805 -0.255755216 -0.667628348
vn -0.649541318 -0.337892324 -0.649541616
vn -0.703673482 -0.337892264 -0.590453446
vn -0.723267496 -0.255755216 -0.606894791
vn -0.723267496 -0.255755216 -0.606894791
vn -0.703673482 -0.337892264 -0.590453446
vn -0.752458036 -0.337892264 -0.526875973
vn -0.773410499 -0.255755216 -0.54154712
vn -0.773410499 -0.255755216 -0.54154712
vn -0.752458036 -0.337892264 -0.526875973
vn -0.795522273 -0.337892354 -0.459295362
vn -0.817673981 -0.255755216 -0.472084731
vn -0.817673981 -0.255755216 -0.472084731
vn -0.795522273 -0.337892354 -0.459295362
vn -0.832516789 -0.337892354 -0.388210148
vn -0.855698466 -0.255755246 -0.399020016
vn -0.855698466 -0.255755246 -0.399020016
vn -0.832516789 -0.337892354 -0.388210148
vn -0.863184094 -0.337892383 -0.314172804
vn -0.887219846 -0.255755246 -0.322921067
vn -0.887219846 -0.255755246 -0.322921067
vn -0.863184094 -0.337892383 -0.314172804
vn -0.887290001 -0.337892354 -0.237748891
vn -0.911996961 -0.255755246 -0.244369105
vn -0.911996961 -0.255755246 -0.244369105
vn -0.887290001 -0.337892354 -0.237748891
vn -0.904625654 -0.337892294 -0.159511149
vn -0.929815292 -0.255755216 -0.163952753
vn -0.929815292 -0.255755216 -0.163952753
vn -0.904625654 -0.337892294 -0.159511149
vn -0.915085733 -0.337892294 -0.0800592974
vn -0.940566778 -0.255755156 -0.0822885484
vn -0.940566778 -0.255755156 -0.0822885484
vn -0.915085733 -0.337892294 -0.0800592974
vn -0.918590307 -0.337892264 -4.32526576e-07
vn -0.944168866 -0.255755126 -4.09781933e-07
vn -0.944168866 -0.255755126 -4.09781933e-07
vn -0.918590307 -0.337892264 -4.32526576e-07
vn -0.915085852 -0.337892205 0.0800584704
vn -0.940566838 -0.255755067 0.0822877511
vn -0.940566838 -0.255755067 0.0822877511
vn -0.915085852 -0.337892205 0.0800584704
vn -0.904625773 -0.337892205 0.159510434
vn -0.929815471 -0.255755097 0.163952067
vn -0.929815471 -0.255755097 0.163952067
vn -0.904625773 -0.337892205 0.159510434
vn -0.88729018 -0.337892294 0.237748429
vn -0.911997139 -0.255755156 0.244368628
vn -0.911997139 -0.255755156 0.244368628
vn -0.88729018 -0.337892294 0.237748429
vn -0.863184392 -0.337892324 0.314172328
vn -0.887220204 -0.255755186 0.322920561
vn -0.887220204 -0.255755186 0.322920561
vn -0.863184392 -0.337892324 0.314172328
vn -0.832517266 -0.337892354 0.388209373
vn -0.855698943 -0.255755186 0.399019182
vn -0.855698943 -0.255755186 0.399019182
vn -0.832517266 -0.337892354 0.388209373
vn -0.795522809 -0.337892383 0.459294617
vn -0.817674577 -0.255755216 0.472083837
vn -0.817674577 -0.255755216 0.472083837
vn -0.795522809 -0.337892383 0.459294617
vn -0.752458513 -0.337892294 0.526875317
vn -0.773411036 -0.255755246 0.541546404
vn -0.773411036 -0.255755246 0.541546404
vn -0.752458513 -0.337892294 0.526875317
vn -0.703673959 -0.337892383 0.59045285
vn -0.723268092 -0.255755246 0.606894135
vn -0.723268092 -0.255755246 0.606894135
vn -0.703673959 -0.337892383 0.59045285
vn -0.649541795 -0.337892354 0.64954102
vn -0.667628586 -0.255755246 0.667627752
vn -0.667628586 -0.255755246 0.667627752
vn -0.649541795 -0.337892354 0.64954102
vn -0.590453565 -0.337892324 0.703673244
vn -0.60689497 -0.255755216 0.723267317
vn -0.60689497 -0.255755216 0.723267317
vn -0.590453565 -0.337892324 0.703673244
vn -0.526876092 -0.337892324 0.752457917
vn -0.541547179 -0.255755246 0.77341038
vn -0.541547179 -0.255755246 0.77341038
vn -0.526876092 -0.337892324 0.752457917
vn -0.459295303 -0.337892354 0.795522332
vn -0.472084522 -0.255755216 0.817674041
vn -0.472084522 -0.255755216 0.817674041
vn -0.459295303 -0.337892354 0.795522332
vn -0.388210058 -0.337892324 0.832516909
vn -0.399019897 -0.255755216 0.855698705
vn -0.399019897 -0.255755216 0.855698705
vn -0.388210058 -0.337892324 0.832516909
vn -0.314173043 -0.337892294 0.863184094
vn -0.322921246 -0.255755156 0.887219846
vn -0.322921246 -0.255755156 0.887219846
vn -0.314173043 -0.337892294 0.863184094
vn -0.237749159 -0.337892264 0.887289941
vn -0.244369358 -0.255755156 0.911996961
vn -0.244369358 -0.255755156 0.911996961
vn -0.237749159 -0.337892264 0.887289941
vn -0.159511194 -0.337892205 0.904625654
vn -0.163952842 -0.255755126 0.929815412
vn -0.163952842 -0.255755126 0.929815412
vn -0.159511194 -0.337892205 0.904625654
vn -0.0800592899 -0.337892264 0.915085733
vn -0.0822885707 -0.255755156 0.940566778
vn -0.0822885707 -0.255755156 0.940566778
vn -0.0800592899 -0.337892264 0.915085733
vn -3.95113602e-07 -0.337892294 0.918590307
vn -4.0885061e-07 -0.255755186 0.944168925
vn -4.0885061e-07 -0.255755186 0.944168925
vn -3.95113602e-07 -0.337892294 0.918590307
vn 0.0800585076 -0.337892264 0.915085793
vn 0.082287766 -0.255755156 0.940566778
vn 0.082287766 -0.255755156 0.940566778
vn 0.0800585076 -0.337892264 0.915085793
vn 0.159510434 -0.337892234 0.904625714
vn 0.163952067 -0.255755156 0.929815471
vn 0.163952067 -0.255755156 0.929815471
vn 0.159510434 -0.337892234 0.904625714
vn 0.23774837 -0.337892294 0.88729012
vn 0.244368583 -0.255755186 0.911997259
vn 0.244368583 -0.255755186 0.911997259
vn 0.23774837 -0.337892294 0.88729012
vn 0.314172238 -0.337892294 0.863184452
vn 0.322920501 -0.255755216 0.887220263
vn 0.322920501 -0.255755216 0.887220263
vn 0.314172238 -0.337892294 0.863184452
vn 0.388209224 -0.337892354 0.832517326
vn 0.399019063 -0.255755216 0.855699062
vn 0.399019063 -0.255755216 0.855699062
vn 0.388209224 -0.337892354 0.832517326
vn 0.459294468 -0.337892383 0.795522809
vn 0.472083718 -0.255755275 0.817674637
vn 0.472083718 -0.255755275 0.817674637
vn 0.459294468 -0.337892383 0.795522809
vn 0.526875317 -0.337892354 0.752458572
vn 0.541546404 -0.255755275 0.773410976
vn 0.541546404 -0.255755275 0.773410976
vn 0.526875317 -0.337892354 0.752458572
vn 0.59045285 -0.337892443 0.703673899
vn 0.606894135 -0.255755305 0.723268151
vn 0.606894135 -0.255755305 0.723268151
vn 0.59045285 -0.337892443 0.703673899
vn 0.64954108 -0.337892413 0.649541795
vn 0.667627811 -0.255755275 0.667628527
vn 0.667627811 -0.255755275 0.667628527
vn 0.64954108 -0.337892413 0.649541795
vn 0.703673244 -0.337892413 0.590453625
vn 0.723267317 -0.255755305 0.60689497
vn 0.723267317 -0.255755305 0.60689497
vn 0.703673244 -0.337892413 0.590453625
vn 0.752457917 -0.337892354 0.526876211
vn 0.77341038 -0.255755305 0.541547358
vn 0.77341038 -0.255755305 0.541547358
vn 0.752457917 -0.337892354 0.526876211
vn 0.795522332 -0.337892383 0.459295571
vn 0.817673802 -0.255755275 0.47208482
vn 0.817673802 -0.255755275 0.47208482
vn 0.795522332 -0.337892383 0.459295571
vn 0.832516789 -0.337892324 0.388210446
vn 0.855698586 -0.255755275 0.399020255
vn 0.855698586 -0.255755275 0.399020255
vn 0.832516789 -0.337892324 0.388210446
vn 0.863183916 -0.337892324 0.31417343
vn 0.887219727 -0.255755216 0.322921634
vn 0.887219727 -0.255755216 0.322921634
vn 0.863183916 -0.337892324 0.31417343
vn 0.887289822 -0.337892264 0.237749428
vn 0.911996841 -0.255755156 0.244369611
vn 0.911996841 -0.255755156 0.244369611
vn 0.887289822 -0.337892264 0.237749428
vn 0.904625595 -0.337892205 0.159511283
vn 0.929815292 -0.255755126 0.163952917
vn 0.929815292 -0.255755126 0.163952917
vn 0.904625595 -0.337892205 0.159511283
vn 0.915085793 -0.337892234 0.0800591409
vn 0.940566778 -0.255755097 0.0822884291
vn 0.940566778 -0.255755097 0.0822884291
vn 0.915085793 -0.337892234 0.0800591409
vn 0.918590367 -0.337892234 3.5535777e-08
vn 0.944168746 -0.255755097 6.14672899e-08
vn 0.918590367 -0.337892234 3.5535777e-08
vn 0.886084795 -0.417409539 6.86850399e-09
vn 0.882704437 -0.417409569 -0.0772259384
vn 0.915085793 -0.337892205 -0.0800589025
vn 0.915085793 -0.337892205 -0.0800589025
vn 0.882704437 -0.417409569 -0.0772259384
vn 0.872614563 -0.417409539 -0.153866291
vn 0.904625893 -0.337892294 -0.159510791
vn 0.904625893 -0.337892294 -0.159510791
vn 0.872614563 -0.417409539 -0.153866291
vn 0.855892181 -0.417409599 -0.229335636
vn 0.88729018 -0.337892324 -0.237748682
vn 0.88729018 -0.337892324 -0.237748682
vn 0.855892181 -0.417409599 -0.229335636
vn 0.832639456 -0.417409569 -0.303055137
vn 0.863184333 -0.337892264 -0.314172566
vn 0.863184333 -0.337892264 -0.314172566
vn 0.832639456 -0.417409569 -0.303055137
vn 0.803057373 -0.417409509 -0.374472618
vn 0.832516968 -0.337892234 -0.388209969
vn 0.832516968 -0.337892234 -0.388209969
vn 0.803057373 -0.417409509 -0.374472618
vn 0.767372012 -0.417409569 -0.443042457
vn 0.795522571 -0.337892264 -0.459295183
vn 0.795522571 -0.337892264 -0.459295183
vn 0.767372012 -0.417409569 -0.443042457
vn 0.725831389 -0.417409509 -0.508231759
vn 0.752458155 -0.337892294 -0.526875913
vn 0.752458155 -0.337892294 -0.526875913
vn 0.725831389 -0.417409509 -0.508231759
vn 0.678773165 -0.417409629 -0.569559395
vn 0.703673482 -0.337892354 -0.590453327
vn 0.703673482 -0.337892354 -0.590453327
vn 0.678773165 -0.417409629 -0.569559395
vn 0.626556516 -0.417409658 -0.626556575
vn 0.649541378 -0.337892413 -0.649541497
vn 0.649541378 -0.337892413 -0.649541497
vn 0.626556516 -0.417409658 -0.626556575
vn 0.569559336 -0.417409629 -0.678773284
vn 0.590453207 -0.337892383 -0.703673601
vn 0.590453207 -0.337892383 -0.703673601
vn 0.569559336 -0.417409629 -0.678773284
vn 0.508231759 -0.417409599 -0.725831449
vn 0.526875913 -0.337892383 -0.752458096
vn 0.526875913 -0.337892383 -0.752458096
vn 0.508231759 -0.417409599 -0.725831449
vn 0.443042457 -0.417409658 -0.767371953
vn 0.459295124 -0.337892383 -0.795522451
vn 0.459295124 -0.337892383 -0.795522451
vn 0.443042457 -0.417409658 -0.767371953
vn 0.374472618 -0.417409599 -0.803057194
vn 0.388209939 -0.337892354 -0.832516909
vn 0.388209939 -0.337892354 -0.832516909
vn 0.374472618 -0.417409599 -0.803057194
vn 0.303055108 -0.417409599 -0.832639396
vn 0.314172447 -0.337892354 -0.863184214
vn 0.314172447 -0.337892354 -0.863184214
vn 0.303055108 -0.417409599 -0.832639396
vn 0.229335591 -0.417409658 -0.855892241
vn 0.237748638 -0.337892354 -0.887290061
vn 0.237748638 -0.337892354 -0.887290061
vn 0.229335591 -0.417409658 -0.855892241
vn 0.153866202 -0.417409599 -0.872614503
vn 0.159510672 -0.337892264 -0.904625833
vn 0.159510672 -0.337892264 -0.904625833
vn 0.153866202 -0.417409599 -0.872614503
vn 0.0772259682 -0.417409539 -0.882704377
vn 0.0800589249 -0.337892234 -0.915085852
vn 0.0800589249 -0.337892234 -0.915085852
vn 0.0772259682 -0.417409539 -0.882704377
vn 1.01979822e-07 -0.417409539 -0.886084855
vn 8.93342076e-08 -0.337892205 -0.918590307
vn 8.93342076e-08 -0.337892205 -0.918590307
vn 1.01979822e-07 -0.417409539 -0.886084855
vn -0.0772257745 -0.417409509 -0.882704318
vn -0.0800587609 -0.337892175 -0.915085733
vn -0.0800587609 -0.337892175 -0.915085733
vn -0.0772257745 -0.417409509 -0.882704318
vn -0.153866217 -0.41740948 -0.872614443
vn -0.159510672 -0.337892175 -0.904625714
vn -0.159510672 -0.337892175 -0.904625714
vn -0.153866217 -0.41740948 -0.872614443
vn -0.229335487 -0.417409599 -0.855892241
vn -0.237748504 -0.337892294 -0.88729012
vn -0.237748504 -0.337892294 -0.88729012
vn -0.229335487 -0.417409599 -0.855892241
vn -0.303055048 -0.417409569 -0.832639456
vn -0.314172417 -0.337892294 -0.863184333
vn -0.314172417 -0.337892294 -0.863184333
vn -0.303055048 -0.417409569 -0.832639456
vn -0.374472558 -0.417409569 -0.803057313
vn -0.38820982 -0.337892354 -0.832516968
vn -0.38820982 -0.337892354 -0.832516968
vn -0.374472558 -0.417409569 -0.803057313
vn -0.443042427 -0.417409599 -0.767372012
vn -0.459295094 -0.337892383 -0.795522511
vn -0.459295094 -0.337892383 -0.795522511
vn -0.443042427 -0.417409599 -0.767372012
vn -0.50823158 -0.417409539 -0.725831568
vn -0.526875734 -0.337892294 -0.752458274
vn -0.526875734 -0.337892294 -0.752458274
vn -0.50823158 -0.417409539 -0.725831568
vn -0.569559276 -0.417409569 -0.678773463
vn -0.590453207 -0.337892383 -0.70367372
vn -0.590453207 -0.337892383 -0.70367372
vn -0.569559276 -0.417409569 -0.678773463
vn -0.626556456 -0.417409569 -0.626556695
vn -0.649541318 -0.337892324 -0.649541616
vn -0.649541318 -0.337892324 -0.649541616
vn -0.626556456 -0.417409569 -0.626556695
vn -0.678773165 -0.417409569 -0.569559455
vn -0.703673482 -0.337892264 -0.590453446
vn -0.703673482 -0.337892264 -0.590453446
vn -0.678773165 -0.417409569 -0.569559455
vn -0.725831389 -0.417409569 -0.508231819
vn -0.752458036 -0.337892264 -0.526875973
vn -0.752458036 -0.337892264 -0.526875973
vn -0.725831389 -0.417409569 -0.508231819
vn -0.767371893 -0.417409599 -0.443042606
vn -0.795522273 -0.337892354 -0.459295362
vn -0.795522273 -0.337892354 -0.459295362
vn -0.767371893 -0.417409599 -0.443042606
vn -0.803057194 -0.417409629 -0.374472857
vn -0.832516789 -0.337892354 -0.388210148
vn -0.832516789 -0.337892354 -0.388210148
vn -0.803057194 -0.417409629 -0.374472857
vn -0.832639277 -0.417409629 -0.303055376
vn -0.863184094 -0.337892383 -0.314172804
vn -0.863184094 -0.337892383 -0.314172804
vn -0.832639277 -0.417409629 -0.303055376
vn -0.855892181 -0.417409599 -0.229335889
vn -0.887290001 -0.337892354 -0.237748891
vn -0.887290001 -0.337892354 -0.237748891
vn -0.855892181 -0.417409599 -0.229335889
vn -0.872614384 -0.417409509 -0.153866693
vn -0.904625654 -0.337892294 -0.159511149
vn -0.904625654 -0.337892294 -0.159511149
vn -0.872614384 -0.417409509 -0.153866693
vn -0.882704318 -0.417409539 -0.0772263333
vn -0.915085733 -0.337892294 -0.0800592974
vn -0.915085733 -0.337892294 -0.0800592974
vn -0.882704318 -0.417409539 -0.0772263333
vn -0.886084795 -0.417409569 -4.35276888e-07
vn -0.918590307 -0.337892264 -4.32526576e-07
vn -0.918590307 -0.337892264 -4.32526576e-07
vn -0.886084795 -0.417409569 -4.35276888e-07
vn -0.882704377 -0.417409539 0.0772254989
vn -0.915085852 -0.337892205 0.0800584704
vn -0.915085852 -0.337892205 0.0800584704
vn -0.882704377 -0.417409539 0.0772254989
vn -0.872614503 -0.417409539 0.153865948
vn -0.904625773 -0.337892205 0.159510434
vn -0.904625773 -0.337892205 0.159510434
vn -0.872614503 -0.417409539 0.153865948
vn -0.85589236 -0.417409539 0.229335412
vn -0.88729018 -0.337892294 0.237748429
vn -0.88729018 -0.337892294 0.237748429
vn -0.85589236 -0.417409539 0.229335412
vn -0.832639575 -0.417409629 0.303054959
vn -0.863184392 -0.337892324 0.314172328
vn -0.863184392 -0.337892324 0.314172328
vn -0.832639575 -0.417409629 0.303054959
vn -0.803057551 -0.417409599 0.374472111
vn -0.832517266 -0.337892354 0.388209373
vn -0.832517266 -0.337892354 0.388209373
vn -0.803057551 -0.417409599 0.374472111
vn -0.767372251 -0.417409658 0.443041921
vn -0.795522809 -0.337892383 0.459294617
vn -0.795522809 -0.337892383 0.459294617
vn -0.767372251 -0.417409658 0.443041921
vn -0.725831807 -0.417409629 0.508231282
vn -0.752458513 -0.337892294 0.526875317
vn -0.752458513 -0.337892294 0.526875317
vn -0.725831807 -0.417409629 0.508231282
vn -0.678773642 -0.417409658 0.569558918
vn -0.703673959 -0.337892383 0.59045285
vn -0.703673959 -0.337892383 0.59045285
vn -0.678773642 -0.417409658 0.569558918
vn -0.626556933 -0.417409599 0.626556158
vn -0.649541795 -0.337892354 0.64954102
vn -0.649541795 -0.337892354 0.64954102
vn -0.626556933 -0.417409599 0.626556158
vn -0.569559634 -0.417409629 0.678772867
vn -0.590453565 -0.337892324 0.703673244
vn -0.590453565 -0.337892324 0.703673244
vn -0.569559634 -0.417409629 0.678772867
vn -0.508231938 -0.417409629 0.725831151
vn -0.526876092 -0.337892324 0.752457917
vn -0.526876092 -0.337892324 0.752457917
vn -0.508231938 -0.417409629 0.725831151
vn -0.443042606 -0.417409658 0.767371774
vn -0.459295303 -0.337892354 0.795522332
vn -0.459295303 -0.337892354 0.795522332
vn -0.443042606 -0.417409658 0.767371774
vn -0.374472767 -0.417409629 0.803057373
vn -0.388210058 -0.337892324 0.832516909
vn -0.388210058 -0.337892324 0.832516909
vn -0.374472767 -0.417409629 0.803057373
vn -0.303055584 -0.417409569 0.832639217
vn -0.314173043 -0.337892294 0.863184094
vn -0.314173043 -0.337892294 0.863184094
vn -0.303055584 -0.417409569 0.832639217
vn -0.229336113 -0.417409539 0.855892122
vn -0.237749159 -0.337892264 0.887289941
vn -0.237749159 -0.337892264 0.887289941
vn -0.229336113 -0.417409539 0.855892122
vn -0.153866708 -0.417409509 0.872614324
vn -0.159511194 -0.337892205 0.904625654
vn -0.159511194 -0.337892205 0.904625654
vn -0.153866708 -0.417409509 0.872614324
vn -0.0772263035 -0.417409569 0.882704318
vn -0.0800592899 -0.337892264 0.915085733
vn -0.0800592899 -0.337892264 0.915085733
vn -0.0772263035 -0.417409569 0.882704318
vn -3.7625432e-07 -0.417409569 0.886084795
vn -3.95113602e-07 -0.337892294 0.918590307
vn -3.95113602e-07 -0.337892294 0.918590307
vn -3.7625432e-07 -0.417409569 0.886084795
vn 0.0772255436 -0.417409569 0.882704377
vn 0.0800585076 -0.337892264 0.915085793
vn 0.0800585076 -0.337892264 0.915085793
vn 0.0772255436 -0.417409569 0.882704377
vn 0.153865948 -0.417409509 0.872614503
vn 0.159510434 -0.337892234 0.904625714
vn 0.159510434 -0.337892234 0.904625714
vn 0.153865948 -0.417409509 0.872614503
vn 0.229335338 -0.417409539 0.85589236
vn 0.23774837 -0.337892294 0.88729012
vn 0.23774837 -0.337892294 0.88729012
vn 0.229335338 -0.417409539 0.85589236
vn 0.303054869 -0.417409569 0.832639635
vn 0.314172238 -0.337892294 0.863184452
vn 0.314172238 -0.337892294 0.863184452
vn 0.303054869 -0.417409569 0.832639635
vn 0.374471992 -0.417409599 0.803057611
vn 0.388209224 -0.337892354 0.832517326
vn 0.388209224 -0.337892354 0.832517326
vn 0.374471992 -0.417409599 0.803057611
vn 0.443041801 -0.417409658 0.76737231
vn 0.459294468 -0.337892383 0.795522809
vn 0.459294468 -0.337892383 0.795522809
vn 0.443041801 -0.417409658 0.76737231
vn 0.508231163 -0.417409658 0.725831747
vn 0.526875317 -0.337892354 0.752458572
vn 0.526875317 -0.337892354 0.752458572
vn 0.508231163 -0.417409658 0.725831747
vn 0.569558918 -0.417409718 0.678773582
vn 0.59045285 -0.337892443 0.703673899
vn 0.59045285 -0.337892443 0.703673899
vn 0.569558918 -0.417409718 0.678773582
vn 0.626556158 -0.417409778 0.626556873
vn 0.64954108 -0.337892413 0.649541795
vn 0.64954108 -0.337892413 0.649541795
vn 0.626556158 -0.417409778 0.626556873
vn 0.678772926 -0.417409688 0.569559634
vn 0.703673244 -0.337892413 0.590453625
vn 0.703673244 -0.337892413 0.590453625
vn 0.678772926 -0.417409688 0.569559634
vn 0.725831151 -0.417409629 0.508232117
vn 0.752457917 -0.337892354 0.526876211
vn 0.752457917 -0.337892354 0.526876211
vn 0.725831151 -0.417409629 0.508232117
vn 0.767371655 -0.417409569 0.443042904
vn 0.795522332 -0.337892383 0.459295571
vn 0.795522332 -0.337892383 0.459295571
vn 0.767371655 -0.417409569 0.443042904
vn 0.803057134 -0.417409599 0.374473214
vn 0.832516789 -0.337892324 0.388210446
vn 0.832516789 -0.337892324 0.388210446
vn 0.803057134 -0.417409599 0.374473214
vn 0.832639158 -0.417409569 0.303056031
vn 0.863183916 -0.337892324 0.31417343
vn 0.863183916 -0.337892324 0.31417343
vn 0.832639158 -0.417409569 0.303056031
vn 0.855892062 -0.417409599 0.229336396
vn 0.887289822 -0.337892264 0.237749428
vn 0.887289822 -0.337892264 0.237749428
vn 0.855892062 -0.417409599 0.229336396
vn 0.872614324 -0.417409509 0.153866768
vn 0.904625595 -0.337892205 0.159511283
vn 0.904625595 -0.337892205 0.159511283
vn 0.872614324 -0.417409509 0.153866768
vn 0.882704318 -0.417409539 0.0772261247
vn 0.915085793 -0.337892234 0.0800591409
vn 0.915085793 -0.337892234 0.0800591409
vn 0.882704318 -0.417409539 0.0772261247
vn 0.886084795 -0.417409539 6.86850399e-09
vn 0.918590367 -0.337892234 3.5535777e-08
vn 0.886084795 -0.417409539 6.86850399e-09
vn 0.846925199 -0.493695736 -1.25728548e-08
vn 0.84369415 -0.493695706 -0.0738130286
vn 0.882704437 -0.417409569 -0.0772259384
vn 0.882704437 -0.417409569 -0.0772259384
vn 0.84369415 -0.493695706 -0.0738130286
vn 0.834050179 -0.493695736 -0.147066325
vn 0.872614563 -0.417409539 -0.153866291
vn 0.872614563 -0.417409539 -0.153866291
vn 0.834050179 -0.493695736 -0.147066325
vn 0.818066955 -0.493695736 -0.219200358
vn 0.855892181 -0.417409599 -0.229335636
vn 0.855892181 -0.417409599 -0.229335636
vn 0.818066955 -0.493695736 -0.219200358
vn 0.795841753 -0.493695706 -0.289661884
vn 0.832639456 -0.417409569 -0.303055137
vn 0.832639456 -0.417409569 -0.303055137
vn 0.795841753 -0.493695706 -0.289661884
vn 0.767566979 -0.493695736 -0.35792315
vn 0.803057373 -0.417409509 -0.374472618
vn 0.803057373 -0.417409509 -0.374472618
vn 0.767566979 -0.493695736 -0.35792315
vn 0.733458638 -0.493695766 -0.4234626
vn 0.767372012 -0.417409569 -0.443042457
vn 0.767372012 -0.417409569 -0.443042457
vn 0.733458638 -0.493695766 -0.4234626
vn 0.693754017 -0.493695736 -0.485770911
vn 0.725831389 -0.417409509 -0.508231759
vn 0.725831389 -0.417409509 -0.508231759
vn 0.693754017 -0.493695736 -0.485770911
vn 0.648775458 -0.493695736 -0.544388235
vn 0.678773165 -0.417409629 -0.569559395
vn 0.678773165 -0.417409629 -0.569559395
vn 0.648775458 -0.493695736 -0.544388235
vn 0.598866522 -0.493695766 -0.598866582
vn 0.626556516 -0.417409658 -0.626556575
vn 0.626556516 -0.417409658 -0.626556575
vn 0.598866522 -0.493695766 -0.598866582
vn 0.544388175 -0.493695736 -0.648775458
vn 0.569559336 -0.417409629 -0.678773284
vn 0.569559336 -0.417409629 -0.678773284
vn 0.544388175 -0.493695736 -0.648775458
vn 0.485770941 -0.493695736 -0.693754137
vn 0.508231759 -0.417409599 -0.725831449
vn 0.508231759 -0.417409599 -0.725831449
vn 0.485770941 -0.493695736 -0.693754137
vn 0.42346257 -0.493695736 -0.733458698
vn 0.443042457 -0.417409658 -0.767371953
vn 0.443042457 -0.417409658 -0.767371953
vn 0.42346257 -0.493695736 -0.733458698
vn 0.35792315 -0.493695736 -0.767566979
vn 0.374472618 -0.417409599 -0.803057194
vn 0.374472618 -0.417409599 -0.803057194
vn 0.35792315 -0.493695736 -0.767566979
vn 0.289661825 -0.493695736 -0.795841694
vn 0.303055108 -0.417409599 -0.832639396
vn 0.303055108 -0.417409599 -0.832639396
vn 0.289661825 -0.493695736 -0.795841694
vn 0.219200328 -0.493695766 -0.818066835
vn 0.229335591 -0.417409658 -0.855892241
vn 0.229335591 -0.417409658 -0.855892241
vn 0.219200328 -0.493695766 -0.818066835
vn 0.147066236 -0.493695706 -0.834050059
vn 0.153866202 -0.417409599 -0.872614503
vn 0.153866202 -0.417409599 -0.872614503
vn 0.147066236 -0.493695706 -0.834050059
vn 0.0738130435 -0.493695766 -0.843694091
vn 0.0772259682 -0.417409539 -0.882704377
vn 0.0772259682 -0.417409539 -0.882704377
vn 0.0738130435 -0.493695766 -0.843694091
vn 1.18277967e-07 -0.493695706 -0.846925139
vn 1.01979822e-07 -0.417409539 -0.886084855
vn 1.01979822e-07 -0.417409539 -0.886084855
vn 1.18277967e-07 -0.493695706 -0.846925139
vn -0.0738128498 -0.493695676 -0.84369415
vn -0.0772257745 -0.417409509 -0.882704318
vn -0.0772257745 -0.417409509 -0.882704318
vn -0.0738128498 -0.493695676 -0.84369415
vn -0.147066221 -0.493695676 -0.834050119
vn -0.153866217 -0.41740948 -0.872614443
vn -0.153866217 -0.41740948 -0.872614443
vn -0.147066221 -0.493695676 -0.834050119
vn -0.219200239 -0.493695736 -0.818066835
vn -0.229335487 -0.417409599 -0.855892241
vn -0.229335487 -0.417409599 -0.855892241
vn -0.219200239 -0.493695736 -0.818066835
vn -0.289661825 -0.493695736 -0.795841694
vn -0.303055048 -0.417409569 -0.832639456
vn -0.303055048 -0.417409569 -0.832639456
vn -0.289661825 -0.493695736 -0.795841694
vn -0.35792312 -0.493695736 -0.767567098
vn -0.374472558 -0.417409569 -0.803057313
vn -0.374472558 -0.417409569 -0.803057313
vn -0.35792312 -0.493695736 -0.767567098
vn -0.42346254 -0.493695766 -0.733458757
vn -0.443042427 -0.417409599 -0.767372012
vn -0.443042427 -0.417409599 -0.767372012
vn -0.42346254 -0.493695766 -0.733458757
vn -0.485770762 -0.493695676 -0.693754196
vn -0.50823158 -0.417409539 -0.725831568
vn -0.50823158 -0.417409539 -0.725831568
vn -0.485770762 -0.493695676 -0.693754196
vn -0.544388056 -0.493695736 -0.648775637
vn -0.569559276 -0.417409569 -0.678773463
vn -0.569559276 -0.417409569 -0.678773463
vn -0.544388056 -0.493695736 -0.648775637
vn -0.598866463 -0.493695706 -0.598866642
vn -0.626556456 -0.417409569 -0.626556695
vn -0.626556456 -0.417409569 -0.626556695
vn -0.598866463 -0.493695706 -0.598866642
vn -0.648775399 -0.493695706 -0.544388294
vn -0.678773165 -0.417409569 -0.569559455
vn -0.678773165 -0.417409569 -0.569559455
vn -0.648775399 -0.493695706 -0.544388294
vn -0.693753898 -0.493695736 -0.485771
vn -0.725831389 -0.417409569 -0.508231819
vn -0.725831389 -0.417409569 -0.508231819
vn -0.693753898 -0.493695736 -0.485771
vn -0.733458519 -0.493695796 -0.423462749
vn -0.767371893 -0.417409599 -0.443042606
vn -0.767371893 -0.417409599 -0.443042606
vn -0.733458519 -0.493695796 -0.423462749
vn -0.767566919 -0.493695766 -0.357923359
vn -0.803057194 -0.417409629 -0.374472857
vn -0.803057194 -0.417409629 -0.374472857
vn -0.767566919 -0.493695766 -0.357923359
vn -0.795841634 -0.493695736 -0.289662153
vn -0.832639277 -0.417409629 -0.303055376
vn -0.832639277 -0.417409629 -0.303055376
vn -0.795841634 -0.493695736 -0.289662153
vn -0.818066895 -0.493695766 -0.219200626
vn -0.855892181 -0.417409599 -0.229335889
vn -0.855892181 -0.417409599 -0.229335889
vn -0.818066895 -0.493695766 -0.219200626
vn -0.83405 -0.493695676 -0.147066712
vn -0.872614384 -0.417409509 -0.153866693
vn -0.872614384 -0.417409509 -0.153866693
vn -0.83405 -0.493695676 -0.147066712
vn -0.84369415 -0.493695766 -0.0738133863
vn -0.882704318 -0.417409539 -0.0772263333
vn -0.882704318 -0.417409539 -0.0772263333
vn -0.84369415 -0.493695766 -0.0738133863
vn -0.84692508 -0.493695766 -4.17698175e-07
vn -0.886084795 -0.417409569 -4.35276888e-07
vn -0.886084795 -0.417409569 -4.35276888e-07
vn -0.84692508 -0.493695766 -4.17698175e-07
vn -0.843694091 -0.493695766 0.073812589
vn -0.882704377 -0.417409539 0.0772254989
vn -0.882704377 -0.417409539 0.0772254989
vn -0.843694091 -0.493695766 0.073812589
vn -0.834050119 -0.493695736 0.147065982
vn -0.872614503 -0.417409539 0.153865948
vn -0.872614503 -0.417409539 0.153865948
vn -0.834050119 -0.493695736 0.147065982
vn -0.818066955 -0.493695766 0.219200164
vn -0.85589236 -0.417409539 0.229335412
vn -0.85589236 -0.417409539 0.229335412
vn -0.818066955 -0.493695766 0.219200164
vn -0.795841873 -0.493695825 0.289661765
vn -0.832639575 -0.417409629 0.303054959
vn -0.832639575 -0.417409629 0.303054959
vn -0.795841873 -0.493695825 0.289661765
vn -0.767567277 -0.493695825 0.357922703
vn -0.803057551 -0.417409599 0.374472111
vn -0.803057551 -0.417409599 0.374472111
vn -0.767567277 -0.493695825 0.357922703
vn -0.733458996 -0.493695825 0.423462152
vn -0.767372251 -0.417409658 0.443041921
vn -0.767372251 -0.417409658 0.443041921
vn -0.733458996 -0.493695825 0.423462152
vn -0.693754315 -0.493695796 0.485770494
vn -0.725831807 -0.417409629 0.508231282
vn -0.725831807 -0.417409629 0.508231282
vn -0.693754315 -0.493695796 0.485770494
vn -0.648775756 -0.493695796 0.544387817
vn -0.678773642 -0.417409658 0.569558918
vn -0.678773642 -0.417409658 0.569558918
vn -0.648775756 -0.493695796 0.544387817
vn -0.59886688 -0.493695766 0.598866105
vn -0.626556933 -0.417409599 0.626556158
vn -0.626556933 -0.417409599 0.626556158
vn -0.59886688 -0.493695766 0.598866105
vn -0.544388533 -0.493695766 0.64877522
vn -0.569559634 -0.417409629 0.678772867
vn -0.569559634 -0.417409629 0.678772867
vn -0.544388533 -0.493695766 0.64877522
vn -0.485771179 -0.493695796 0.693753779
vn -0.508231938 -0.417409629 0.725831151
vn -0.508231938 -0.417409629 0.725831151
vn -0.485771179 -0.493695796 0.693753779
vn -0.423462778 -0.493695825 0.733458519
vn -0.443042606 -0.417409658 0.767371774
vn -0.443042606 -0.417409658 0.767371774
vn -0.423462778 -0.493695825 0.733458519
vn -0.357923359 -0.493695825 0.767566919
vn -0.374472767 -0.417409629 0.803057373
vn -0.374472767 -0.417409629 0.803057373
vn -0.357923359 -0.493695825 0.767566919
vn -0.289662421 -0.493695766 0.795841455
vn -0.303055584 -0.417409569 0.832639217
vn -0.303055584 -0.417409569 0.832639217
vn -0.289662421 -0.493695766 0.795841455
vn -0.219200835 -0.493695736 0.818066716
vn -0.229336113 -0.417409539 0.855892122
vn -0.229336113 -0.417409539 0.855892122
vn -0.219200835 -0.493695736 0.818066716
vn -0.147066727 -0.493695676 0.83404994
vn -0.153866708 -0.417409509 0.872614324
vn -0.153866708 -0.417409509 0.872614324
vn -0.147066727 -0.493695676 0.83404994
vn -0.073813349 -0.493695706 0.84369415
vn -0.0772263035 -0.417409569 0.882704318
vn -0.0772263035 -0.417409569 0.882704318
vn -0.073813349 -0.493695706 0.84369415
vn -3.60421836e-07 -0.493695706 0.84692508
vn -3.7625432e-07 -0.417409569 0.886084795
vn -3.7625432e-07 -0.417409569 0.886084795
vn -3.60421836e-07 -0.493695706 0.84692508
vn 0.0738126263 -0.493695706 0.843694091
vn 0.0772255436 -0.417409569 0.882704377
vn 0.0772255436 -0.417409569 0.882704377
vn 0.0738126263 -0.493695706 0.843694091
vn 0.147065967 -0.493695676 0.834050119
vn 0.153865948 -0.417409509 0.872614503
vn 0.153865948 -0.417409509 0.872614503
vn 0.147065967 -0.493695676 0.834050119
vn 0.21920009 -0.493695736 0.818066955
vn 0.229335338 -0.417409539 0.85589236
vn 0.229335338 -0.417409539 0.85589236
vn 0.21920009 -0.493695736 0.818066955
vn 0.289661705 -0.493695766 0.795841932
vn 0.303054869 -0.417409569 0.832639635
vn 0.303054869 -0.417409569 0.832639635
vn 0.289661705 -0.493695766 0.795841932
vn 0.357922554 -0.493695766 0.767567217
vn 0.374471992 -0.417409599 0.803057611
vn 0.374471992 -0.417409599 0.803057611
vn 0.357922554 -0.493695766 0.767567217
vn 0.423462063 -0.493695825 0.733459055
vn 0.443041801 -0.417409658 0.76737231
vn 0.443041801 -0.417409658 0.76737231
vn 0.423462063 -0.493695825 0.733459055
vn 0.485770434 -0.493695855 0.693754375
vn 0.508231163 -0.417409658 0.725831747
vn 0.508231163 -0.417409658 0.725831747
vn 0.485770434 -0.493695855 0.693754375
vn 0.544387758 -0.493695885 0.648775756
vn 0.569558918 -0.417409718 0.678773582
vn 0.569558918 -0.417409718 0.678773582
vn 0.544387758 -0.493695885 0.648775756
vn 0.598866165 -0.493695915 0.59886682
vn 0.626556158 -0.417409778 0.626556873
vn 0.626556158 -0.417409778 0.626556873
vn 0.598866165 -0.493695915 0.59886682
vn 0.64877516 -0.493695825 0.544388533
vn 0.678772926 -0.417409688 0.569559634
vn 0.678772926 -0.417409688 0.569559634
vn 0.64877516 -0.493695825 0.544388533
vn 0.693753719 -0.493695736 0.485771358
vn 0.725831151 -0.417409629 0.508232117
vn 0.725831151 -0.417409629 0.508232117
vn 0.693753719 -0.493695736 0.485771358
vn 0.733458459 -0.493695706 0.423463076
vn 0.767371655 -0.417409569 0.443042904
vn 0.767371655 -0.417409569 0.443042904
vn 0.733458459 -0.493695706 0.423463076
vn 0.76756686 -0.493695706 0.357923806
vn 0.803057134 -0.417409599 0.374473214
vn 0.803057134 -0.417409599 0.374473214
vn 0.76756686 -0.493695706 0.357923806
vn 0.795841455 -0.493695676 0.289662808
vn 0.832639158 -0.417409569 0.303056031
vn 0.832639158 -0.417409569 0.303056031
vn 0.795841455 -0.493695676 0.289662808
vn 0.818066657 -0.493695766 0.219201103
vn 0.855892062 -0.417409599 0.229336396
vn 0.855892062 -0.417409599 0.229336396
vn 0.818066657 -0.493695766 0.219201103
vn 0.83404994 -0.493695736 0.147066787
vn 0.872614324 -0.417409509 0.153866768
vn 0.872614324 -0.417409509 0.153866768
vn 0.83404994 -0.493695736 0.147066787
vn 0.84369415 -0.493695736 0.0738131627
vn 0.882704318 -0.417409539 0.0772261247
vn 0.882704318 -0.417409539 0.0772261247
vn 0.84369415 -0.493695736 0.0738131627
vn 0.846925199 -0.493695736 -1.25728548e-08
vn 0.886084795 -0.417409539 6.86850399e-09
vn 0.846925199 -0.493695736 -1.25728548e-08
vn 0.801484466 -0.566043556 -1.46319508e-08
vn 0.798426986 -0.566043556 -0.0698526874
vn 0.84369415 -0.493695706 -0.0738130286
vn 0.84369415 -0.493695706 -0.0738130286
vn 0.798426986 -0.566043556 -0.0698526874
vn 0.789300323 -0.566043496 -0.139175713
vn 0.834050179 -0.493695736 -0.147066325
vn 0.834050179 -0.493695736 -0.147066325
vn 0.789300323 -0.566043496 -0.139175713
vn 0.774174631 -0.566043556 -0.207439482
vn 0.818066955 -0.493695736 -0.219200358
vn 0.818066955 -0.493695736 -0.219200358
vn 0.774174631 -0.566043556 -0.207439482
vn 0.75314182 -0.566043496 -0.27412051
vn 0.795841753 -0.493695706 -0.289661884
vn 0.795841753 -0.493695706 -0.289661884
vn 0.75314182 -0.566043496 -0.27412051
vn 0.726384163 -0.566043496 -0.338719249
vn 0.767566979 -0.493695736 -0.35792315
vn 0.767566979 -0.493695736 -0.35792315
vn 0.726384163 -0.566043496 -0.338719249
vn 0.694105864 -0.566043556 -0.400742233
vn 0.733458638 -0.493695766 -0.4234626
vn 0.733458638 -0.493695766 -0.4234626
vn 0.694105864 -0.566043556 -0.400742233
vn 0.656531572 -0.566043496 -0.459707499
vn 0.693754017 -0.493695736 -0.485770911
vn 0.693754017 -0.493695736 -0.485770911
vn 0.656531572 -0.566043496 -0.459707499
vn 0.613966227 -0.566043496 -0.515179753
vn 0.648775458 -0.493695736 -0.544388235
vn 0.648775458 -0.493695736 -0.544388235
vn 0.613966227 -0.566043496 -0.515179753
vn 0.566735148 -0.566043556 -0.566735148
vn 0.598866522 -0.493695766 -0.598866582
vn 0.598866522 -0.493695766 -0.598866582
vn 0.566735148 -0.566043556 -0.566735148
vn 0.515179634 -0.566043496 -0.613966227
vn 0.544388175 -0.493695736 -0.648775458
vn 0.544388175 -0.493695736 -0.648775458
vn 0.515179634 -0.566043496 -0.613966227
vn 0.459707499 -0.566043496 -0.656531632
vn 0.485770941 -0.493695736 -0.693754137
vn 0.485770941 -0.493695736 -0.693754137
vn 0.459707499 -0.566043496 -0.656531632
vn 0.400742173 -0.566043496 -0.694105923
vn 0.42346257 -0.493695736 -0.733458698
vn 0.42346257 -0.493695736 -0.733458698
vn 0.400742173 -0.566043496 -0.694105923
vn 0.338719219 -0.566043496 -0.726384163
vn 0.35792315 -0.493695736 -0.767566979
vn 0.35792315 -0.493695736 -0.767566979
vn 0.338719219 -0.566043496 -0.726384163
vn 0.27412042 -0.566043496 -0.75314188
vn 0.289661825 -0.493695736 -0.795841694
vn 0.289661825 -0.493695736 -0.795841694
vn 0.27412042 -0.566043496 -0.75314188
vn 0.207439408 -0.566043556 -0.774174571
vn 0.219200328 -0.493695766 -0.818066835
vn 0.219200328 -0.493695766 -0.818066835
vn 0.207439408 -0.566043556 -0.774174571
vn 0.139175594 -0.566043556 -0.789300144
vn 0.147066236 -0.493695706 -0.834050059
vn 0.147066236 -0.493695706 -0.834050059
vn 0.139175594 -0.566043556 -0.789300144
vn 0.0698527023 -0.566043556 -0.798426926
vn 0.0738130435 -0.493695766 -0.843694091
vn 0.0738130435 -0.493695766 -0.843694091
vn 0.0698527023 -0.566043556 -0.798426926
vn 1.26798113e-07 -0.566043556 -0.801484525
vn 1.18277967e-07 -0.493695706 -0.846925139
vn 1.18277967e-07 -0.493695706 -0.846925139
vn 1.26798113e-07 -0.566043556 -0.801484525
vn -0.0698524937 -0.566043496 -0.798426807
vn -0.0738128498 -0.493695676 -0.84369415
vn -0.0738128498 -0.493695676 -0.84369415
vn -0.0698524937 -0.566043496 -0.798426807
vn -0.139175579 -0.566043496 -0.789300144
vn -0.147066221 -0.493695676 -0.834050119
vn -0.147066221 -0.493695676 -0.834050119
vn -0.139175579 -0.566043496 -0.789300144
vn -0.207439303 -0.566043496 -0.77417469
vn -0.219200239 -0.493695736 -0.818066835
vn -0.219200239 -0.493695736 -0.818066835
vn -0.207439303 -0.566043496 -0.77417469
vn -0.27412042 -0.566043556 -0.75314194
vn -0.289661825 -0.493695736 -0.795841694
vn -0.289661825 -0.493695736 -0.795841694
vn -0.27412042 -0.566043556 -0.75314194
vn -0.338719159 -0.566043496 -0.726384223
vn -0.35792312 -0.493695736 -0.767567098
vn -0.35792312 -0.493695736 -0.767567098
vn -0.338719159 -0.566043496 -0.726384223
vn -0.400742203 -0.566043496 -0.694106042
vn -0.42346254 -0.493695766 -0.733458757
vn -0.42346254 -0.493695766 -0.733458757
vn -0.400742203 -0.566043496 -0.694106042
vn -0.45970735 -0.566043496 -0.656531751
vn -0.485770762 -0.493695676 -0.693754196
vn -0.485770762 -0.493695676 -0.693754196
vn -0.45970735 -0.566043496 -0.656531751
vn -0.515179634 -0.566043496 -0.613966405
vn -0.544388056 -0.493695736 -0.648775637
vn -0.544388056 -0.493695736 -0.648775637
vn -0.515179634 -0.566043496 -0.613966405
vn -0.566735029 -0.566043496 -0.566735327
vn -0.598866463 -0.493695706 -0.598866642
vn -0.598866463 -0.493695706 -0.598866642
vn -0.566735029 -0.566043496 -0.566735327
vn -0.613966107 -0.566043496 -0.515179753
vn -0.648775399 -0.493695706 -0.544388294
vn -0.648775399 -0.493695706 -0.544388294
vn -0.613966107 -0.566043496 -0.515179753
vn -0.656531513 -0.566043496 -0.459707558
vn -0.693753898 -0.493695736 -0.485771
vn -0.693753898 -0.493695736 -0.485771
vn -0.656531513 -0.566043496 -0.459707558
vn -0.694105744 -0.566043615 -0.400742441
vn -0.733458519 -0.493695796 -0.423462749
vn -0.733458519 -0.493695796 -0.423462749
vn -0.694105744 -0.566043615 -0.400742441
vn -0.726384044 -0.566043556 -0.338719428
vn -0.767566919 -0.493695766 -0.357923359
vn -0.767566919 -0.493695766 -0.357923359
vn -0.726384044 -0.566043556 -0.338719428
vn -0.75314182 -0.566043496 -0.274120748
vn -0.795841634 -0.493695736 -0.289662153
vn -0.795841634 -0.493695736 -0.289662153
vn -0.75314182 -0.566043496 -0.274120748
vn -0.774174571 -0.566043496 -0.207439721
vn -0.818066895 -0.493695766 -0.219200626
vn -0.818066895 -0.493695766 -0.219200626
vn -0.774174571 -0.566043496 -0.207439721
vn -0.789300203 -0.566043496 -0.139176041
vn -0.83405 -0.493695676 -0.147066712
vn -0.83405 -0.493695676 -0.147066712
vn -0.789300203 -0.566043496 -0.139176041
vn -0.798426926 -0.566043496 -0.0698530152
vn -0.84369415 -0.493695766 -0.0738133863
vn -0.84369415 -0.493695766 -0.0738133863
vn -0.798426926 -0.566043496 -0.0698530152
vn -0.801484466 -0.566043615 -3.71379429e-07
vn -0.84692508 -0.493695766 -4.17698175e-07
vn -0.84692508 -0.493695766 -4.17698175e-07
vn -0.801484466 -0.566043615 -3.71379429e-07
vn -0.798426807 -0.566043556 0.0698523
vn -0.843694091 -0.493695766 0.073812589
vn -0.843694091 -0.493695766 0.073812589
vn -0.798426807 -0.566043556 0.0698523
vn -0.789300203 -0.566043615 0.139175415
vn -0.834050119 -0.493695736 0.147065982
vn -0.834050119 -0.493695736 0.147065982
vn -0.789300203 -0.566043615 0.139175415
vn -0.774174631 -0.566043615 0.207439288
vn -0.818066955 -0.493695766 0.219200164
vn -0.818066955 -0.493695766 0.219200164
vn -0.774174631 -0.566043615 0.207439288
vn -0.75314194 -0.566043615 0.27412039
vn -0.795841873 -0.493695825 0.289661765
vn -0.795841873 -0.493695825 0.289661765
vn -0.75314194 -0.566043615 0.27412039
vn -0.726384401 -0.566043615 0.338718832
vn -0.767567277 -0.493695825 0.357922703
vn -0.767567277 -0.493695825 0.357922703
vn -0.726384401 -0.566043615 0.338718832
vn -0.694106221 -0.566043615 0.400741816
vn -0.733458996 -0.493695825 0.423462152
vn -0.733458996 -0.493695825 0.423462152
vn -0.694106221 -0.566043615 0.400741816
vn -0.65653187 -0.566043556 0.459707081
vn -0.693754315 -0.493695796 0.485770494
vn -0.693754315 -0.493695796 0.485770494
vn -0.65653187 -0.566043556 0.459707081
vn -0.613966465 -0.566043615 0.515179396
vn -0.648775756 -0.493695796 0.544387817
vn -0.648775756 -0.493695796 0.544387817
vn -0.613966465 -0.566043615 0.515179396
vn -0.566735387 -0.566043615 0.566734791
vn -0.59886688 -0.493695766 0.598866105
vn -0.59886688 -0.493695766 0.598866105
vn -0.566735387 -0.566043615 0.566734791
vn -0.515179932 -0.566043556 0.613965929
vn -0.544388533 -0.493695766 0.64877522
vn -0.544388533 -0.493695766 0.64877522
vn -0.515179932 -0.566043556 0.613965929
vn -0.459707707 -0.566043615 0.656531394
vn -0.485771179 -0.493695796 0.693753779
vn -0.485771179 -0.493695796 0.693753779
vn -0.459707707 -0.566043615 0.656531394
vn -0.400742412 -0.566043615 0.694105744
vn -0.423462778 -0.493695825 0.733458519
vn -0.423462778 -0.493695825 0.733458519
vn -0.400742412 -0.566043615 0.694105744
vn -0.338719428 -0.566043615 0.726384103
vn -0.357923359 -0.493695825 0.767566919
vn -0.357923359 -0.493695825 0.767566919
vn -0.338719428 -0.566043615 0.726384103
vn -0.274120986 -0.566043615 0.753141642
vn -0.289662421 -0.493695766 0.795841455
vn -0.289662421 -0.493695766 0.795841455
vn -0.274120986 -0.566043615 0.753141642
vn -0.207439929 -0.566043556 0.774174452
vn -0.219200835 -0.493695736 0.818066716
vn -0.219200835 -0.493695736 0.818066716
vn -0.207439929 -0.566043556 0.774174452
vn -0.1391761 -0.566043496 0.789300144
vn -0.147066727 -0.493695676 0.83404994
vn -0.147066727 -0.493695676 0.83404994
vn -0.1391761 -0.566043496 0.789300144
vn -0.0698530078 -0.566043496 0.798426807
vn -0.073813349 -0.493695706 0.84369415
vn -0.073813349 -0.493695706 0.84369415
vn -0.0698530078 -0.566043496 0.798426807
vn -3.50104528e-07 -0.566043556 0.801484466
vn -3.60421836e-07 -0.493695706 0.84692508
vn -3.60421836e-07 -0.493695706 0.84692508
vn -3.50104528e-07 -0.566043556 0.801484466
vn 0.0698523 -0.566043496 0.798426867
vn 0.0738126263 -0.493695706 0.843694091
vn 0.0738126263 -0.493695706 0.843694091
vn 0.0698523 -0.566043496 0.798426867
vn 0.13917537 -0.566043496 0.789300263
vn 0.147065967 -0.493695676 0.834050119
vn 0.147065967 -0.493695676 0.834050119
vn 0.13917537 -0.566043496 0.789300263
vn 0.207439214 -0.566043556 0.774174631
vn 0.21920009 -0.493695736 0.818066955
vn 0.21920009 -0.493695736 0.818066955
vn 0.207439214 -0.566043556 0.774174631
vn 0.274120271 -0.566043556 0.753142059
vn 0.289661705 -0.493695766 0.795841932
vn 0.289661705 -0.493695766 0.795841932
vn 0.274120271 -0.566043556 0.753142059
vn 0.338718712 -0.566043615 0.726384461
vn 0.357922554 -0.493695766 0.767567217
vn 0.357922554 -0.493695766 0.767567217
vn 0.338718712 -0.566043615 0.726384461
vn 0.400741756 -0.566043615 0.694106221
vn 0.423462063 -0.493695825 0.733459055
vn 0.423462063 -0.493695825 0.733459055
vn 0.400741756 -0.566043615 0.694106221
vn 0.459707052 -0.566043615 0.65653187
vn 0.485770434 -0.493695855 0.693754375
vn 0.485770434 -0.493695855 0.693754375
vn 0.459707052 -0.566043615 0.65653187
vn 0.515179336 -0.566043675 0.613966525
vn 0.544387758 -0.493695885 0.648775756
vn 0.544387758 -0.493695885 0.648775756
vn 0.515179336 -0.566043675 0.613966525
vn 0.566734791 -0.566043615 0.566735446
vn 0.598866165 -0.493695915 0.59886682
vn 0.598866165 -0.493695915 0.59886682
vn 0.566734791 -0.566043615 0.566735446
vn 0.613965869 -0.566043615 0.515180051
vn 0.64877516 -0.493695825 0.544388533
vn 0.64877516 -0.493695825 0.544388533
vn 0.613965869 -0.566043615 0.515180051
vn 0.656531334 -0.566043496 0.459707975
vn 0.693753719 -0.493695736 0.485771358
vn 0.693753719 -0.493695736 0.485771358
vn 0.656531334 -0.566043496 0.459707975
vn 0.694105685 -0.566043496 0.400742769
vn 0.733458459 -0.493695706 0.423463076
vn 0.733458459 -0.493695706 0.423463076
vn 0.694105685 -0.566043496 0.400742769
vn 0.726384103 -0.566043496 0.338719815
vn 0.76756686 -0.493695706 0.357923806
vn 0.76756686 -0.493695706 0.357923806
vn 0.726384103 -0.566043496 0.338719815
vn 0.753141582 -0.566043496 0.274121344
vn 0.795841455 -0.493695676 0.289662808
vn 0.795841455 -0.493695676 0.289662808
vn 0.753141582 -0.566043496 0.274121344
vn 0.774174392 -0.566043615 0.207440153
vn 0.818066657 -0.493695766 0.219201103
vn 0.818066657 -0.493695766 0.219201103
vn 0.774174392 -0.566043615 0.207440153
vn 0.789300144 -0.566043556 0.1391761
vn 0.83404994 -0.493695736 0.147066787
vn 0.83404994 -0.493695736 0.147066787
vn 0.789300144 -0.566043556 0.1391761
vn 0.798426926 -0.566043556 0.0698528066
vn 0.84369415 -0.493695736 0.0738131627
vn 0.84369415 -0.493695736 0.0738131627
vn 0.798426926 -0.566043556 0.0698528066
vn 0.801484466 -0.566043556 -1.46319508e-08
vn 0.846925199 -0.493695736 -1.25728548e-08
vn 0.801484466 -0.566043556 -1.46319508e-08
vn 0.750538528 -0.633363903 -7.15954229e-09
vn 0.74767518 -0.633363843 -0.0654125363
vn 0.798426986 -0.566043556 -0.0698526874
vn 0.798426986 -0.566043556 -0.0698526874
vn 0.74767518 -0.633363843 -0.0654125363
vn 0.739128768 -0.633363903 -0.130329072
vn 0.789300323 -0.566043496 -0.139175713
vn 0.789300323 -0.566043496 -0.139175713
vn 0.739128768 -0.633363903 -0.130329072
vn 0.724964559 -0.633363843 -0.194253728
vn 0.774174631 -0.566043556 -0.207439482
vn 0.774174631 -0.566043556 -0.207439482
vn 0.724964559 -0.633363843 -0.194253728
vn 0.705268741 -0.633363843 -0.256696135
vn 0.75314182 -0.566043496 -0.27412051
vn 0.75314182 -0.566043496 -0.27412051
vn 0.705268741 -0.633363843 -0.256696135
vn 0.680211842 -0.633363903 -0.31718874
vn 0.726384163 -0.566043496 -0.338719249
vn 0.726384163 -0.566043496 -0.338719249
vn 0.680211842 -0.633363903 -0.31718874
vn 0.649985313 -0.633363962 -0.375269264
vn 0.694105864 -0.566043556 -0.400742233
vn 0.694105864 -0.566043556 -0.400742233
vn 0.649985313 -0.633363962 -0.375269264
vn 0.61479938 -0.633363903 -0.430486411
vn 0.656531572 -0.566043496 -0.459707499
vn 0.656531572 -0.566043496 -0.459707499
vn 0.61479938 -0.633363903 -0.430486411
vn 0.574939787 -0.633363843 -0.482432604
vn 0.613966227 -0.566043496 -0.515179753
vn 0.613966227 -0.566043496 -0.515179753
vn 0.574939787 -0.633363843 -0.482432604
vn 0.530710876 -0.633363843 -0.530710936
vn 0.566735148 -0.566043556 -0.566735148
vn 0.566735148 -0.566043556 -0.566735148
vn 0.530710876 -0.633363843 -0.530710936
vn 0.482432514 -0.633363783 -0.574939728
vn 0.515179634 -0.566043496 -0.613966227
vn 0.515179634 -0.566043496 -0.613966227
vn 0.482432514 -0.633363783 -0.574939728
vn 0.430486411 -0.633363783 -0.6147995
vn 0.459707499 -0.566043496 -0.656531632
vn 0.459707499 -0.566043496 -0.656531632
vn 0.430486411 -0.633363783 -0.6147995
vn 0.375269204 -0.633363843 -0.649985433
vn 0.400742173 -0.566043496 -0.694105923
vn 0.400742173 -0.566043496 -0.694105923
vn 0.375269204 -0.633363843 -0.649985433
vn 0.31718871 -0.633363783 -0.680211902
vn 0.338719219 -0.566043496 -0.726384163
vn 0.338719219 -0.566043496 -0.726384163
vn 0.31718871 -0.633363783 -0.680211902
vn 0.256696016 -0.633363903 -0.7052688
vn 0.27412042 -0.566043496 -0.75314188
vn 0.27412042 -0.566043496 -0.75314188
vn 0.256696016 -0.633363903 -0.7052688
vn 0.194253594 -0.633363962 -0.724964559
vn 0.207439408 -0.566043556 -0.774174571
vn 0.207439408 -0.566043556 -0.774174571
vn 0.194253594 -0.633363962 -0.724964559
vn 0.130328923 -0.633363843 -0.739128709
vn 0.139175594 -0.566043556 -0.789300144
vn 0.139175594 -0.566043556 -0.789300144
vn 0.130328923 -0.633363843 -0.739128709
vn 0.0654125512 -0.633363903 -0.74767518
vn 0.0698527023 -0.566043556 -0.798426926
vn 0.0698527023 -0.566043556 -0.798426926
vn 0.0654125512 -0.633363903 -0.74767518
vn 1.27765816e-07 -0.633363962 -0.750538468
vn 1.26798113e-07 -0.566043556 -0.801484525
vn 1.26798113e-07 -0.566043556 -0.801484525
vn 1.27765816e-07 -0.633363962 -0.750538468
vn -0.0654123425 -0.633363903 -0.747675002
vn -0.0698524937 -0.566043496 -0.798426807
vn -0.0698524937 -0.566043496 -0.798426807
vn -0.0654123425 -0.633363903 -0.747675002
vn -0.130328923 -0.633363903 -0.739128768
vn -0.139175579 -0.566043496 -0.789300144
vn -0.139175579 -0.566043496 -0.789300144
vn -0.130328923 -0.633363903 -0.739128768
vn -0.194253519 -0.633363903 -0.724964559
vn -0.207439303 -0.566043496 -0.77417469
vn -0.207439303 -0.566043496 -0.77417469
vn -0.194253519 -0.633363903 -0.724964559
vn -0.256696016 -0.633363843 -0.7052688
vn -0.27412042 -0.566043556 -0.75314194
vn -0.27412042 -0.566043556 -0.75314194
vn -0.256696016 -0.633363843 -0.7052688
vn -0.31718865 -0.633363903 -0.680211902
vn -0.338719159 -0.566043496 -0.726384223
vn -0.338719159 -0.566043496 -0.726384223
vn -0.31718865 -0.633363903 -0.680211902
vn -0.375269175 -0.633363903 -0.649985433
vn -0.400742203 -0.566043496 -0.694106042
vn -0.400742203 -0.566043496 -0.694106042
vn -0.375269175 -0.633363903 -0.649985433
vn -0.430486321 -0.633363843 -0.614799619
vn -0.45970735 -0.566043496 -0.656531751
vn -0.45970735 -0.566043496 -0.656531751
vn -0.430486321 -0.633363843 -0.614799619
vn -0.482432514 -0.633363843 -0.574939907
vn -0.515179634 -0.566043496 -0.613966405
vn -0.515179634 -0.566043496 -0.613966405
vn -0.482432514 -0.633363843 -0.574939907
vn -0.530710816 -0.633363903 -0.530710995
vn -0.566735029 -0.566043496 -0.566735327
vn -0.566735029 -0.566043496 -0.566735327
vn -0.530710816 -0.633363903 -0.530710995
vn -0.574939609 -0.633363903 -0.482432663
vn -0.613966107 -0.566043496 -0.515179753
vn -0.613966107 -0.566043496 -0.515179753
vn -0.574939609 -0.633363903 -0.482432663
vn -0.61479938 -0.633363903 -0.4304865
vn -0.656531513 -0.566043496 -0.459707558
vn -0.656531513 -0.566043496 -0.459707558
vn -0.61479938 -0.633363903 -0.4304865
vn -0.649985135 -0.633363903 -0.375269473
vn -0.694105744 -0.566043615 -0.400742441
vn -0.694105744 -0.566043615 -0.400742441
vn -0.649985135 -0.633363903 -0.375269473
vn -0.680211782 -0.633363843 -0.317188948
vn -0.726384044 -0.566043556 -0.338719428
vn -0.726384044 -0.566043556 -0.338719428
vn -0.680211782 -0.633363843 -0.317188948
vn -0.705268681 -0.633363843 -0.256696343
vn -0.75314182 -0.566043496 -0.274120748
vn -0.75314182 -0.566043496 -0.274120748
vn -0.705268681 -0.633363843 -0.256696343
vn -0.724964499 -0.633363843 -0.194253892
vn -0.774174571 -0.566043496 -0.207439721
vn -0.774174571 -0.566043496 -0.207439721
vn -0.724964499 -0.633363843 -0.194253892
vn -0.739128709 -0.633363843 -0.130329341
vn -0.789300203 -0.566043496 -0.139176041
vn -0.789300203 -0.566043496 -0.139176041
vn -0.739128709 -0.633363843 -0.130329341
vn -0.747675121 -0.633363903 -0.0654128119
vn -0.798426926 -0.566043496 -0.0698530152
vn -0.798426926 -0.566043496 -0.0698530152
vn -0.747675121 -0.633363903 -0.0654128119
vn -0.750538468 -0.633363962 -3.05532012e-07
vn -0.801484466 -0.566043615 -3.71379429e-07
vn -0.801484466 -0.566043615 -3.71379429e-07
vn -0.750538468 -0.633363962 -3.05532012e-07
vn -0.747675061 -0.633363903 0.0654122159
vn -0.798426807 -0.566043556 0.0698523
vn -0.798426807 -0.566043556 0.0698523
vn -0.747675061 -0.633363903 0.0654122159
vn -0.739128709 -0.633363903 0.130328804
vn -0.789300203 -0.566043615 0.139175415
vn -0.789300203 -0.566043615 0.139175415
vn -0.739128709 -0.633363903 0.130328804
vn -0.724964559 -0.633363962 0.194253519
vn -0.774174631 -0.566043615 0.207439288
vn -0.774174631 -0.566043615 0.207439288
vn -0.724964559 -0.633363962 0.194253519
vn -0.705268741 -0.633363903 0.256696016
vn -0.75314194 -0.566043615 0.27412039
vn -0.75314194 -0.566043615 0.27412039
vn -0.705268741 -0.633363903 0.256696016
vn -0.680211961 -0.633363843 0.317188323
vn -0.726384401 -0.566043615 0.338718832
vn -0.726384401 -0.566043615 0.338718832
vn -0.680211961 -0.633363843 0.317188323
vn -0.649985552 -0.633363962 0.375268847
vn -0.694106221 -0.566043615 0.400741816
vn -0.694106221 -0.566043615 0.400741816
vn -0.649985552 -0.633363962 0.375268847
vn -0.614799738 -0.633363903 0.430486053
vn -0.65653187 -0.566043556 0.459707081
vn -0.65653187 -0.566043556 0.459707081
vn -0.614799738 -0.633363903 0.430486053
vn -0.574940085 -0.633363903 0.482432246
vn -0.613966465 -0.566043615 0.515179396
vn -0.613966465 -0.566043615 0.515179396
vn -0.574940085 -0.633363903 0.482432246
vn -0.530711174 -0.633363903 0.530710578
vn -0.566735387 -0.566043615 0.566734791
vn -0.566735387 -0.566043615 0.566734791
vn -0.530711174 -0.633363903 0.530710578
vn -0.482432842 -0.633363843 0.574939549
vn -0.515179932 -0.566043556 0.613965929
vn -0.515179932 -0.566043556 0.613965929
vn -0.482432842 -0.633363843 0.574939549
vn -0.430486619 -0.633363903 0.614799321
vn -0.459707707 -0.566043615 0.656531394
vn -0.459707707 -0.566043615 0.656531394
vn -0.430486619 -0.633363903 0.614799321
vn -0.375269383 -0.633363962 0.649985254
vn -0.400742412 -0.566043615 0.694105744
vn -0.400742412 -0.566043615 0.694105744
vn -0.375269383 -0.633363962 0.649985254
vn -0.317188948 -0.633363903 0.680211782
vn -0.338719428 -0.566043615 0.726384103
vn -0.338719428 -0.566043615 0.726384103
vn -0.317188948 -0.633363903 0.680211782
vn -0.256696552 -0.633363843 0.705268562
vn -0.274120986 -0.566043615 0.753141642
vn -0.274120986 -0.566043615 0.753141642
vn -0.256696552 -0.633363843 0.705268562
vn -0.194254115 -0.633363962 0.72496438
vn -0.207439929 -0.566043556 0.774174452
vn -0.207439929 -0.566043556 0.774174452
vn -0.194254115 -0.633363962 0.72496438
vn -0.13032943 -0.633363843 0.73912859
vn -0.1391761 -0.566043496 0.789300144
vn -0.1391761 -0.566043496 0.789300144
vn -0.13032943 -0.633363843 0.73912859
vn -0.0654128566 -0.633363843 0.747675121
vn -0.0698530078 -0.566043496 0.798426807
vn -0.0698530078 -0.566043496 0.798426807
vn -0.0654128566 -0.633363843 0.747675121
vn -3.40223778e-07 -0.633363843 0.750538468
vn -3.50104528e-07 -0.566043556 0.801484466
vn -3.50104528e-07 -0.566043556 0.801484466
vn -3.40223778e-07 -0.633363843 0.750538468
vn 0.0654121712 -0.633363843 0.747675121
vn 0.0698523 -0.566043496 0.798426867
vn 0.0698523 -0.566043496 0.798426867
vn 0.0654121712 -0.633363843 0.747675121
vn 0.130328745 -0.633363903 0.739128768
vn 0.13917537 -0.566043496 0.789300263
vn 0.13917537 -0.566043496 0.789300263
vn 0.130328745 -0.633363903 0.739128768
vn 0.194253445 -0.633363962 0.724964559
vn 0.207439214 -0.566043556 0.774174631
vn 0.207439214 -0.566043556 0.774174631
vn 0.194253445 -0.633363962 0.724964559
vn 0.256695956 -0.633363843 0.70526886
vn 0.274120271 -0.566043556 0.753142059
vn 0.274120271 -0.566043556 0.753142059
vn 0.256695956 -0.633363843 0.70526886
vn 0.317188263 -0.633363903 0.68021208
vn 0.338718712 -0.566043615 0.726384461
vn 0.338718712 -0.566043615 0.726384461
vn 0.317188263 -0.633363903 0.68021208
vn 0.375268817 -0.633363962 0.649985552
vn 0.400741756 -0.566043615 0.694106221
vn 0.400741756 -0.566043615 0.694106221
vn 0.375268817 -0.633363962 0.649985552
vn 0.430486023 -0.633363962 0.614799738
vn 0.459707052 -0.566043615 0.65653187
vn 0.459707052 -0.566043615 0.65653187
vn 0.430486023 -0.633363962 0.614799738
vn 0.482432246 -0.633364022 0.574940085
vn 0.515179336 -0.566043675 0.613966525
vn 0.515179336 -0.566043675 0.613966525
vn 0.482432246 -0.633364022 0.574940085
vn 0.530710518 -0.633364022 0.530711234
vn 0.566734791 -0.566043615 0.566735446
vn 0.566734791 -0.566043615 0.566735446
vn 0.530710518 -0.633364022 0.530711234
vn 0.574939489 -0.633363903 0.482432961
vn 0.613965869 -0.566043615 0.515180051
vn 0.613965869 -0.566043615 0.515180051
vn 0.574939489 -0.633363903 0.482432961
vn 0.614799142 -0.633363903 0.430486917
vn 0.656531334 -0.566043496 0.459707975
vn 0.656531334 -0.566043496 0.459707975
vn 0.614799142 -0.633363903 0.430486917
vn 0.649985135 -0.633363843 0.375269741
vn 0.694105685 -0.566043496 0.400742769
vn 0.694105685 -0.566043496 0.400742769
vn 0.649985135 -0.633363843 0.375269741
vn 0.680211782 -0.633363843 0.317189276
vn 0.726384103 -0.566043496 0.338719815
vn 0.726384103 -0.566043496 0.338719815
vn 0.680211782 -0.633363843 0.317189276
vn 0.705268502 -0.633363783 0.25669691
vn 0.753141582 -0.566043496 0.274121344
vn 0.753141582 -0.566043496 0.274121344
vn 0.705268502 -0.633363783 0.25669691
vn 0.724964321 -0.633363962 0.194254279
vn 0.774174392 -0.566043615 0.207440153
vn 0.774174392 -0.566043615 0.207440153
vn 0.724964321 -0.633363962 0.194254279
vn 0.73912859 -0.633363903 0.130329415
vn 0.789300144 -0.566043556 0.1391761
vn 0.789300144 -0.566043556 0.1391761
vn 0.73912859 -0.633363903 0.130329415
vn 0.747675121 -0.633363903 0.0654126555
vn 0.798426926 -0.566043556 0.0698528066
vn 0.798426926 -0.566043556 0.0698528066
vn 0.747675121 -0.633363903 0.0654126555
vn 0.750538528 -0.633363903 -7.15954229e-09
vn 0.801484466 -0.566043556 -1.46319508e-08
vn 0.750538528 -0.633363903 -7.15954229e-09
vn 0.694963157 -0.694471002 -8.38190317e-09
vn 0.692311823 -0.694470942 -0.0605689287
vn 0.74767518 -0.633363843 -0.0654125363
vn 0.74767518 -0.633363843 -0.0654125363
vn 0.692311823 -0.694470942 -0.0605689287
vn 0.684398234 -0.694470882 -0.120678581
vn 0.739128768 -0.633363903 -0.130329072
vn 0.739128768 -0.633363903 -0.130329072
vn 0.684398234 -0.694470882 -0.120678581
vn 0.671282828 -0.694471061 -0.179869786
vn 0.724964559 -0.633363843 -0.194253728
vn 0.724964559 -0.633363843 -0.194253728
vn 0.671282828 -0.694471061 -0.179869786
vn 0.653045356 -0.694470942 -0.237688527
vn 0.705268741 -0.633363843 -0.256696135
vn 0.705268741 -0.633363843 -0.256696135
vn 0.653045356 -0.694470942 -0.237688527
vn 0.62984395 -0.694471002 -0.293701768
vn 0.680211842 -0.633363903 -0.31718874
vn 0.680211842 -0.633363903 -0.31718874
vn 0.62984395 -0.694471002 -0.293701768
vn 0.601855755 -0.694471002 -0.347481549
vn 0.649985313 -0.633363962 -0.375269264
vn 0.649985313 -0.633363962 -0.375269264
vn 0.601855755 -0.694471002 -0.347481549
vn 0.569275141 -0.694471002 -0.398610055
vn 0.61479938 -0.633363903 -0.430486411
vn 0.61479938 -0.633363903 -0.430486411
vn 0.569275141 -0.694471002 -0.398610055
vn 0.532367051 -0.694470942 -0.446709722
vn 0.574939787 -0.633363843 -0.482432604
vn 0.574939787 -0.633363843 -0.482432604
vn 0.532367051 -0.694470942 -0.446709722
vn 0.491413176 -0.694471002 -0.491413146
vn 0.530710876 -0.633363843 -0.530710936
vn 0.530710876 -0.633363843 -0.530710936
vn 0.491413176 -0.694471002 -0.491413146
vn 0.446709722 -0.694470882 -0.532366991
vn 0.482432514 -0.633363783 -0.574939728
vn 0.482432514 -0.633363783 -0.574939728
vn 0.446709722 -0.694470882 -0.532366991
vn 0.398610055 -0.694470882 -0.5692752
vn 0.430486411 -0.633363783 -0.6147995
vn 0.430486411 -0.633363783 -0.6147995
vn 0.398610055 -0.694470882 -0.5692752
vn 0.347481489 -0.694470882 -0.601855874
vn 0.375269204 -0.633363843 -0.649985433
vn 0.375269204 -0.633363843 -0.649985433
vn 0.347481489 -0.694470882 -0.601855874
vn 0.293701679 -0.694470882 -0.629844069
vn 0.31718871 -0.633363783 -0.680211902
vn 0.31718871 -0.633363783 -0.680211902
vn 0.293701679 -0.694470882 -0.629844069
vn 0.237688363 -0.694470882 -0.653045595
vn 0.256696016 -0.633363903 -0.7052688
vn 0.256696016 -0.633363903 -0.7052688
vn 0.237688363 -0.694470882 -0.653045595
vn 0.179869607 -0.694470942 -0.671282887
vn 0.194253594 -0.633363962 -0.724964559
vn 0.194253594 -0.633363962 -0.724964559
vn 0.179869607 -0.694470942 -0.671282887
vn 0.120678417 -0.694470942 -0.684398293
vn 0.130328923 -0.633363843 -0.739128709
vn 0.130328923 -0.633363843 -0.739128709
vn 0.120678417 -0.694470942 -0.684398293
vn 0.0605689138 -0.694471002 -0.692311883
vn 0.0654125512 -0.633363903 -0.74767518
vn 0.0654125512 -0.633363903 -0.74767518
vn 0.0605689138 -0.694471002 -0.692311883
vn 1.22701749e-07 -0.694471002 -0.694963157
vn 1.27765816e-07 -0.633363962 -0.750538468
vn 1.27765816e-07 -0.633363962 -0.750538468
vn 1.22701749e-07 -0.694471002 -0.694963157
vn -0.0605687164 -0.694471002 -0.692311764
vn -0.0654123425 -0.633363903 -0.747675002
vn -0.0654123425 -0.633363903 -0.747675002
vn -0.0605687164 -0.694471002 -0.692311764
vn -0.120678388 -0.694470882 -0.684398234
vn -0.130328923 -0.633363903 -0.739128768
vn -0.130328923 -0.633363903 -0.739128768
vn -0.120678388 -0.694470882 -0.684398234
vn -0.179869533 -0.694470942 -0.671282887
vn -0.194253519 -0.633363903 -0.724964559
vn -0.194253519 -0.633363903 -0.724964559
vn -0.179869533 -0.694470942 -0.671282887
vn -0.237688392 -0.694470882 -0.653045475
vn -0.256696016 -0.633363843 -0.7052688
vn -0.256696016 -0.633363843 -0.7052688
vn -0.237688392 -0.694470882 -0.653045475
vn -0.293701679 -0.694470882 -0.629844069
vn -0.31718865 -0.633363903 -0.680211902
vn -0.31718865 -0.633363903 -0.680211902
vn -0.293701679 -0.694470882 -0.629844069
vn -0.347481519 -0.694470942 -0.601855814
vn -0.375269175 -0.633363903 -0.649985433
vn -0.375269175 -0.633363903 -0.649985433
vn -0.347481519 -0.694470942 -0.601855814
vn -0.398609936 -0.694470823 -0.56927526
vn -0.430486321 -0.633363843 -0.614799619
vn -0.430486321 -0.633363843 -0.614799619
vn -0.398609936 -0.694470823 -0.56927526
vn -0.446709663 -0.694471002 -0.53236717
vn -0.482432514 -0.633363843 -0.574939907
vn -0.482432514 -0.633363843 -0.574939907
vn -0.446709663 -0.694471002 -0.53236717
vn -0.491413057 -0.694471002 -0.491413265
vn -0.530710816 -0.633363903 -0.530710995
vn -0.530710816 -0.633363903 -0.530710995
vn -0.491413057 -0.694471002 -0.491413265
vn -0.532366872 -0.694471002 -0.446709812
vn -0.574939609 -0.633363903 -0.482432663
vn -0.574939609 -0.633363903 -0.482432663
vn -0.532366872 -0.694471002 -0.446709812
vn -0.569275022 -0.694470882 -0.398610145
vn -0.61479938 -0.633363903 -0.4304865
vn -0.61479938 -0.633363903 -0.4304865
vn -0.569275022 -0.694470882 -0.398610145
vn -0.601855636 -0.694470942 -0.347481817
vn -0.649985135 -0.633363903 -0.375269473
vn -0.649985135 -0.633363903 -0.375269473
vn -0.601855636 -0.694470942 -0.347481817
vn -0.629843891 -0.694470882 -0.293702006
vn -0.680211782 -0.633363843 -0.317188948
vn -0.680211782 -0.633363843 -0.317188948
vn -0.629843891 -0.694470882 -0.293702006
vn -0.653045475 -0.694470882 -0.237688735
vn -0.705268681 -0.633363843 -0.256696343
vn -0.705268681 -0.633363843 -0.256696343
vn -0.653045475 -0.694470882 -0.237688735
vn -0.671282768 -0.694470882 -0.17986992
vn -0.724964499 -0.633363843 -0.194253892
vn -0.724964499 -0.633363843 -0.194253892
vn -0.671282768 -0.694470882 -0.17986992
vn -0.684398115 -0.694470823 -0.12067879
vn -0.739128709 -0.633363843 -0.130329341
vn -0.739128709 -0.633363843 -0.130329341
vn -0.684398115 -0.694470823 -0.12067879
vn -0.692311883 -0.694471002 -0.0605691299
vn -0.747675121 -0.633363903 -0.0654128119
vn -0.747675121 -0.633363903 -0.0654128119
vn -0.692311883 -0.694471002 -0.0605691299
vn -0.694963157 -0.694471002 -2.48430297e-07
vn -0.750538468 -0.633363962 -3.05532012e-07
vn -0.750538468 -0.633363962 -3.05532012e-07
vn -0.694963157 -0.694471002 -2.48430297e-07
vn -0.692311823 -0.694471002 0.060568653
vn -0.747675061 -0.633363903 0.0654122159
vn -0.747675061 -0.633363903 0.0654122159
vn -0.692311823 -0.694471002 0.060568653
vn -0.684398234 -0.694470942 0.120678335
vn -0.739128709 -0.633363903 0.130328804
vn -0.739128709 -0.633363903 0.130328804
vn -0.684398234 -0.694470942 0.120678335
vn -0.671282887 -0.694471002 0.179869592
vn -0.724964559 -0.633363962 0.194253519
vn -0.724964559 -0.633363962 0.194253519
vn -0.671282887 -0.694471002 0.179869592
vn -0.653045535 -0.694470942 0.237688377
vn -0.705268741 -0.633363903 0.256696016
vn -0.705268741 -0.633363903 0.256696016
vn -0.653045535 -0.694470942 0.237688377
vn -0.629844189 -0.694470942 0.293701351
vn -0.680211961 -0.633363843 0.317188323
vn -0.680211961 -0.633363843 0.317188323
vn -0.629844189 -0.694470942 0.293701351
vn -0.601855874 -0.694470942 0.347481221
vn -0.649985552 -0.633363962 0.375268847
vn -0.649985552 -0.633363962 0.375268847
vn -0.601855874 -0.694470942 0.347481221
vn -0.569275439 -0.694470882 0.398609668
vn -0.614799738 -0.633363903 0.430486053
vn -0.614799738 -0.633363903 0.430486053
vn -0.569275439 -0.694470882 0.398609668
vn -0.532367289 -0.694471002 0.446709454
vn -0.574940085 -0.633363903 0.482432246
vn -0.574940085 -0.633363903 0.482432246
vn -0.532367289 -0.694471002 0.446709454
vn -0.491413444 -0.694470942 0.491412938
vn -0.530711174 -0.633363903 0.530710578
vn -0.530711174 -0.633363903 0.530710578
vn -0.491413444 -0.694470942 0.491412938
vn -0.446709931 -0.694471002 0.532366812
vn -0.482432842 -0.633363843 0.574939549
vn -0.482432842 -0.633363843 0.574939549
vn -0.446709931 -0.694471002 0.532366812
vn -0.398610204 -0.694470882 0.569275141
vn -0.430486619 -0.633363903 0.614799321
vn -0.430486619 -0.633363903 0.614799321
vn -0.398610204 -0.694470882 0.569275141
vn -0.347481698 -0.694471002 0.601855695
vn -0.375269383 -0.633363962 0.649985254
vn -0.375269383 -0.633363962 0.649985254
vn -0.347481698 -0.694471002 0.601855695
vn -0.293701917 -0.694470942 0.62984401
vn -0.317188948 -0.633363903 0.680211782
vn -0.317188948 -0.633363903 0.680211782
vn -0.293701917 -0.694470942 0.62984401
vn -0.237688899 -0.694470942 0.653045356
vn -0.256696552 -0.633363843 0.705268562
vn -0.256696552 -0.633363843 0.705268562
vn -0.237688899 -0.694470942 0.653045356
vn -0.179870144 -0.694470942 0.671282709
vn -0.194254115 -0.633363962 0.72496438
vn -0.194254115 -0.633363962 0.72496438
vn -0.179870144 -0.694470942 0.671282709
vn -0.120678894 -0.694470823 0.684398055
vn -0.13032943 -0.633363843 0.73912859
vn -0.13032943 -0.633363843 0.73912859
vn -0.120678894 -0.694470823 0.684398055
vn -0.060569223 -0.694471002 0.692311823
vn -0.0654128566 -0.633363843 0.747675121
vn -0.0654128566 -0.633363843 0.747675121
vn -0.060569223 -0.694471002 0.692311823
vn -3.21073458e-07 -0.694470942 0.694963157
vn -3.40223778e-07 -0.633363843 0.750538468
vn -3.40223778e-07 -0.633363843 0.750538468
vn -3.21073458e-07 -0.694470942 0.694963157
vn 0.0605685785 -0.694470882 0.692311823
vn 0.0654121712 -0.633363843 0.747675121
vn 0.0654121712 -0.633363843 0.747675121
vn 0.0605685785 -0.694470882 0.692311823
vn 0.120678253 -0.694470882 0.684398234
vn 0.130328745 -0.633363903 0.739128768
vn 0.130328745 -0.633363903 0.739128768
vn 0.120678253 -0.694470882 0.684398234
vn 0.179869518 -0.694470942 0.671282947
vn 0.194253445 -0.633363962 0.724964559
vn 0.194253445 -0.633363962 0.724964559
vn 0.179869518 -0.694470942 0.671282947
vn 0.237688333 -0.694470882 0.653045595
vn 0.256695956 -0.633363843 0.70526886
vn 0.256695956 -0.633363843 0.70526886
vn 0.237688333 -0.694470882 0.653045595
vn 0.293701321 -0.694470823 0.629844189
vn 0.317188263 -0.633363903 0.68021208
vn 0.317188263 -0.633363903 0.68021208
vn 0.293701321 -0.694470823 0.629844189
vn 0.347481191 -0.694470942 0.601855934
vn 0.375268817 -0.633363962 0.649985552
vn 0.375268817 -0.633363962 0.649985552
vn 0.347481191 -0.694470942 0.601855934
vn 0.398609668 -0.694470882 0.569275439
vn 0.430486023 -0.633363962 0.614799738
vn 0.430486023 -0.633363962 0.614799738
vn 0.398609668 -0.694470882 0.569275439
vn 0.446709424 -0.694471061 0.532367349
vn 0.482432246 -0.633364022 0.574940085
vn 0.482432246 -0.633364022 0.574940085
vn 0.446709424 -0.694471061 0.532367349
vn 0.491412818 -0.694471061 0.491413504
vn 0.530710518 -0.633364022 0.530711234
vn 0.530710518 -0.633364022 0.530711234
vn 0.491412818 -0.694471061 0.491413504
vn 0.532366693 -0.694471002 0.44671014
vn 0.574939489 -0.633363903 0.482432961
vn 0.574939489 -0.633363903 0.482432961
vn 0.532366693 -0.694471002 0.44671014
vn 0.569274962 -0.694470882 0.398610473
vn 0.614799142 -0.633363903 0.430486917
vn 0.614799142 -0.633363903 0.430486917
vn 0.569274962 -0.694470882 0.398610473
vn 0.601855516 -0.694470942 0.347482026
vn 0.649985135 -0.633363843 0.375269741
vn 0.649985135 -0.633363843 0.375269741
vn 0.601855516 -0.694470942 0.347482026
vn 0.629843891 -0.694470882 0.293702275
vn 0.680211782 -0.633363843 0.317189276
vn 0.680211782 -0.633363843 0.317189276
vn 0.629843891 -0.694470882 0.293702275
vn 0.653045297 -0.694470882 0.237689167
vn 0.705268502 -0.633363783 0.25669691
vn 0.705268502 -0.633363783 0.25669691
vn 0.653045297 -0.694470882 0.237689167
vn 0.671282709 -0.694470942 0.179870278
vn 0.724964321 -0.633363962 0.194254279
vn 0.724964321 -0.633363962 0.194254279
vn 0.671282709 -0.694470942 0.179870278
vn 0.684398055 -0.694470882 0.120678864
vn 0.73912859 -0.633363903 0.130329415
vn 0.73912859 -0.633363903 0.130329415
vn 0.684398055 -0.694470882 0.120678864
vn 0.692311764 -0.694471002 0.0605690181
vn 0.747675121 -0.633363903 0.0654126555
vn 0.747675121 -0.633363903 0.0654126555
vn 0.692311764 -0.694471002 0.0605690181
vn 0.694963157 -0.694471002 -8.38190317e-09
vn 0.750538528 -0.633363903 -7.15954229e-09
vn 0.694963157 -0.694471002 -8.38190317e-09
vn 0.635205209 -0.748619556 -2.71447789e-08
vn 0.632781804 -0.748619497 -0.0553607829
vn 0.692311823 -0.694470942 -0.0605689287
vn 0.692311823 -0.694470942 -0.0605689287
vn 0.632781804 -0.748619497 -0.0553607829
vn 0.625548542 -0.748619497 -0.110301755
vn 0.684398234 -0.694470882 -0.120678581
vn 0.684398234 -0.694470882 -0.120678581
vn 0.625548542 -0.748619497 -0.110301755
vn 0.613560975 -0.748619616 -0.164403245
vn 0.671282828 -0.694471061 -0.179869786
vn 0.671282828 -0.694471061 -0.179869786
vn 0.613560975 -0.748619616 -0.164403245
vn 0.596891642 -0.748619497 -0.217250332
vn 0.653045356 -0.694470942 -0.237688527
vn 0.653045356 -0.694470942 -0.237688527
vn 0.596891642 -0.748619497 -0.217250332
vn 0.575685441 -0.748619497 -0.268447131
vn 0.62984395 -0.694471002 -0.293701768
vn 0.62984395 -0.694471002 -0.293701768
vn 0.575685441 -0.748619497 -0.268447131
vn 0.550103724 -0.748619616 -0.317602575
vn 0.601855755 -0.694471002 -0.347481549
vn 0.601855755 -0.694471002 -0.347481549
vn 0.550103724 -0.748619616 -0.317602575
vn 0.520324707 -0.748619497 -0.364334553
vn 0.569275141 -0.694471002 -0.398610055
vn 0.569275141 -0.694471002 -0.398610055
vn 0.520324707 -0.748619497 -0.364334553
vn 0.486590177 -0.748619437 -0.408298343
vn 0.532367051 -0.694470942 -0.446709722
vn 0.532367051 -0.694470942 -0.446709722
vn 0.486590177 -0.748619437 -0.408298343
vn 0.449157804 -0.748619556 -0.449157804
vn 0.491413176 -0.694471002 -0.491413146
vn 0.491413176 -0.694471002 -0.491413146
vn 0.449157804 -0.748619556 -0.449157804
vn 0.408298373 -0.748619378 -0.486590207
vn 0.446709722 -0.694470882 -0.532366991
vn 0.446709722 -0.694470882 -0.532366991
vn 0.408298373 -0.748619378 -0.486590207
vn 0.364334643 -0.748619437 -0.520324767
vn 0.398610055 -0.694470882 -0.5692752
vn 0.398610055 -0.694470882 -0.5692752
vn 0.364334643 -0.748619437 -0.520324767
vn 0.317602456 -0.748619497 -0.550103784
vn 0.347481489 -0.694470882 -0.601855874
vn 0.347481489 -0.694470882 -0.601855874
vn 0.317602456 -0.748619497 -0.550103784
vn 0.268447042 -0.748619497 -0.575685501
vn 0.293701679 -0.694470882 -0.629844069
vn 0.293701679 -0.694470882 -0.629844069
vn 0.268447042 -0.748619497 -0.575685501
vn 0.217250139 -0.748619437 -0.596891761
vn 0.237688363 -0.694470882 -0.653045595
vn 0.237688363 -0.694470882 -0.653045595
vn 0.217250139 -0.748619437 -0.596891761
vn 0.164403066 -0.748619556 -0.613561034
vn 0.179869607 -0.694470942 -0.671282887
vn 0.179869607 -0.694470942 -0.671282887
vn 0.164403066 -0.748619556 -0.613561034
vn 0.110301577 -0.748619437 -0.625548601
vn 0.120678417 -0.694470942 -0.684398293
vn 0.120678417 -0.694470942 -0.684398293
vn 0.110301577 -0.748619437 -0.625548601
vn 0.0553607419 -0.748619497 -0.632781804
vn 0.0605689138 -0.694471002 -0.692311883
vn 0.0605689138 -0.694471002 -0.692311883
vn 0.0553607419 -0.748619497 -0.632781804
vn 1.05128493e-07 -0.748619616 -0.635205209
vn 1.22701749e-07 -0.694471002 -0.694963157
vn 1.22701749e-07 -0.694471002 -0.694963157
vn 1.05128493e-07 -0.748619616 -0.635205209
vn -0.0553605668 -0.748619497 -0.632781744
vn -0.0605687164 -0.694471002 -0.692311764
vn -0.0605687164 -0.694471002 -0.692311764
vn -0.0553605668 -0.748619497 -0.632781744
vn -0.110301562 -0.748619497 -0.625548601
vn -0.120678388 -0.694470882 -0.684398234
vn -0.120678388 -0.694470882 -0.684398234
vn -0.110301562 -0.748619497 -0.625548601
vn -0.164403036 -0.748619556 -0.613560975
vn -0.179869533 -0.694470942 -0.671282887
vn -0.179869533 -0.694470942 -0.671282887
vn -0.164403036 -0.748619556 -0.613560975
vn -0.217250198 -0.748619437 -0.59689182
vn -0.237688392 -0.694470882 -0.653045475
vn -0.237688392 -0.694470882 -0.653045475
vn -0.217250198 -0.748619437 -0.59689182
vn -0.268447071 -0.748619497 -0.575685501
vn -0.293701679 -0.694470882 -0.629844069
vn -0.293701679 -0.694470882 -0.629844069
vn -0.268447071 -0.748619497 -0.575685501
vn -0.317602515 -0.748619497 -0.550103784
vn -0.347481519 -0.694470942 -0.601855814
vn -0.347481519 -0.694470942 -0.601855814
vn -0.317602515 -0.748619497 -0.550103784
vn -0.364334494 -0.748619497 -0.520324826
vn -0.398609936 -0.694470823 -0.56927526
vn -0.398609936 -0.694470823 -0.56927526
vn -0.364334494 -0.748619497 -0.520324826
vn -0.408298343 -0.748619497 -0.486590296
vn -0.446709663 -0.694471002 -0.53236717
vn -0.446709663 -0.694471002 -0.53236717
vn -0.408298343 -0.748619497 -0.486590296
vn -0.449157745 -0.748619616 -0.449157894
vn -0.491413057 -0.694471002 -0.491413265
vn -0.491413057 -0.694471002 -0.491413265
vn -0.449157745 -0.748619616 -0.449157894
vn -0.486590087 -0.748619497 -0.408298463
vn -0.532366872 -0.694471002 -0.446709812
vn -0.532366872 -0.694471002 -0.446709812
vn -0.486590087 -0.748619497 -0.408298463
vn -0.520324588 -0.748619497 -0.364334702
vn -0.569275022 -0.694470882 -0.398610145
vn -0.569275022 -0.694470882 -0.398610145
vn -0.520324588 -0.748619497 -0.364334702
vn -0.550103664 -0.748619616 -0.317602783
vn -0.601855636 -0.694470942 -0.347481817
vn -0.601855636 -0.694470942 -0.347481817
vn -0.550103664 -0.748619616 -0.317602783
vn -0.575685382 -0.748619497 -0.268447369
vn -0.629843891 -0.694470882 -0.293702006
vn -0.629843891 -0.694470882 -0.293702006
vn -0.575685382 -0.748619497 -0.268447369
vn -0.596891701 -0.748619437 -0.217250526
vn -0.653045475 -0.694470882 -0.237688735
vn -0.653045475 -0.694470882 -0.237688735
vn -0.596891701 -0.748619437 -0.217250526
vn -0.613560975 -0.748619497 -0.164403379
vn -0.671282768 -0.694470882 -0.17986992
vn -0.671282768 -0.694470882 -0.17986992
vn -0.613560975 -0.748619497 -0.164403379
vn -0.625548601 -0.748619437 -0.110301942
vn -0.684398115 -0.694470823 -0.12067879
vn -0.684398115 -0.694470823 -0.12067879
vn -0.625548601 -0.748619437 -0.110301942
vn -0.632781863 -0.748619497 -0.0553609394
vn -0.692311883 -0.694471002 -0.0605691299
vn -0.692311883 -0.694471002 -0.0605691299
vn -0.632781863 -0.748619497 -0.0553609394
vn -0.635205209 -0.748619616 -2.09362042e-07
vn -0.694963157 -0.694471002 -2.48430297e-07
vn -0.694963157 -0.694471002 -2.48430297e-07
vn -0.635205209 -0.748619616 -2.09362042e-07
vn -0.632781804 -0.748619497 0.0553605258
vn -0.692311823 -0.694471002 0.060568653
vn -0.692311823 -0.694471002 0.060568653
vn -0.632781804 -0.748619497 0.0553605258
vn -0.625548601 -0.748619497 0.110301539
vn -0.684398234 -0.694470942 0.120678335
vn -0.684398234 -0.694470942 0.120678335
vn -0.625548601 -0.748619497 0.110301539
vn -0.613561034 -0.748619676 0.164403081
vn -0.671282887 -0.694471002 0.179869592
vn -0.671282887 -0.694471002 0.179869592
vn -0.613561034 -0.748619676 0.164403081
vn -0.59689182 -0.748619497 0.217250213
vn -0.653045535 -0.694470942 0.237688377
vn -0.653045535 -0.694470942 0.237688377
vn -0.59689182 -0.748619497 0.217250213
vn -0.57568568 -0.748619437 0.268446773
vn -0.629844189 -0.694470942 0.293701351
vn -0.629844189 -0.694470942 0.293701351
vn -0.57568568 -0.748619437 0.268446773
vn -0.550103962 -0.748619556 0.317602217
vn -0.601855874 -0.694470942 0.347481221
vn -0.601855874 -0.694470942 0.347481221
vn -0.550103962 -0.748619556 0.317602217
vn -0.520325005 -0.748619437 0.364334315
vn -0.569275439 -0.694470882 0.398609668
vn -0.569275439 -0.694470882 0.398609668
vn -0.520325005 -0.748619437 0.364334315
vn -0.486590475 -0.748619497 0.408298135
vn -0.532367289 -0.694471002 0.446709454
vn -0.532367289 -0.694471002 0.446709454
vn -0.486590475 -0.748619497 0.408298135
vn -0.449158102 -0.748619616 0.449157625
vn -0.491413444 -0.694470942 0.491412938
vn -0.491413444 -0.694470942 0.491412938
vn -0.449158102 -0.748619616 0.449157625
vn -0.408298582 -0.748619437 0.486590028
vn -0.446709931 -0.694471002 0.532366812
vn -0.446709931 -0.694471002 0.532366812
vn -0.408298582 -0.748619437 0.486590028
vn -0.364334792 -0.748619497 0.520324647
vn -0.398610204 -0.694470882 0.569275141
vn -0.398610204 -0.694470882 0.569275141
vn -0.364334792 -0.748619497 0.520324647
vn -0.317602694 -0.748619616 0.550103724
vn -0.347481698 -0.694471002 0.601855695
vn -0.347481698 -0.694471002 0.601855695
vn -0.317602694 -0.748619616 0.550103724
vn -0.26844728 -0.748619556 0.575685501
vn -0.293701917 -0.694470942 0.62984401
vn -0.293701917 -0.694470942 0.62984401
vn -0.26844728 -0.748619556 0.575685501
vn -0.21725069 -0.748619556 0.596891642
vn -0.237688899 -0.694470942 0.653045356
vn -0.237688899 -0.694470942 0.653045356
vn -0.21725069 -0.748619556 0.596891642
vn -0.164403588 -0.748619616 0.613560915
vn -0.179870144 -0.694470942 0.671282709
vn -0.179870144 -0.694470942 0.671282709
vn -0.164403588 -0.748619616 0.613560915
vn -0.110302038 -0.748619497 0.625548542
vn -0.120678894 -0.694470823 0.684398055
vn -0.120678894 -0.694470823 0.684398055
vn -0.110302038 -0.748619497 0.625548542
vn -0.0553610437 -0.748619497 0.632781804
vn -0.060569223 -0.694471002 0.692311823
vn -0.060569223 -0.694471002 0.692311823
vn -0.0553610437 -0.748619497 0.632781804
vn -2.96086e-07 -0.748619556 0.635205209
vn -3.21073458e-07 -0.694470942 0.694963157
vn -3.21073458e-07 -0.694470942 0.694963157
vn -2.96086e-07 -0.748619556 0.635205209
vn 0.0553604439 -0.748619437 0.632781804
vn 0.0605685785 -0.694470882 0.692311823
vn 0.0605685785 -0.694470882 0.692311823
vn 0.0553604439 -0.748619437 0.632781804
vn 0.110301465 -0.748619437 0.625548601
vn 0.120678253 -0.694470882 0.684398234
vn 0.120678253 -0.694470882 0.684398234
vn 0.110301465 -0.748619437 0.625548601
vn 0.164403006 -0.748619616 0.613561094
vn 0.179869518 -0.694470942 0.671282947
vn 0.179869518 -0.694470942 0.671282947
vn 0.164403006 -0.748619616 0.613561094
vn 0.217250124 -0.748619556 0.59689188
vn 0.237688333 -0.694470882 0.653045595
vn 0.237688333 -0.694470882 0.653045595
vn 0.217250124 -0.748619556 0.59689188
vn 0.268446743 -0.748619497 0.57568568
vn 0.293701321 -0.694470823 0.629844189
vn 0.293701321 -0.694470823 0.629844189
vn 0.268446743 -0.748619497 0.57568568
vn 0.317602158 -0.748619616 0.550104022
vn 0.347481191 -0.694470942 0.601855934
vn 0.347481191 -0.694470942 0.601855934
vn 0.317602158 -0.748619616 0.550104022
vn 0.364334285 -0.748619556 0.520325005
vn 0.398609668 -0.694470882 0.569275439
vn 0.398609668 -0.694470882 0.569275439
vn 0.364334285 -0.748619556 0.520325005
vn 0.408298075 -0.748619556 0.486590505
vn 0.446709424 -0.694471061 0.532367349
vn 0.446709424 -0.694471061 0.532367349
vn 0.408298075 -0.748619556 0.486590505
vn 0.449157536 -0.748619616 0.449158162
vn 0.491412818 -0.694471061 0.491413504
vn 0.491412818 -0.694471061 0.491413504
vn 0.449157536 -0.748619616 0.449158162
vn 0.486589909 -0.748619556 0.408298701
vn 0.532366693 -0.694471002 0.44671014
vn 0.532366693 -0.694471002 0.44671014
vn 0.486589909 -0.748619556 0.408298701
vn 0.520324469 -0.748619497 0.36433509
vn 0.569274962 -0.694470882 0.398610473
vn 0.569274962 -0.694470882 0.398610473
vn 0.520324469 -0.748619497 0.36433509
vn 0.550103486 -0.748619616 0.317602992
vn 0.601855516 -0.694470942 0.347482026
vn 0.601855516 -0.694470942 0.347482026
vn 0.550103486 -0.748619616 0.317602992
vn 0.575685322 -0.748619556 0.268447608
vn 0.629843891 -0.694470882 0.293702275
vn 0.629843891 -0.694470882 0.293702275
vn 0.575685322 -0.748619556 0.268447608
vn 0.596891582 -0.748619497 0.217250943
vn 0.653045297 -0.694470882 0.237689167
vn 0.653045297 -0.694470882 0.237689167
vn 0.596891582 -0.748619497 0.217250943
vn 0.613560915 -0.748619616 0.164403737
vn 0.671282709 -0.694470942 0.179870278
vn 0.671282709 -0.694470942 0.179870278
vn 0.613560915 -0.748619616 0.164403737
vn 0.625548542 -0.748619497 0.110302024
vn 0.684398055 -0.694470882 0.120678864
vn 0.684398055 -0.694470882 0.120678864
vn 0.625548542 -0.748619497 0.110302024
vn 0.632781744 -0.748619497 0.0553608425
vn 0.692311764 -0.694471002 0.0605690181
vn 0.692311764 -0.694471002 0.0605690181
vn 0.632781744 -0.748619497 0.0553608425
vn 0.635205209 -0.748619556 -2.71447789e-08
vn 0.694963157 -0.694471002 -8.38190317e-09
vn 0.635205209 -0.748619556 -2.71447789e-08
vn 0.569992959 -0.796823919 -7.09405867e-08
vn 0.567818522 -0.796823919 -0.0496773235
vn 0.632781804 -0.748619497 -0.0553607829
vn 0.632781804 -0.748619497 -0.0553607829
vn 0.567818522 -0.796823919 -0.0496773235
vn 0.561327934 -0.796823919 -0.0989778712
vn 0.625548542 -0.748619497 -0.110301755
vn 0.625548542 -0.748619497 -0.110301755
vn 0.561327934 -0.796823919 -0.0989778712
vn 0.550571024 -0.796823978 -0.147525102
vn 0.613560975 -0.748619616 -0.164403245
vn 0.613560975 -0.748619616 -0.164403245
vn 0.550571024 -0.796823978 -0.147525102
vn 0.53561312 -0.796823919 -0.194946736
vn 0.596891642 -0.748619497 -0.217250332
vn 0.596891642 -0.748619497 -0.217250332
vn 0.53561312 -0.796823919 -0.194946736
vn 0.51658386 -0.796823978 -0.240887552
vn 0.575685441 -0.748619497 -0.268447131
vn 0.575685441 -0.748619497 -0.268447131
vn 0.51658386 -0.796823978 -0.240887552
vn 0.493628532 -0.796823978 -0.28499648
vn 0.550103724 -0.748619616 -0.317602575
vn 0.550103724 -0.748619616 -0.317602575
vn 0.493628532 -0.796823978 -0.28499648
vn 0.466906667 -0.796823859 -0.32693094
vn 0.520324707 -0.748619497 -0.364334553
vn 0.520324707 -0.748619497 -0.364334553
vn 0.466906667 -0.796823859 -0.32693094
vn 0.436635464 -0.796823859 -0.366381258
vn 0.486590177 -0.748619437 -0.408298343
vn 0.486590177 -0.748619437 -0.408298343
vn 0.436635464 -0.796823859 -0.366381258
vn 0.403046072 -0.796823859 -0.403045982
vn 0.449157804 -0.748619556 -0.449157804
vn 0.449157804 -0.748619556 -0.449157804
vn 0.403046072 -0.796823859 -0.403045982
vn 0.366381258 -0.796823859 -0.436635405
vn 0.408298373 -0.748619378 -0.486590207
vn 0.408298373 -0.748619378 -0.486590207
vn 0.366381258 -0.796823859 -0.436635405
vn 0.32693097 -0.7968238 -0.466906697
vn 0.364334643 -0.748619437 -0.520324767
vn 0.364334643 -0.748619437 -0.520324767
vn 0.32693097 -0.7968238 -0.466906697
vn 0.28499648 -0.796823859 -0.493628532
vn 0.317602456 -0.748619497 -0.550103784
vn 0.317602456 -0.748619497 -0.550103784
vn 0.28499648 -0.796823859 -0.493628532
vn 0.240887448 -0.796823859 -0.51658392
vn 0.268447042 -0.748619497 -0.575685501
vn 0.268447042 -0.748619497 -0.575685501
vn 0.240887448 -0.796823859 -0.51658392
vn 0.194946587 -0.796823859 -0.535613298
vn 0.217250139 -0.748619437 -0.596891761
vn 0.217250139 -0.748619437 -0.596891761
vn 0.194946587 -0.796823859 -0.535613298
vn 0.147524938 -0.796823919 -0.550571084
vn 0.164403066 -0.748619556 -0.613561034
vn 0.164403066 -0.748619556 -0.613561034
vn 0.147524938 -0.796823919 -0.550571084
vn 0.0989776701 -0.796823919 -0.561328113
vn 0.110301577 -0.748619437 -0.625548601
vn 0.110301577 -0.748619437 -0.625548601
vn 0.0989776701 -0.796823919 -0.561328113
vn 0.0496772304 -0.796824038 -0.567818582
vn 0.0553607419 -0.748619497 -0.632781804
vn 0.0553607419 -0.748619497 -0.632781804
vn 0.0496772304 -0.796824038 -0.567818582
vn 8.479401e-08 -0.796823978 -0.569993019
vn 1.05128493e-07 -0.748619616 -0.635205209
vn 1.05128493e-07 -0.748619616 -0.635205209
vn 8.479401e-08 -0.796823978 -0.569993019
vn -0.0496770926 -0.796823919 -0.567818522
vn -0.0553605668 -0.748619497 -0.632781744
vn -0.0553605668 -0.748619497 -0.632781744
vn -0.0496770926 -0.796823919 -0.567818522
vn -0.098977685 -0.796823919 -0.561327934
vn -0.110301562 -0.748619497 -0.625548601
vn -0.110301562 -0.748619497 -0.625548601
vn -0.098977685 -0.796823919 -0.561327934
vn -0.147524938 -0.796823919 -0.550571084
vn -0.164403036 -0.748619556 -0.613560975
vn -0.164403036 -0.748619556 -0.613560975
vn -0.147524938 -0.796823919 -0.550571084
vn -0.194946647 -0.796823859 -0.535613179
vn -0.217250198 -0.748619437 -0.59689182
vn -0.217250198 -0.748619437 -0.59689182
vn -0.194946647 -0.796823859 -0.535613179
vn -0.240887493 -0.796823859 -0.51658386
vn -0.268447071 -0.748619497 -0.575685501
vn -0.268447071 -0.748619497 -0.575685501
vn -0.240887493 -0.796823859 -0.51658386
vn -0.28499651 -0.796823859 -0.493628502
vn -0.317602515 -0.748619497 -0.550103784
vn -0.317602515 -0.748619497 -0.550103784
vn -0.28499651 -0.796823859 -0.493628502
vn -0.326930851 -0.796823859 -0.466906697
vn -0.364334494 -0.748619497 -0.520324826
vn -0.364334494 -0.748619497 -0.520324826
vn -0.326930851 -0.796823859 -0.466906697
vn -0.366381198 -0.796823919 -0.436635524
vn -0.408298343 -0.748619497 -0.486590296
vn -0.408298343 -0.748619497 -0.486590296
vn -0.366381198 -0.796823919 -0.436635524
vn -0.403045952 -0.796823978 -0.403046072
vn -0.449157745 -0.748619616 -0.449157894
vn -0.449157745 -0.748619616 -0.449157894
vn -0.403045952 -0.796823978 -0.403046072
vn -0.436635375 -0.796823919 -0.366381288
vn -0.486590087 -0.748619497 -0.408298463
vn -0.486590087 -0.748619497 -0.408298463
vn -0.436635375 -0.796823919 -0.366381288
vn -0.466906548 -0.796823859 -0.326931059
vn -0.520324588 -0.748619497 -0.364334702
vn -0.520324588 -0.748619497 -0.364334702
vn -0.466906548 -0.796823859 -0.326931059
vn -0.493628412 -0.796823978 -0.284996748
vn -0.550103664 -0.748619616 -0.317602783
vn -0.550103664 -0.748619616 -0.317602783
vn -0.493628412 -0.796823978 -0.284996748
vn -0.516583741 -0.796823859 -0.240887761
vn -0.575685382 -0.748619497 -0.268447369
vn -0.575685382 -0.748619497 -0.268447369
vn -0.516583741 -0.796823859 -0.240887761
vn -0.53561312 -0.796823919 -0.194946975
vn -0.596891701 -0.748619437 -0.217250526
vn -0.596891701 -0.748619437 -0.217250526
vn -0.53561312 -0.796823919 -0.194946975
vn -0.550571024 -0.796823859 -0.147525266
vn -0.613560975 -0.748619497 -0.164403379
vn -0.613560975 -0.748619497 -0.164403379
vn -0.550571024 -0.796823859 -0.147525266
vn -0.561327934 -0.796823859 -0.0989780203
vn -0.625548601 -0.748619437 -0.110301942
vn -0.625548601 -0.748619437 -0.110301942
vn -0.561327934 -0.796823859 -0.0989780203
vn -0.567818582 -0.796823919 -0.0496774241
vn -0.632781863 -0.748619497 -0.0553609394
vn -0.632781863 -0.748619497 -0.0553609394
vn -0.567818582 -0.796823919 -0.0496774241
vn -0.569993019 -0.796823978 -1.8478022e-07
vn -0.635205209 -0.748619616 -2.09362042e-07
vn -0.635205209 -0.748619616 -2.09362042e-07
vn -0.569993019 -0.796823978 -1.8478022e-07
vn -0.567818522 -0.796823919 0.0496770479
vn -0.632781804 -0.748619497 0.0553605258
vn -0.632781804 -0.748619497 0.0553605258
vn -0.567818522 -0.796823919 0.0496770479
vn -0.561327994 -0.796823859 0.0989776477
vn -0.625548601 -0.748619497 0.110301539
vn -0.625548601 -0.748619497 0.110301539
vn -0.561327994 -0.796823859 0.0989776477
vn -0.550571084 -0.796823919 0.147524983
vn -0.613561034 -0.748619676 0.164403081
vn -0.613561034 -0.748619676 0.164403081
vn -0.550571084 -0.796823919 0.147524983
vn -0.535613298 -0.796823919 0.194946647
vn -0.59689182 -0.748619497 0.217250213
vn -0.59689182 -0.748619497 0.217250213
vn -0.535613298 -0.796823919 0.194946647
vn -0.516583979 -0.796823919 0.24088724
vn -0.57568568 -0.748619437 0.268446773
vn -0.57568568 -0.748619437 0.268446773
vn -0.516583979 -0.796823919 0.24088724
vn -0.493628711 -0.796823859 0.284996241
vn -0.550103962 -0.748619556 0.317602217
vn -0.550103962 -0.748619556 0.317602217
vn -0.493628711 -0.796823859 0.284996241
vn -0.466906875 -0.796823859 0.326930702
vn -0.520325005 -0.748619437 0.364334315
vn -0.520325005 -0.748619437 0.364334315
vn -0.466906875 -0.796823859 0.326930702
vn -0.436635643 -0.796823919 0.366381109
vn -0.486590475 -0.748619497 0.408298135
vn -0.486590475 -0.748619497 0.408298135
vn -0.436635643 -0.796823919 0.366381109
vn -0.403046221 -0.796823978 0.403045833
vn -0.449158102 -0.748619616 0.449157625
vn -0.449158102 -0.748619616 0.449157625
vn -0.403046221 -0.796823978 0.403045833
vn -0.366381377 -0.796823978 0.436635345
vn -0.408298582 -0.748619437 0.486590028
vn -0.408298582 -0.748619437 0.486590028
vn -0.366381377 -0.796823978 0.436635345
vn -0.326931089 -0.796823859 0.466906607
vn -0.364334792 -0.748619497 0.520324647
vn -0.364334792 -0.748619497 0.520324647
vn -0.326931089 -0.796823859 0.466906607
vn -0.284996659 -0.796823919 0.493628532
vn -0.317602694 -0.748619616 0.550103724
vn -0.317602694 -0.748619616 0.550103724
vn -0.284996659 -0.796823919 0.493628532
vn -0.240887687 -0.796823919 0.51658386
vn -0.26844728 -0.748619556 0.575685501
vn -0.26844728 -0.748619556 0.575685501
vn -0.240887687 -0.796823919 0.51658386
vn -0.194947079 -0.796823919 0.535613179
vn -0.21725069 -0.748619556 0.596891642
vn -0.21725069 -0.748619556 0.596891642
vn -0.194947079 -0.796823919 0.535613179
vn -0.14752543 -0.796823919 0.550570905
vn -0.164403588 -0.748619616 0.613560915
vn -0.164403588 -0.748619616 0.613560915
vn -0.14752543 -0.796823919 0.550570905
vn -0.0989781171 -0.796823859 0.561327934
vn -0.110302038 -0.748619497 0.625548542
vn -0.110302038 -0.748619497 0.625548542
vn -0.0989781171 -0.796823859 0.561327934
vn -0.0496775135 -0.796823919 0.567818642
vn -0.0553610437 -0.748619497 0.632781804
vn -0.0553610437 -0.748619497 0.632781804
vn -0.0496775135 -0.796823919 0.567818642
vn -2.61105015e-07 -0.796823919 0.569993019
vn -2.96086e-07 -0.748619556 0.635205209
vn -2.96086e-07 -0.748619556 0.635205209
vn -2.61105015e-07 -0.796823919 0.569993019
vn 0.0496769771 -0.796823859 0.567818582
vn 0.0553604439 -0.748619437 0.632781804
vn 0.0553604439 -0.748619437 0.632781804
vn 0.0496769771 -0.796823859 0.567818582
vn 0.0989775807 -0.7968238 0.561327994
vn 0.110301465 -0.748619437 0.625548601
vn 0.110301465 -0.748619437 0.625548601
vn 0.0989775807 -0.7968238 0.561327994
vn 0.147524908 -0.796823919 0.550571024
vn 0.164403006 -0.748619616 0.613561094
vn 0.164403006 -0.748619616 0.613561094
vn 0.147524908 -0.796823919 0.550571024
vn 0.194946572 -0.796823919 0.535613298
vn 0.217250124 -0.748619556 0.59689188
vn 0.217250124 -0.748619556 0.59689188
vn 0.194946572 -0.796823919 0.535613298
vn 0.240887165 -0.796823919 0.516584039
vn 0.268446743 -0.748619497 0.57568568
vn 0.268446743 -0.748619497 0.57568568
vn 0.240887165 -0.796823919 0.516584039
vn 0.284996212 -0.796823978 0.493628711
vn 0.317602158 -0.748619616 0.550104022
vn 0.317602158 -0.748619616 0.550104022
vn 0.284996212 -0.796823978 0.493628711
vn 0.326930642 -0.796823859 0.466906875
vn 0.364334285 -0.748619556 0.520325005
vn 0.364334285 -0.748619556 0.520325005
vn 0.326930642 -0.796823859 0.466906875
vn 0.366381019 -0.796823978 0.436635673
vn 0.408298075 -0.748619556 0.486590505
vn 0.408298075 -0.748619556 0.486590505
vn 0.366381019 -0.796823978 0.436635673
vn 0.403045744 -0.796823978 0.40304628
vn 0.449157536 -0.748619616 0.449158162
vn 0.449157536 -0.748619616 0.449158162
vn 0.403045744 -0.796823978 0.40304628
vn 0.436635166 -0.796823978 0.366381526
vn 0.486589909 -0.748619556 0.408298701
vn 0.486589909 -0.748619556 0.408298701
vn 0.436635166 -0.796823978 0.366381526
vn 0.466906369 -0.796823859 0.326931357
vn 0.520324469 -0.748619497 0.36433509
vn 0.520324469 -0.748619497 0.36433509
vn 0.466906369 -0.796823859 0.326931357
vn 0.493628204 -0.796823978 0.284996927
vn 0.550103486 -0.748619616 0.317602992
vn 0.550103486 -0.748619616 0.317602992
vn 0.493628204 -0.796823978 0.284996927
vn 0.516583681 -0.796823919 0.240888014
vn 0.575685322 -0.748619556 0.268447608
vn 0.575685322 -0.748619556 0.268447608
vn 0.516583681 -0.796823919 0.240888014
vn 0.535613 -0.796824038 0.194947377
vn 0.596891582 -0.748619497 0.217250943
vn 0.596891582 -0.748619497 0.217250943
vn 0.535613 -0.796824038 0.194947377
vn 0.550570905 -0.796823978 0.147525609
vn 0.613560915 -0.748619616 0.164403737
vn 0.613560915 -0.748619616 0.164403737
vn 0.550570905 -0.796823978 0.147525609
vn 0.561327875 -0.796823859 0.0989781022
vn 0.625548542 -0.748619497 0.110302024
vn 0.625548542 -0.748619497 0.110302024
vn 0.561327875 -0.796823859 0.0989781022
vn 0.567818522 -0.796823978 0.0496773124
vn 0.632781744 -0.748619497 0.0553608425
vn 0.632781744 -0.748619497 0.0553608425
vn 0.567818522 -0.796823978 0.0496773124
vn 0.569992959 -0.796823919 -7.09405867e-08
vn 0.635205209 -0.748619556 -2.71447789e-08
vn 0.569992959 -0.796823919 -7.09405867e-08
vn 0.497626513 -0.840538621 -1.36438757e-07
vn 0.495728016 -0.840538621 -0.0433703363
vn 0.567818522 -0.796823919 -0.0496773235
vn 0.567818522 -0.796823919 -0.0496773235
vn 0.495728016 -0.840538621 -0.0433703363
vn 0.490061551 -0.84053874 -0.0864116251
vn 0.561327934 -0.796823919 -0.0989778712
vn 0.561327934 -0.796823919 -0.0989778712
vn 0.490061551 -0.84053874 -0.0864116251
vn 0.480670244 -0.840538681 -0.128795236
vn 0.550571024 -0.796823978 -0.147525102
vn 0.550571024 -0.796823978 -0.147525102
vn 0.480670244 -0.840538681 -0.128795236
vn 0.467611432 -0.840538561 -0.170196176
vn 0.53561312 -0.796823919 -0.194946736
vn 0.53561312 -0.796823919 -0.194946736
vn 0.467611432 -0.840538561 -0.170196176
vn 0.450998157 -0.840538681 -0.21030429
vn 0.51658386 -0.796823978 -0.240887552
vn 0.51658386 -0.796823978 -0.240887552
vn 0.450998157 -0.840538681 -0.21030429
vn 0.430957288 -0.840538621 -0.248813182
vn 0.493628532 -0.796823978 -0.28499648
vn 0.493628532 -0.796823978 -0.28499648
vn 0.430957288 -0.840538621 -0.248813182
vn 0.40762797 -0.840538621 -0.285423607
vn 0.466906667 -0.796823859 -0.32693094
vn 0.466906667 -0.796823859 -0.32693094
vn 0.40762797 -0.840538621 -0.285423607
vn 0.381200016 -0.840538681 -0.319865257
vn 0.436635464 -0.796823859 -0.366381258
vn 0.436635464 -0.796823859 -0.366381258
vn 0.381200016 -0.840538681 -0.319865257
vn 0.351875097 -0.840538561 -0.351875037
vn 0.403046072 -0.796823859 -0.403045982
vn 0.403046072 -0.796823859 -0.403045982
vn 0.351875097 -0.840538561 -0.351875037
vn 0.319865286 -0.840538561 -0.381199956
vn 0.366381258 -0.796823859 -0.436635405
vn 0.366381258 -0.796823859 -0.436635405
vn 0.319865286 -0.840538561 -0.381199956
vn 0.285423666 -0.840538621 -0.40762797
vn 0.32693097 -0.7968238 -0.466906697
vn 0.32693097 -0.7968238 -0.466906697
vn 0.285423666 -0.840538621 -0.40762797
vn 0.248813212 -0.840538621 -0.430957258
vn 0.28499648 -0.796823859 -0.493628532
vn 0.28499648 -0.796823859 -0.493628532
vn 0.248813212 -0.840538621 -0.430957258
vn 0.210304275 -0.840538621 -0.450998187
vn 0.240887448 -0.796823859 -0.51658392
vn 0.240887448 -0.796823859 -0.51658392
vn 0.210304275 -0.840538621 -0.450998187
vn 0.170196056 -0.840538621 -0.467611581
vn 0.194946587 -0.796823859 -0.535613298
vn 0.194946587 -0.796823859 -0.535613298
vn 0.170196056 -0.840538621 -0.467611581
vn 0.128795072 -0.840538561 -0.480670393
vn 0.147524938 -0.796823919 -0.550571084
vn 0.147524938 -0.796823919 -0.550571084
vn 0.128795072 -0.840538561 -0.480670393
vn 0.0864113867 -0.840538621 -0.490061581
vn 0.0989776701 -0.796823919 -0.561328113
vn 0.0989776701 -0.796823919 -0.561328113
vn 0.0864113867 -0.840538621 -0.490061581
vn 0.0433701649 -0.84053874 -0.495728076
vn 0.0496772304 -0.796824038 -0.567818582
vn 0.0496772304 -0.796824038 -0.567818582
vn 0.0433701649 -0.84053874 -0.495728076
vn 6.03613444e-08 -0.840538681 -0.497626543
vn 8.479401e-08 -0.796823978 -0.569993019
vn 8.479401e-08 -0.796823978 -0.569993019
vn 6.03613444e-08 -0.840538681 -0.497626543
vn -0.0433700792 -0.840538621 -0.495727986
vn -0.0496770926 -0.796823919 -0.567818522
vn -0.0496770926 -0.796823919 -0.567818522
vn -0.0433700792 -0.840538621 -0.495727986
vn -0.0864114389 -0.840538681 -0.490061492
vn -0.098977685 -0.796823919 -0.561327934
vn -0.098977685 -0.796823919 -0.561327934
vn -0.0864114389 -0.840538681 -0.490061492
vn -0.128795087 -0.840538681 -0.480670303
vn -0.147524938 -0.796823919 -0.550571084
vn -0.147524938 -0.796823919 -0.550571084
vn -0.128795087 -0.840538681 -0.480670303
vn -0.170196146 -0.840538561 -0.467611521
vn -0.194946647 -0.796823859 -0.535613179
vn -0.194946647 -0.796823859 -0.535613179
vn -0.170196146 -0.840538561 -0.467611521
vn -0.210304335 -0.840538621 -0.450998157
vn -0.240887493 -0.796823859 -0.51658386
vn -0.240887493 -0.796823859 -0.51658386
vn -0.210304335 -0.840538621 -0.450998157
vn -0.248813242 -0.840538621 -0.430957198
vn -0.28499651 -0.796823859 -0.493628502
vn -0.28499651 -0.796823859 -0.493628502
vn -0.248813242 -0.840538621 -0.430957198
vn -0.285423577 -0.840538681 -0.40762797
vn -0.326930851 -0.796823859 -0.466906697
vn -0.326930851 -0.796823859 -0.466906697
vn -0.285423577 -0.840538681 -0.40762797
vn -0.319865286 -0.84053874 -0.381200016
vn -0.366381198 -0.796823919 -0.436635524
vn -0.366381198 -0.796823919 -0.436635524
vn -0.319865286 -0.84053874 -0.381200016
vn -0.351875067 -0.840538561 -0.351875156
vn -0.403045952 -0.796823978 -0.403046072
vn -0.403045952 -0.796823978 -0.403046072
vn -0.351875067 -0.840538561 -0.351875156
vn -0.381199896 -0.840538621 -0.319865346
vn -0.436635375 -0.796823919 -0.366381288
vn -0.436635375 -0.796823919 -0.366381288
vn -0.381199896 -0.840538621 -0.319865346
vn -0.40762794 -0.840538681 -0.285423785
vn -0.466906548 -0.796823859 -0.326931059
vn -0.466906548 -0.796823859 -0.326931059
vn -0.40762794 -0.840538681 -0.285423785
vn -0.430957139 -0.840538681 -0.24881345
vn -0.493628412 -0.796823978 -0.284996748
vn -0.493628412 -0.796823978 -0.284996748
vn -0.430957139 -0.840538681 -0.24881345
vn -0.450998068 -0.840538561 -0.210304543
vn -0.516583741 -0.796823859 -0.240887761
vn -0.516583741 -0.796823859 -0.240887761
vn -0.450998068 -0.840538561 -0.210304543
vn -0.467611462 -0.840538621 -0.170196399
vn -0.53561312 -0.796823919 -0.194946975
vn -0.53561312 -0.796823919 -0.194946975
vn -0.467611462 -0.840538621 -0.170196399
vn -0.480670273 -0.840538621 -0.128795385
vn -0.550571024 -0.796823859 -0.147525266
vn -0.550571024 -0.796823859 -0.147525266
vn -0.480670273 -0.840538621 -0.128795385
vn -0.490061492 -0.840538561 -0.0864117146
vn -0.561327934 -0.796823859 -0.0989780203
vn -0.561327934 -0.796823859 -0.0989780203
vn -0.490061492 -0.840538561 -0.0864117146
vn -0.495728046 -0.840538621 -0.0433703624
vn -0.567818582 -0.796823919 -0.0496774241
vn -0.567818582 -0.796823919 -0.0496774241
vn -0.495728046 -0.840538621 -0.0433703624
vn -0.497626543 -0.840538561 -1.63156074e-07
vn -0.569993019 -0.796823978 -1.8478022e-07
vn -0.569993019 -0.796823978 -1.8478022e-07
vn -0.497626543 -0.840538561 -1.63156074e-07
vn -0.495728016 -0.840538621 0.0433700196
vn -0.567818522 -0.796823919 0.0496770479
vn -0.567818522 -0.796823919 0.0496770479
vn -0.495728016 -0.840538621 0.0433700196
vn -0.490061522 -0.840538681 0.0864113867
vn -0.561327994 -0.796823859 0.0989776477
vn -0.561327994 -0.796823859 0.0989776477
vn -0.490061522 -0.840538681 0.0864113867
vn -0.480670333 -0.84053874 0.128795132
vn -0.550571084 -0.796823919 0.147524983
vn -0.550571084 -0.796823919 0.147524983
vn -0.480670333 -0.84053874 0.128795132
vn -0.467611581 -0.840538681 0.170196131
vn -0.535613298 -0.796823919 0.194946647
vn -0.535613298 -0.796823919 0.194946647
vn -0.467611581 -0.840538681 0.170196131
vn -0.450998306 -0.840538621 0.210304111
vn -0.516583979 -0.796823919 0.24088724
vn -0.516583979 -0.796823919 0.24088724
vn -0.450998306 -0.840538621 0.210304111
vn -0.430957437 -0.840538621 0.248813048
vn -0.493628711 -0.796823859 0.284996241
vn -0.493628711 -0.796823859 0.284996241
vn -0.430957437 -0.840538621 0.248813048
vn -0.407628208 -0.840538621 0.285423458
vn -0.466906875 -0.796823859 0.326930702
vn -0.466906875 -0.796823859 0.326930702
vn -0.407628208 -0.840538621 0.285423458
vn -0.381200224 -0.840538681 0.319865137
vn -0.436635643 -0.796823919 0.366381109
vn -0.436635643 -0.796823919 0.366381109
vn -0.381200224 -0.840538681 0.319865137
vn -0.351875246 -0.840538681 0.351874918
vn -0.403046221 -0.796823978 0.403045833
vn -0.403046221 -0.796823978 0.403045833
vn -0.351875246 -0.840538681 0.351874918
vn -0.319865465 -0.840538621 0.381199867
vn -0.366381377 -0.796823978 0.436635345
vn -0.366381377 -0.796823978 0.436635345
vn -0.319865465 -0.840538621 0.381199867
vn -0.285423815 -0.840538681 0.40762794
vn -0.326931089 -0.796823859 0.466906607
vn -0.326931089 -0.796823859 0.466906607
vn -0.285423815 -0.840538681 0.40762794
vn -0.248813406 -0.840538681 0.430957228
vn -0.284996659 -0.796823919 0.493628532
vn -0.284996659 -0.796823919 0.493628532
vn -0.248813406 -0.840538681 0.430957228
vn -0.210304514 -0.840538621 0.450998187
vn -0.240887687 -0.796823919 0.51658386
vn -0.240887687 -0.796823919 0.51658386
vn -0.210304514 -0.840538621 0.450998187
vn -0.170196548 -0.840538681 0.467611432
vn -0.194947079 -0.796823919 0.535613179
vn -0.194947079 -0.796823919 0.535613179
vn -0.170196548 -0.840538681 0.467611432
vn -0.128795534 -0.840538681 0.480670244
vn -0.14752543 -0.796823919 0.550570905
vn -0.14752543 -0.796823919 0.550570905
vn -0.128795534 -0.840538681 0.480670244
vn -0.0864117965 -0.840538681 0.490061492
vn -0.0989781171 -0.796823859 0.561327934
vn -0.0989781171 -0.796823859 0.561327934
vn -0.0864117965 -0.840538681 0.490061492
vn -0.0433704257 -0.840538621 0.495728046
vn -0.0496775135 -0.796823919 0.567818642
vn -0.0496775135 -0.796823919 0.567818642
vn -0.0433704257 -0.840538621 0.495728046
vn -2.25729309e-07 -0.840538561 0.497626573
vn -2.61105015e-07 -0.796823919 0.569993019
vn -2.61105015e-07 -0.796823919 0.569993019
vn -2.25729309e-07 -0.840538561 0.497626573
vn 0.0433699675 -0.840538502 0.495728076
vn 0.0496769771 -0.796823859 0.567818582
vn 0.0496769771 -0.796823859 0.567818582
vn 0.0433699675 -0.840538502 0.495728076
vn 0.0864113271 -0.840538621 0.490061581
vn 0.0989775807 -0.7968238 0.561327994
vn 0.0989775807 -0.7968238 0.561327994
vn 0.0864113271 -0.840538621 0.490061581
vn 0.128795087 -0.840538621 0.480670393
vn 0.147524908 -0.796823919 0.550571024
vn 0.147524908 -0.796823919 0.550571024
vn 0.128795087 -0.840538621 0.480670393
vn 0.170196086 -0.840538681 0.467611611
vn 0.194946572 -0.796823919 0.535613298
vn 0.194946572 -0.796823919 0.535613298
vn 0.170196086 -0.840538681 0.467611611
vn 0.210304067 -0.840538621 0.450998336
vn 0.240887165 -0.796823919 0.516584039
vn 0.240887165 -0.796823919 0.516584039
vn 0.210304067 -0.840538621 0.450998336
vn 0.248812973 -0.840538621 0.430957437
vn 0.284996212 -0.796823978 0.493628711
vn 0.284996212 -0.796823978 0.493628711
vn 0.248812973 -0.840538621 0.430957437
vn 0.285423458 -0.840538681 0.407628179
vn 0.326930642 -0.796823859 0.466906875
vn 0.326930642 -0.796823859 0.466906875
vn 0.285423458 -0.840538681 0.407628179
vn 0.319865167 -0.840538681 0.381200254
vn 0.366381019 -0.796823978 0.436635673
vn 0.366381019 -0.796823978 0.436635673
vn 0.319865167 -0.840538681 0.381200254
vn 0.351874948 -0.840538621 0.351875246
vn 0.403045744 -0.796823978 0.40304628
vn 0.403045744 -0.796823978 0.40304628
vn 0.351874948 -0.840538621 0.351875246
vn 0.381199777 -0.840538681 0.319865525
vn 0.436635166 -0.796823978 0.366381526
vn 0.436635166 -0.796823978 0.366381526
vn 0.381199777 -0.840538681 0.319865525
vn 0.407627732 -0.840538681 0.285423964
vn 0.466906369 -0.796823859 0.326931357
vn 0.466906369 -0.796823859 0.326931357
vn 0.407627732 -0.840538681 0.285423964
vn 0.43095696 -0.84053874 0.248813644
vn 0.493628204 -0.796823978 0.284996927
vn 0.493628204 -0.796823978 0.284996927
vn 0.43095696 -0.84053874 0.248813644
vn 0.450997949 -0.84053874 0.210304841
vn 0.516583681 -0.796823919 0.240888014
vn 0.516583681 -0.796823919 0.240888014
vn 0.450997949 -0.84053874 0.210304841
vn 0.467611223 -0.840538681 0.170196876
vn 0.535613 -0.796824038 0.194947377
vn 0.535613 -0.796824038 0.194947377
vn 0.467611223 -0.840538681 0.170196876
vn 0.480670154 -0.840538681 0.128795788
vn 0.550570905 -0.796823978 0.147525609
vn 0.550570905 -0.796823978 0.147525609
vn 0.480670154 -0.840538681 0.128795788
vn 0.490061432 -0.840538681 0.0864118114
vn 0.561327875 -0.796823859 0.0989781022
vn 0.561327875 -0.796823859 0.0989781022
vn 0.490061432 -0.840538681 0.0864118114
vn 0.495727986 -0.840538681 0.043370232
vn 0.567818522 -0.796823978 0.0496773124
vn 0.567818522 -0.796823978 0.0496773124
vn 0.495727986 -0.840538681 0.043370232
vn 0.497626513 -0.840538621 -1.36438757e-07
vn 0.569992959 -0.796823919 -7.09405867e-08
vn 0.497626513 -0.840538621 -1.36438757e-07
vn 0.33125627 -0.916983604 -3.30036528e-07
vn 0.329992592 -0.916983664 -0.0288706869
vn 0.495728016 -0.840538621 -0.0433703363
vn 0.495728016 -0.840538621 -0.0433703363
vn 0.329992592 -0.916983664 -0.0288706869
vn 0.326220602 -0.916983664 -0.0575219989
vn 0.490061551 -0.84053874 -0.0864116251
vn 0.490061551 -0.84053874 -0.0864116251
vn 0.326220602 -0.916983664 -0.0575219989
vn 0.319969058 -0.916983664 -0.0857354701
vn 0.480670244 -0.840538681 -0.128795236
vn 0.480670244 -0.840538681 -0.128795236
vn 0.319969058 -0.916983664 -0.0857354701
vn 0.311276227 -0.916983664 -0.113294773
vn 0.467611432 -0.840538561 -0.170196176
vn 0.467611432 -0.840538561 -0.170196176
vn 0.311276227 -0.916983664 -0.113294773
vn 0.300217241 -0.916983724 -0.139993548
vn 0.450998157 -0.840538681 -0.21030429
vn 0.450998157 -0.840538681 -0.21030429
vn 0.300217241 -0.916983724 -0.139993548
vn 0.286876589 -0.916983664 -0.165627792
vn 0.430957288 -0.840538621 -0.248813182
vn 0.430957288 -0.840538621 -0.248813182
vn 0.286876589 -0.916983664 -0.165627792
vn 0.271346897 -0.916983664 -0.189998388
vn 0.40762797 -0.840538621 -0.285423607
vn 0.40762797 -0.840538621 -0.285423607
vn 0.271346897 -0.916983664 -0.189998388
vn 0.253754497 -0.916983664 -0.212925389
vn 0.381200016 -0.840538681 -0.319865257
vn 0.381200016 -0.840538681 -0.319865257
vn 0.253754497 -0.916983664 -0.212925389
vn 0.234233633 -0.916983604 -0.234233528
vn 0.351875097 -0.840538561 -0.351875037
vn 0.351875097 -0.840538561 -0.351875037
vn 0.234233633 -0.916983604 -0.234233528
vn 0.212925538 -0.916983604 -0.253754348
vn 0.319865286 -0.840538561 -0.381199956
vn 0.319865286 -0.840538561 -0.381199956
vn 0.212925538 -0.916983604 -0.253754348
vn 0.189998686 -0.916983604 -0.271346748
vn 0.285423666 -0.840538621 -0.40762797
vn 0.285423666 -0.840538621 -0.40762797
vn 0.189998686 -0.916983604 -0.271346748
vn 0.165628105 -0.916983664 -0.28687638
vn 0.248813212 -0.840538621 -0.430957258
vn 0.248813212 -0.840538621 -0.430957258
vn 0.165628105 -0.916983664 -0.28687638
vn 0.139993772 -0.916983664 -0.300217092
vn 0.210304275 -0.840538621 -0.450998187
vn 0.210304275 -0.840538621 -0.450998187
vn 0.139993772 -0.916983664 -0.300217092
vn 0.11329484 -0.916983545 -0.311276197
vn 0.170196056 -0.840538621 -0.467611581
vn 0.170196056 -0.840538621 -0.467611581
vn 0.11329484 -0.916983545 -0.311276197
vn 0.0857353508 -0.916983604 -0.319969088
vn 0.128795072 -0.840538561 -0.480670393
vn 0.128795072 -0.840538561 -0.480670393
vn 0.0857353508 -0.916983604 -0.319969088
vn 0.057521686 -0.916983545 -0.326220542
vn 0.0864113867 -0.840538621 -0.490061581
vn 0.0864113867 -0.840538621 -0.490061581
vn 0.057521686 -0.916983545 -0.326220542
vn 0.028870305 -0.916983664 -0.329992592
vn 0.0433701649 -0.84053874 -0.495728076
vn 0.0433701649 -0.84053874 -0.495728076
vn 0.028870305 -0.916983664 -0.329992592
vn 1.70139174e-08 -0.916983604 -0.33125633
vn 6.03613444e-08 -0.840538681 -0.497626543
vn 6.03613444e-08 -0.840538681 -0.497626543
vn 1.70139174e-08 -0.916983604 -0.33125633
vn -0.028870292 -0.916983604 -0.329992592
vn -0.0433700792 -0.840538621 -0.495727986
vn -0.0433700792 -0.840538621 -0.495727986
vn -0.028870292 -0.916983604 -0.329992592
vn -0.0575217381 -0.916983545 -0.326220453
vn -0.0864114389 -0.840538681 -0.490061492
vn -0.0864114389 -0.840538681 -0.490061492
vn -0.0575217381 -0.916983545 -0.326220453
vn -0.0857353583 -0.916983604 -0.319969028
vn -0.128795087 -0.840538681 -0.480670303
vn -0.128795087 -0.840538681 -0.480670303
vn -0.0857353583 -0.916983604 -0.319969028
vn -0.113294907 -0.916983604 -0.311276168
vn -0.170196146 -0.840538561 -0.467611521
vn -0.170196146 -0.840538561 -0.467611521
vn -0.113294907 -0.916983604 -0.311276168
vn -0.139993817 -0.916983545 -0.300217122
vn -0.210304335 -0.840538621 -0.450998157
vn -0.210304335 -0.840538621 -0.450998157
vn -0.139993817 -0.916983545 -0.300217122
vn -0.16562812 -0.916983604 -0.28687638
vn -0.248813242 -0.840538621 -0.430957198
vn -0.248813242 -0.840538621 -0.430957198
vn -0.16562812 -0.916983604 -0.28687638
vn -0.189998657 -0.916983545 -0.271346807
vn -0.285423577 -0.840538681 -0.40762797
vn -0.285423577 -0.840538681 -0.40762797
vn -0.189998657 -0.916983545 -0.271346807
vn -0.212925538 -0.916983664 -0.253754467
vn -0.319865286 -0.84053874 -0.381200016
vn -0.319865286 -0.84053874 -0.381200016
vn -0.212925538 -0.916983664 -0.253754467
vn -0.234233558 -0.916983604 -0.234233648
vn -0.351875067 -0.840538561 -0.351875156
vn -0.351875067 -0.840538561 -0.351875156
vn -0.234233558 -0.916983604 -0.234233648
vn -0.253754377 -0.916983664 -0.212925613
vn -0.381199896 -0.840538621 -0.319865346
vn -0.381199896 -0.840538621 -0.319865346
vn -0.253754377 -0.916983664 -0.212925613
vn -0.271346748 -0.916983545 -0.189998761
vn -0.40762794 -0.840538681 -0.285423785
vn -0.40762794 -0.840538681 -0.285423785
vn -0.271346748 -0.916983545 -0.189998761
vn -0.286876351 -0.916983604 -0.165628254
vn -0.430957139 -0.840538681 -0.24881345
vn -0.430957139 -0.840538681 -0.24881345
vn -0.286876351 -0.916983604 -0.165628254
vn -0.300217092 -0.916983604 -0.139993966
vn -0.450998068 -0.840538561 -0.210304543
vn -0.450998068 -0.840538561 -0.210304543
vn -0.300217092 -0.916983604 -0.139993966
vn -0.311276108 -0.916983545 -0.113295056
vn -0.467611462 -0.840538621 -0.170196399
vn -0.467611462 -0.840538621 -0.170196399
vn -0.311276108 -0.916983545 -0.113295056
vn -0.319969028 -0.916983604 -0.0857355371
vn -0.480670273 -0.840538621 -0.128795385
vn -0.480670273 -0.840538621 -0.128795385
vn -0.319969028 -0.916983604 -0.0857355371
vn -0.326220423 -0.916983545 -0.0575219169
vn -0.490061492 -0.840538561 -0.0864117146
vn -0.490061492 -0.840538561 -0.0864117146
vn -0.326220423 -0.916983545 -0.0575219169
vn -0.329992592 -0.916983664 -0.0288704578
vn -0.495728046 -0.840538621 -0.0433703624
vn -0.495728046 -0.840538621 -0.0433703624
vn -0.329992592 -0.916983664 -0.0288704578
vn -0.3312563 -0.916983604 -1.19605374e-07
vn -0.497626543 -0.840538561 -1.63156074e-07
vn -0.497626543 -0.840538561 -1.63156074e-07
vn -0.3312563 -0.916983604 -1.19605374e-07
vn -0.329992622 -0.916983664 0.0288702119
vn -0.495728016 -0.840538621 0.0433700196
vn -0.495728016 -0.840538621 0.0433700196
vn -0.329992622 -0.916983664 0.0288702119
vn -0.326220483 -0.916983545 0.0575216673
vn -0.490061522 -0.840538681 0.0864113867
vn -0.490061522 -0.840538681 0.0864113867
vn -0.326220483 -0.916983545 0.0575216673
vn -0.319969088 -0.916983604 0.0857353508
vn -0.480670333 -0.84053874 0.128795132
vn -0.480670333 -0.84053874 0.128795132
vn -0.319969088 -0.916983604 0.0857353508
vn -0.311276197 -0.916983604 0.113294885
vn -0.467611581 -0.840538681 0.170196131
vn -0.467611581 -0.840538681 0.170196131
vn -0.311276197 -0.916983604 0.113294885
vn -0.300217211 -0.916983545 0.139993697
vn -0.450998306 -0.840538621 0.210304111
vn -0.450998306 -0.840538621 0.210304111
vn -0.300217211 -0.916983545 0.139993697
vn -0.286876529 -0.916983604 0.165628001
vn -0.430957437 -0.840538621 0.248813048
vn -0.430957437 -0.840538621 0.248813048
vn -0.286876529 -0.916983604 0.165628001
vn -0.271346927 -0.916983545 0.189998582
vn -0.407628208 -0.840538621 0.285423458
vn -0.407628208 -0.840538621 0.285423458
vn -0.271346927 -0.916983545 0.189998582
vn -0.253754556 -0.916983724 0.212925449
vn -0.381200224 -0.840538681 0.319865137
vn -0.381200224 -0.840538681 0.319865137
vn -0.253754556 -0.916983724 0.212925449
vn -0.234233707 -0.916983604 0.234233499
vn -0.351875246 -0.840538681 0.351874918
vn -0.351875246 -0.840538681 0.351874918
vn -0.234233707 -0.916983604 0.234233499
vn -0.212925687 -0.916983604 0.253754318
vn -0.319865465 -0.840538621 0.381199867
vn -0.319865465 -0.840538621 0.381199867
vn -0.212925687 -0.916983604 0.253754318
vn -0.189998806 -0.916983545 0.271346748
vn -0.285423815 -0.840538681 0.40762794
vn -0.285423815 -0.840538681 0.40762794
vn -0.189998806 -0.916983545 0.271346748
vn -0.165628254 -0.916983545 0.28687638
vn -0.248813406 -0.840538681 0.430957228
vn -0.248813406 -0.840538681 0.430957228
vn -0.165628254 -0.916983545 0.28687638
vn -0.139993966 -0.916983664 0.300217152
vn -0.210304514 -0.840538621 0.450998187
vn -0.210304514 -0.840538621 0.450998187
vn -0.139993966 -0.916983664 0.300217152
vn -0.113295145 -0.916983545 0.311276078
vn -0.170196548 -0.840538681 0.467611432
vn -0.170196548 -0.840538681 0.467611432
vn -0.113295145 -0.916983545 0.311276078
vn -0.0857356414 -0.916983604 0.319969028
vn -0.128795534 -0.840538681 0.480670244
vn -0.128795534 -0.840538681 0.480670244
vn -0.0857356414 -0.916983604 0.319969028
vn -0.0575219505 -0.916983545 0.326220453
vn -0.0864117965 -0.840538681 0.490061492
vn -0.0864117965 -0.840538681 0.490061492
vn -0.0575219505 -0.916983545 0.326220453
vn -0.0288704969 -0.916983664 0.329992592
vn -0.0433704257 -0.840538621 0.495728046
vn -0.0433704257 -0.840538621 0.495728046
vn -0.0288704969 -0.916983664 0.329992592
vn -1.57545855e-07 -0.916983604 0.33125633
vn -2.25729309e-07 -0.840538561 0.497626573
vn -2.25729309e-07 -0.840538561 0.497626573
vn -1.57545855e-07 -0.916983604 0.33125633
vn 0.028870184 -0.916983604 0.329992592
vn 0.0433699675 -0.840538502 0.495728076
vn 0.0433699675 -0.840538502 0.495728076
vn 0.028870184 -0.916983604 0.329992592
vn 0.0575216413 -0.916983545 0.326220512
vn 0.0864113271 -0.840538621 0.490061581
vn 0.0864113271 -0.840538621 0.490061581
vn 0.0575216413 -0.916983545 0.326220512
vn 0.0857353285 -0.916983604 0.319969088
vn 0.128795087 -0.840538621 0.480670393
vn 0.128795087 -0.840538621 0.480670393
vn 0.0857353285 -0.916983604 0.319969088
vn 0.113294847 -0.916983664 0.311276197
vn 0.170196086 -0.840538681 0.467611611
vn 0.170196086 -0.840538681 0.467611611
vn 0.113294847 -0.916983664 0.311276197
vn 0.139993653 -0.916983545 0.300217181
vn 0.210304067 -0.840538621 0.450998336
vn 0.210304067 -0.840538621 0.450998336
vn 0.139993653 -0.916983545 0.300217181
vn 0.165628031 -0.916983604 0.28687647
vn 0.248812973 -0.840538621 0.430957437
vn 0.248812973 -0.840538621 0.430957437
vn 0.165628031 -0.916983604 0.28687647
vn 0.189998671 -0.916983545 0.271346778
vn 0.285423458 -0.840538681 0.407628179
vn 0.285423458 -0.840538681 0.407628179
vn 0.189998671 -0.916983545 0.271346778
vn 0.212925643 -0.916983664 0.253754288
vn 0.319865167 -0.840538681 0.381200254
vn 0.319865167 -0.840538681 0.381200254
vn 0.212925643 -0.916983664 0.253754288
vn 0.234233707 -0.916983604 0.234233484
vn 0.351874948 -0.840538621 0.351875246
vn 0.351874948 -0.840538621 0.351875246
vn 0.234233707 -0.916983604 0.234233484
vn 0.253754467 -0.916983664 0.212925538
vn 0.381199777 -0.840538681 0.319865525
vn 0.381199777 -0.840538681 0.319865525
vn 0.253754467 -0.916983664 0.212925538
vn 0.271346778 -0.916983604 0.189998835
vn 0.407627732 -0.840538681 0.285423964
vn 0.407627732 -0.840538681 0.285423964
vn 0.271346778 -0.916983604 0.189998835
vn 0.286876291 -0.916983664 0.165628478
vn 0.43095696 -0.84053874 0.248813644
vn 0.43095696 -0.84053874 0.248813644
vn 0.286876291 -0.916983664 0.165628478
vn 0.300216943 -0.916983783 0.139994338
vn 0.450997949 -0.84053874 0.210304841
vn 0.450997949 -0.84053874 0.210304841
vn 0.300216943 -0.916983783 0.139994338
vn 0.311275899 -0.916983604 0.113295645
vn 0.467611223 -0.840538681 0.170196876
vn 0.467611223 -0.840538681 0.170196876
vn 0.311275899 -0.916983604 0.113295645
vn 0.31996882 -0.916983604 0.0857360512
vn 0.480670154 -0.840538681 0.128795788
vn 0.480670154 -0.840538681 0.128795788
vn 0.31996882 -0.916983604 0.0857360512
vn 0.326220304 -0.916983545 0.0575220734
vn 0.490061432 -0.840538681 0.0864118114
vn 0.490061432 -0.840538681 0.0864118114
vn 0.326220304 -0.916983545 0.0575220734
vn 0.329992473 -0.916983724 0.0288702641
vn 0.495727986 -0.840538681 0.043370232
vn 0.495727986 -0.840538681 0.043370232
vn 0.329992473 -0.916983724 0.0288702641
vn 0.33125627 -0.916983604 -3.30036528e-07
vn 0.497626513 -0.840538621 -1.36438757e-07
vn 0.33125627 -0.916983604 -3.30036528e-07
vn 0.155641943 -0.972923696 -5.36900188e-07
vn 0.155048221 -0.972923636 -0.0135653978
vn 0.329992592 -0.916983664 -0.0288706869
vn 0.329992592 -0.916983664 -0.0288706869
vn 0.155048221 -0.972923636 -0.0135653978
vn 0.153276011 -0.972923636 -0.0270271748
vn 0.326220602 -0.916983664 -0.0575219989
vn 0.326220602 -0.916983664 -0.0575219989
vn 0.153276011 -0.972923636 -0.0270271748
vn 0.150338769 -0.972923636 -0.040283151
vn 0.319969058 -0.916983664 -0.0857354701
vn 0.319969058 -0.916983664 -0.0857354701
vn 0.150338769 -0.972923636 -0.040283151
vn 0.146254465 -0.972923577 -0.0532317534
vn 0.311276227 -0.916983664 -0.113294773
vn 0.311276227 -0.916983664 -0.113294773
vn 0.146254465 -0.972923577 -0.0532317534
vn 0.141058415 -0.972923756 -0.0657760799
vn 0.300217241 -0.916983724 -0.139993548
vn 0.300217241 -0.916983724 -0.139993548
vn 0.141058415 -0.972923756 -0.0657760799
vn 0.134790257 -0.972923756 -0.0778203383
vn 0.286876589 -0.916983664 -0.165627792
vn 0.286876589 -0.916983664 -0.165627792
vn 0.134790257 -0.972923756 -0.0778203383
vn 0.127493531 -0.972923636 -0.0892710164
vn 0.271346897 -0.916983664 -0.189998388
vn 0.271346897 -0.916983664 -0.189998388
vn 0.127493531 -0.972923636 -0.0892710164
vn 0.119227588 -0.972923756 -0.100043476
vn 0.253754497 -0.916983664 -0.212925389
vn 0.253754497 -0.916983664 -0.212925389
vn 0.119227588 -0.972923756 -0.100043476
vn 0.110055536 -0.972923696 -0.110055298
vn 0.234233633 -0.916983604 -0.234233528
vn 0.234233633 -0.916983604 -0.234233528
vn 0.110055536 -0.972923696 -0.110055298
vn 0.100043826 -0.972923636 -0.119227327
vn 0.212925538 -0.916983604 -0.253754348
vn 0.212925538 -0.916983604 -0.253754348
vn 0.100043826 -0.972923636 -0.119227327
vn 0.089271538 -0.972923577 -0.127493232
vn 0.189998686 -0.916983604 -0.271346748
vn 0.189998686 -0.916983604 -0.271346748
vn 0.089271538 -0.972923577 -0.127493232
vn 0.0778209269 -0.972923696 -0.134789884
vn 0.165628105 -0.916983664 -0.28687638
vn 0.165628105 -0.916983664 -0.28687638
vn 0.0778209269 -0.972923696 -0.134789884
vn 0.0657765642 -0.972923636 -0.141058058
vn 0.139993772 -0.916983664 -0.300217092
vn 0.139993772 -0.916983664 -0.300217092
vn 0.0657765642 -0.972923636 -0.141058058
vn 0.0532319807 -0.972923636 -0.146254152
vn 0.11329484 -0.916983545 -0.311276197
vn 0.11329484 -0.916983545 -0.311276197
vn 0.0532319807 -0.972923636 -0.146254152
vn 0.0402830504 -0.972923696 -0.150338531
vn 0.0857353508 -0.916983604 -0.319969088
vn 0.0857353508 -0.916983604 -0.319969088
vn 0.0402830504 -0.972923696 -0.150338531
vn 0.0270267595 -0.972923577 -0.153275803
vn 0.057521686 -0.916983545 -0.326220542
vn 0.057521686 -0.916983545 -0.326220542
vn 0.0270267595 -0.972923577 -0.153275803
vn 0.0135648036 -0.972923696 -0.155048102
vn 0.028870305 -0.916983664 -0.329992592
vn 0.028870305 -0.916983664 -0.329992592
vn 0.0135648036 -0.972923696 -0.155048102
vn -7.3123374e-09 -0.972923577 -0.155641869
vn 1.70139174e-08 -0.916983604 -0.33125633
vn 1.70139174e-08 -0.916983604 -0.33125633
vn -7.3123374e-09 -0.972923577 -0.155641869
vn -0.0135648176 -0.972923577 -0.155048072
vn -0.028870292 -0.916983604 -0.329992592
vn -0.028870292 -0.916983604 -0.329992592
vn -0.0135648176 -0.972923577 -0.155048072
vn -0.0270267874 -0.972923636 -0.153275758
vn -0.0575217381 -0.916983545 -0.326220453
vn -0.0575217381 -0.916983545 -0.326220453
vn -0.0270267874 -0.972923636 -0.153275758
vn -0.0402830429 -0.972923636 -0.150338486
vn -0.0857353583 -0.916983604 -0.319969028
vn -0.0857353583 -0.916983604 -0.319969028
vn -0.0402830429 -0.972923636 -0.150338486
vn -0.0532319658 -0.972923636 -0.146254078
vn -0.113294907 -0.916983604 -0.311276168
vn -0.113294907 -0.916983604 -0.311276168
vn -0.0532319658 -0.972923636 -0.146254078
vn -0.0657765269 -0.972923636 -0.141057998
vn -0.139993817 -0.916983545 -0.300217122
vn -0.139993817 -0.916983545 -0.300217122
vn -0.0657765269 -0.972923636 -0.141057998
vn -0.0778208971 -0.972923696 -0.134789839
vn -0.16562812 -0.916983604 -0.28687638
vn -0.16562812 -0.916983604 -0.28687638
vn -0.0778208971 -0.972923696 -0.134789839
vn -0.0892714709 -0.972923636 -0.127493218
vn -0.189998657 -0.916983545 -0.271346807
vn -0.189998657 -0.916983545 -0.271346807
vn -0.0892714709 -0.972923636 -0.127493218
vn -0.100043751 -0.972923696 -0.119227387
vn -0.212925538 -0.916983664 -0.253754467
vn -0.212925538 -0.916983664 -0.253754467
vn -0.100043751 -0.972923696 -0.119227387
vn -0.110055424 -0.972923696 -0.110055476
vn -0.234233558 -0.916983604 -0.234233648
vn -0.234233558 -0.916983604 -0.234233648
vn -0.110055424 -0.972923696 -0.110055476
vn -0.119227335 -0.972923577 -0.100043826
vn -0.253754377 -0.916983664 -0.212925613
vn -0.253754377 -0.916983664 -0.212925613
vn -0.119227335 -0.972923577 -0.100043826
vn -0.127493188 -0.972923636 -0.0892715454
vn -0.271346748 -0.916983545 -0.189998761
vn -0.271346748 -0.916983545 -0.189998761
vn -0.127493188 -0.972923636 -0.0892715454
vn -0.134789824 -0.972923636 -0.0778209791
vn -0.286876351 -0.916983604 -0.165628254
vn -0.286876351 -0.916983604 -0.165628254
vn -0.134789824 -0.972923636 -0.0778209791
vn -0.141057998 -0.972923636 -0.0657766014
vn -0.300217092 -0.916983604 -0.139993966
vn -0.300217092 -0.916983604 -0.139993966
vn -0.141057998 -0.972923636 -0.0657766014
vn -0.146254107 -0.972923636 -0.0532320403
vn -0.311276108 -0.916983545 -0.113295056
vn -0.311276108 -0.916983545 -0.113295056
vn -0.146254107 -0.972923636 -0.0532320403
vn -0.150338486 -0.972923636 -0.0402831063
vn -0.319969028 -0.916983604 -0.0857355371
vn -0.319969028 -0.916983604 -0.0857355371
vn -0.150338486 -0.972923636 -0.0402831063
vn -0.153275788 -0.972923636 -0.0270268489
vn -0.326220423 -0.916983545 -0.0575219169
vn -0.326220423 -0.916983545 -0.0575219169
vn -0.153275788 -0.972923636 -0.0270268489
vn -0.155048072 -0.972923696 -0.01356488
vn -0.329992592 -0.916983664 -0.0288704578
vn -0.329992592 -0.916983664 -0.0288704578
vn -0.155048072 -0.972923696 -0.01356488
vn -0.155641869 -0.972923636 -6.34718162e-08
vn -0.3312563 -0.916983604 -1.19605374e-07
vn -0.3312563 -0.916983604 -1.19605374e-07
vn -0.155641869 -0.972923636 -6.34718162e-08
vn -0.155048087 -0.972923577 0.0135647533
vn -0.329992622 -0.916983664 0.0288702119
vn -0.329992622 -0.916983664 0.0288702119
vn -0.155048087 -0.972923577 0.0135647533
vn -0.153275818 -0.972923636 0.0270267334
vn -0.326220483 -0.916983545 0.0575216673
vn -0.326220483 -0.916983545 0.0575216673
vn -0.153275818 -0.972923636 0.0270267334
vn -0.150338545 -0.972923636 0.040283028
vn -0.319969088 -0.916983604 0.0857353508
vn -0.319969088 -0.916983604 0.0857353508
vn -0.150338545 -0.972923636 0.040283028
vn -0.146254167 -0.972923636 0.053231962
vn -0.311276197 -0.916983604 0.113294885
vn -0.311276197 -0.916983604 0.113294885
vn -0.146254167 -0.972923636 0.053231962
vn -0.141058058 -0.972923577 0.0657764748
vn -0.300217211 -0.916983545 0.139993697
vn -0.300217211 -0.916983545 0.139993697
vn -0.141058058 -0.972923577 0.0657764748
vn -0.134789869 -0.972923696 0.0778208524
vn -0.286876529 -0.916983604 0.165628001
vn -0.286876529 -0.916983604 0.165628001
vn -0.134789869 -0.972923696 0.0778208524
vn -0.127493232 -0.972923636 0.0892714486
vn -0.271346927 -0.916983545 0.189998582
vn -0.271346927 -0.916983545 0.189998582
vn -0.127493232 -0.972923636 0.0892714486
vn -0.119227409 -0.972923696 0.100043729
vn -0.253754556 -0.916983724 0.212925449
vn -0.253754556 -0.916983724 0.212925449
vn -0.119227409 -0.972923696 0.100043729
vn -0.110055491 -0.972923636 0.11005538
vn -0.234233707 -0.916983604 0.234233499
vn -0.234233707 -0.916983604 0.234233499
vn -0.110055491 -0.972923636 0.11005538
vn -0.100043848 -0.972923636 0.119227313
vn -0.212925687 -0.916983604 0.253754318
vn -0.212925687 -0.916983604 0.253754318
vn -0.100043848 -0.972923636 0.119227313
vn -0.0892715752 -0.972923636 0.127493158
vn -0.189998806 -0.916983545 0.271346748
vn -0.189998806 -0.916983545 0.271346748
vn -0.0892715752 -0.972923636 0.127493158
vn -0.0778209716 -0.972923696 0.13478981
vn -0.165628254 -0.916983545 0.28687638
vn -0.165628254 -0.916983545 0.28687638
vn -0.0778209716 -0.972923696 0.13478981
vn -0.0657766089 -0.972923696 0.141057998
vn -0.139993966 -0.916983664 0.300217152
vn -0.139993966 -0.916983664 0.300217152
vn -0.0657766089 -0.972923696 0.141057998
vn -0.0532320887 -0.972923636 0.146254078
vn -0.113295145 -0.916983545 0.311276078
vn -0.113295145 -0.916983545 0.311276078
vn -0.0532320887 -0.972923636 0.146254078
vn -0.0402831621 -0.972923636 0.150338486
vn -0.0857356414 -0.916983604 0.319969028
vn -0.0857356414 -0.916983604 0.319969028
vn -0.0402831621 -0.972923636 0.150338486
vn -0.0270268694 -0.972923636 0.153275773
vn -0.0575219505 -0.916983545 0.326220453
vn -0.0575219505 -0.916983545 0.326220453
vn -0.0270268694 -0.972923636 0.153275773
vn -0.0135649014 -0.972923696 0.155048072
vn -0.0288704969 -0.916983664 0.329992592
vn -0.0288704969 -0.916983664 0.329992592
vn -0.0135649014 -0.972923696 0.155048072
vn -8.4106432e-08 -0.972923696 0.155641839
vn -1.57545855e-07 -0.916983604 0.33125633
vn -1.57545855e-07 -0.916983604 0.33125633
vn -8.4106432e-08 -0.972923696 0.155641839
vn 0.0135647366 -0.972923636 0.155048087
vn 0.028870184 -0.916983604 0.329992592
vn 0.028870184 -0.916983604 0.329992592
vn 0.0135647366 -0.972923636 0.155048087
vn 0.0270267222 -0.972923636 0.153275803
vn 0.0575216413 -0.916983545 0.326220512
vn 0.0575216413 -0.916983545 0.326220512
vn 0.0270267222 -0.972923636 0.153275803
vn 0.0402830169 -0.972923636 0.150338545
vn 0.0857353285 -0.916983604 0.319969088
vn 0.0857353285 -0.916983604 0.319969088
vn 0.0402830169 -0.972923636 0.150338545
vn 0.0532319546 -0.972923696 0.146254167
vn 0.113294847 -0.916983664 0.311276197
vn 0.113294847 -0.916983664 0.311276197
vn 0.0532319546 -0.972923696 0.146254167
vn 0.0657765046 -0.972923577 0.141058013
vn 0.139993653 -0.916983545 0.300217181
vn 0.139993653 -0.916983545 0.300217181
vn 0.0657765046 -0.972923577 0.141058013
vn 0.0778209642 -0.972923696 0.13478975
vn 0.165628031 -0.916983604 0.28687647
vn 0.165628031 -0.916983604 0.28687647
vn 0.0778209642 -0.972923696 0.13478975
vn 0.0892717093 -0.972923636 0.127492949
vn 0.189998671 -0.916983545 0.271346778
vn 0.189998671 -0.916983545 0.271346778
vn 0.0892717093 -0.972923636 0.127492949
vn 0.100044131 -0.972923696 0.119226992
vn 0.212925643 -0.916983664 0.253754288
vn 0.212925643 -0.916983664 0.253754288
vn 0.100044131 -0.972923696 0.119226992
vn 0.110055864 -0.972923696 0.110055022
vn 0.234233707 -0.916983604 0.234233484
vn 0.234233707 -0.916983604 0.234233484
vn 0.110055864 -0.972923696 0.110055022
vn 0.119227767 -0.972923636 0.100043498
vn 0.253754467 -0.916983664 0.212925538
vn 0.253754467 -0.916983664 0.212925538
vn 0.119227767 -0.972923636 0.100043498
vn 0.127493501 -0.972923696 0.0892714486
vn 0.271346778 -0.916983604 0.189998835
vn 0.271346778 -0.916983604 0.189998835
vn 0.127493501 -0.972923696 0.0892714486
vn 0.134790003 -0.972923756 0.0778211728
vn 0.286876291 -0.916983664 0.165628478
vn 0.286876291 -0.916983664 0.165628478
vn 0.134790003 -0.972923756 0.0778211728
vn 0.141058043 -0.972923815 0.0657770932
vn 0.300216943 -0.916983783 0.139994338
vn 0.300216943 -0.916983783 0.139994338
vn 0.141058043 -0.972923815 0.0657770932
vn 0.146254018 -0.972923636 0.0532327481
vn 0.311275899 -0.916983604 0.113295645
vn 0.311275899 -0.916983604 0.113295645
vn 0.146254018 -0.972923636 0.0532327481
vn 0.150338352 -0.972923696 0.0402837507
vn 0.31996882 -0.916983604 0.0857360512
vn 0.31996882 -0.916983604 0.0857360512
vn 0.150338352 -0.972923696 0.0402837507
vn 0.153275684 -0.972923696 0.027027091
vn 0.326220304 -0.916983545 0.0575220734
vn 0.326220304 -0.916983545 0.0575220734
vn 0.153275684 -0.972923696 0.027027091
vn 0.155048102 -0.972923696 0.0135646351
vn 0.329992473 -0.916983724 0.0288702641
vn 0.329992473 -0.916983724 0.0288702641
vn 0.155048102 -0.972923696 0.0135646351
vn 0.155641943 -0.972923696 -5.36900188e-07
vn 0.33125627 -0.916983604 -3.30036528e-07
vn 0.155641943 -0.972923696 -5.36900188e-07
vn -0.00303907925 -0.999995291 -6.75761839e-07
vn -0.00302737486 -0.999995291 0.000264154834
vn 0.155048221 -0.972923636 -0.0135653978
vn 0.155048221 -0.972923636 -0.0135653978
vn -0.00302737486 -0.999995291 0.000264154834
vn -0.00299265981 -0.999995172 0.000527257507
vn 0.153276011 -0.972923636 -0.0270271748
vn 0.153276011 -0.972923636 -0.0270271748
vn -0.00299265981 -0.999995172 0.000527257507
vn -0.00293519744 -0.999995232 0.000786483695
vn 0.150338769 -0.972923636 -0.040283151
vn 0.150338769 -0.972923636 -0.040283151
vn -0.00293519744 -0.999995232 0.000786483695
vn -0.00285534468 -0.999995172 0.00103971793
vn 0.146254465 -0.972923577 -0.0532317534
vn 0.146254465 -0.972923577 -0.0532317534
vn -0.00285534468 -0.999995172 0.00103971793
vn -0.00275382842 -0.999995291 0.00128497835
vn 0.141058415 -0.972923756 -0.0657760799
vn 0.141058415 -0.972923756 -0.0657760799
vn -0.00275382842 -0.999995291 0.00128497835
vn -0.00263146986 -0.999995351 0.00152031588
vn 0.134790257 -0.972923756 -0.0778203383
vn 0.134790257 -0.972923756 -0.0778203383
vn -0.00263146986 -0.999995351 0.00152031588
vn -0.00248914165 -0.999995291 0.00174385519
vn 0.127493531 -0.972923636 -0.0892710164
vn 0.127493531 -0.972923636 -0.0892710164
vn -0.00248914165 -0.999995291 0.00174385519
vn -0.00232793717 -0.999995351 0.00195401814
vn 0.119227588 -0.972923756 -0.100043476
vn 0.119227588 -0.972923756 -0.100043476
vn -0.00232793717 -0.999995351 0.00195401814
vn -0.00214900193 -0.99999541 0.00214929925
vn 0.110055536 -0.972923696 -0.110055298
vn 0.110055536 -0.972923696 -0.110055298
vn -0.00214900193 -0.99999541 0.00214929925
vn -0.00195356831 -0.999995291 0.00232823845
vn 0.100043826 -0.972923636 -0.119227327
vn 0.100043826 -0.972923636 -0.119227327
vn -0.00195356831 -0.999995291 0.00232823845
vn -0.00174321176 -0.999995232 0.00248955493
vn 0.089271538 -0.972923577 -0.127493232
vn 0.089271538 -0.972923577 -0.127493232
vn -0.00174321176 -0.999995232 0.00248955493
vn -0.00151959213 -0.999995351 0.00263201236
vn 0.0778209269 -0.972923696 -0.134789884
vn 0.0778209269 -0.972923696 -0.134789884
vn -0.00151959213 -0.999995351 0.00263201236
vn -0.0012844028 -0.999995291 0.00275444542
vn 0.0657765642 -0.972923636 -0.141058058
vn 0.0657765642 -0.972923636 -0.141058058
vn -0.0012844028 -0.999995291 0.00275444542
vn -0.00103946414 -0.999995291 0.00285597565
vn 0.0532319807 -0.972923636 -0.146254152
vn 0.0532319807 -0.972923636 -0.146254152
vn -0.00103946414 -0.999995291 0.00285597565
vn -0.000786628923 -0.999995351 0.00293579581
vn 0.0402830504 -0.972923696 -0.150338531
vn 0.0402830504 -0.972923696 -0.150338531
vn -0.000786628923 -0.999995351 0.00293579581
vn -0.000527776661 -0.999995232 0.00299318973
vn 0.0270267595 -0.972923577 -0.153275803
vn 0.0270267595 -0.972923577 -0.153275803
vn -0.000527776661 -0.999995232 0.00299318973
vn -0.00026489544 -0.999995351 0.00302781258
vn 0.0135648036 -0.972923696 -0.155048102
vn 0.0135648036 -0.972923696 -0.155048102
vn -0.00026489544 -0.999995351 0.00302781258
vn 4.65661287e-10 -0.999995351 0.00303940941
vn -7.3123374e-09 -0.972923577 -0.155641869
vn -7.3123374e-09 -0.972923577 -0.155641869
vn 4.65661287e-10 -0.999995351 0.00303940941
vn 0.000264897186 -0.999995291 0.00302781397
vn -0.0135648176 -0.972923577 -0.155048072
vn -0.0135648176 -0.972923577 -0.155048072
vn 0.000264897186 -0.999995291 0.00302781397
vn 0.000527785392 -0.999995351 0.00299320417
vn -0.0270267874 -0.972923636 -0.153275758
vn -0.0270267874 -0.972923636 -0.153275758
vn 0.000527785392 -0.999995351 0.00299320417
vn 0.000786656281 -0.99999541 0.00293584447
vn -0.0402830429 -0.972923636 -0.150338486
vn -0.0402830429 -0.972923636 -0.150338486
vn 0.000786656281 -0.99999541 0.00293584447
vn 0.00103952538 -0.999995351 0.00285608368
vn -0.0532319658 -0.972923636 -0.146254078
vn -0.0532319658 -0.972923636 -0.146254078
vn 0.00103952538 -0.999995351 0.00285608368
vn 0.00128449802 -0.999995291 0.00275461259
vn -0.0657765269 -0.972923636 -0.141057998
vn -0.0657765269 -0.972923636 -0.141057998
vn 0.00128449802 -0.999995291 0.00275461259
vn 0.00151970272 -0.99999541 0.00263220631
vn -0.0778208971 -0.972923696 -0.134789839
vn -0.0778208971 -0.972923696 -0.134789839
vn 0.00151970272 -0.99999541 0.00263220631
vn 0.00174331176 -0.999995291 0.00248971581
vn -0.0892714709 -0.972923636 -0.127493218
vn -0.0892714709 -0.972923636 -0.127493218
vn 0.00174331176 -0.999995291 0.00248971581
vn 0.00195367495 -0.999995351 0.00232829852
vn -0.100043751 -0.972923696 -0.119227387
vn -0.100043751 -0.972923696 -0.119227387
vn 0.00195367495 -0.999995351 0.00232829852
vn 0.00214918447 -0.999995351 0.0021491868
vn -0.110055424 -0.972923696 -0.110055476
vn -0.110055424 -0.972923696 -0.110055476
vn 0.00214918447 -0.999995351 0.0021491868
vn 0.00232829573 -0.999995291 0.00195367681
vn -0.119227335 -0.972923577 -0.100043826
vn -0.119227335 -0.972923577 -0.100043826
vn 0.00232829573 -0.999995291 0.00195367681
vn 0.00248971372 -0.999995232 0.00174331304
vn -0.127493188 -0.972923636 -0.0892715454
vn -0.127493188 -0.972923636 -0.0892715454
vn 0.00248971372 -0.999995232 0.00174331304
vn 0.00263220398 -0.999995351 0.00151970354
vn -0.134789824 -0.972923636 -0.0778209791
vn -0.134789824 -0.972923636 -0.0778209791
vn 0.00263220398 -0.999995351 0.00151970354
vn 0.00275461073 -0.999995232 0.00128449837
vn -0.141057998 -0.972923636 -0.0657766014
vn -0.141057998 -0.972923636 -0.0657766014
vn 0.00275461073 -0.999995232 0.00128449837
vn 0.00285608182 -0.999995291 0.00103952561
vn -0.146254107 -0.972923636 -0.0532320403
vn -0.146254107 -0.972923636 -0.0532320403
vn 0.00285608182 -0.999995291 0.00103952561
vn 0.00293584284 -0.999995351 0.000786656572
vn -0.150338486 -0.972923636 -0.0402831063
vn -0.150338486 -0.972923636 -0.0402831063
vn 0.00293584284 -0.999995351 0.000786656572
vn 0.00299320254 -0.999995232 0.000527785916
vn -0.153275788 -0.972923636 -0.0270268489
vn -0.153275788 -0.972923636 -0.0270268489
vn 0.00299320254 -0.999995232 0.000527785916
vn 0.00302781281 -0.999995291 0.000264898146
vn -0.155048072 -0.972923696 -0.01356488
vn -0.155048072 -0.972923696 -0.01356488
vn 0.00302781281 -0.999995291 0.000264898146
vn 0.00303940824 -0.999995351 1.86264515e-09
vn -0.155641869 -0.972923636 -6.34718162e-08
vn -0.155641869 -0.972923636 -6.34718162e-08
vn 0.00303940824 -0.999995351 1.86264515e-09
vn 0.00302781234 -0.999995172 -0.000264894683
vn -0.155048087 -0.972923577 0.0135647533
vn -0.155048087 -0.972923577 0.0135647533
vn 0.00302781234 -0.999995172 -0.000264894683
vn 0.00299320277 -0.999995232 -0.000527783181
vn -0.153275818 -0.972923636 0.0270267334
vn -0.153275818 -0.972923636 0.0270267334
vn 0.00299320277 -0.999995232 -0.000527783181
vn 0.00293584308 -0.999995291 -0.000786655117
vn -0.150338545 -0.972923636 0.040283028
vn -0.150338545 -0.972923636 0.040283028
vn 0.00293584308 -0.999995291 -0.000786655117
vn 0.00285608252 -0.999995232 -0.0010395248
vn -0.146254167 -0.972923636 0.053231962
vn -0.146254167 -0.972923636 0.053231962
vn 0.00285608252 -0.999995232 -0.0010395248
vn 0.00275461189 -0.999995232 -0.00128449674
vn -0.141058058 -0.972923577 0.0657764748
vn -0.141058058 -0.972923577 0.0657764748
vn 0.00275461189 -0.999995232 -0.00128449674
vn 0.00263220561 -0.999995232 -0.00151970214
vn -0.134789869 -0.972923696 0.0778208524
vn -0.134789869 -0.972923696 0.0778208524
vn 0.00263220561 -0.999995232 -0.00151970214
vn 0.00248971512 -0.999995112 -0.00174331199
vn -0.127493232 -0.972923636 0.0892714486
vn -0.127493232 -0.972923636 0.0892714486
vn 0.00248971512 -0.999995112 -0.00174331199
vn 0.00232829805 -0.999995291 -0.00195367564
vn -0.119227409 -0.972923696 0.100043729
vn -0.119227409 -0.972923696 0.100043729
vn 0.00232829805 -0.999995291 -0.00195367564
vn 0.0021491868 -0.999995291 -0.0021491854
vn -0.110055491 -0.972923636 0.11005538
vn -0.110055491 -0.972923636 0.11005538
vn 0.0021491868 -0.999995291 -0.0021491854
vn 0.00195367751 -0.999995291 -0.00232829666
vn -0.100043848 -0.972923636 0.119227313
vn -0.100043848 -0.972923636 0.119227313
vn 0.00195367751 -0.999995291 -0.00232829666
vn 0.00174331444 -0.999995291 -0.00248971418
vn -0.0892715752 -0.972923636 0.127493158
vn -0.0892715752 -0.972923636 0.127493158
vn 0.00174331444 -0.999995291 -0.00248971418
vn 0.00151970494 -0.999995351 -0.00263220491
vn -0.0778209716 -0.972923696 0.13478981
vn -0.0778209716 -0.972923696 0.13478981
vn 0.00151970494 -0.999995351 -0.00263220491
vn 0.00128449989 -0.999995351 -0.00275461189
vn -0.0657766089 -0.972923696 0.141057998
vn -0.0657766089 -0.972923696 0.141057998
vn 0.00128449989 -0.999995351 -0.00275461189
vn 0.00103952782 -0.999995291 -0.00285608275
vn -0.0532320887 -0.972923636 0.146254078
vn -0.0532320887 -0.972923636 0.146254078
vn 0.00103952782 -0.999995291 -0.00285608275
vn 0.000786658376 -0.99999541 -0.00293584401
vn -0.0402831621 -0.972923636 0.150338486
vn -0.0402831621 -0.972923636 0.150338486
vn 0.000786658376 -0.99999541 -0.00293584401
vn 0.000527786848 -0.999995291 -0.00299320417
vn -0.0270268694 -0.972923636 0.153275773
vn -0.0270268694 -0.972923636 0.153275773
vn 0.000527786848 -0.999995291 -0.00299320417
vn 0.000264898757 -0.999995351 -0.00302781491
vn -0.0135649014 -0.972923696 0.155048072
vn -0.0135649014 -0.972923696 0.155048072
vn 0.000264898757 -0.999995351 -0.00302781491
vn 2.18278728e-09 -0.99999541 -0.00303941057
vn -8.4106432e-08 -0.972923696 0.155641839
vn -8.4106432e-08 -0.972923696 0.155641839
vn 2.18278728e-09 -0.99999541 -0.00303941057
vn -0.000264894654 -0.999995291 -0.00302781514
vn 0.0135647366 -0.972923636 0.155048087
vn 0.0135647366 -0.972923636 0.155048087
vn -0.000264894654 -0.999995291 -0.00302781514
vn -0.000527783413 -0.999995351 -0.0029932051
vn 0.0270267222 -0.972923636 0.153275803
vn 0.0270267222 -0.972923636 0.153275803
vn -0.000527783413 -0.999995351 -0.0029932051
vn -0.000786655641 -0.999995351 -0.00293584517
vn 0.0402830169 -0.972923636 0.150338545
vn 0.0402830169 -0.972923636 0.150338545
vn -0.000786655641 -0.999995351 -0.00293584517
vn -0.00103952014 -0.999995291 -0.00285609043
vn 0.0532319546 -0.972923696 0.146254167
vn 0.0532319546 -0.972923696 0.146254167
vn -0.00103952014 -0.999995291 -0.00285609043
vn -0.00128445262 -0.999995232 -0.00275465939
vn 0.0657765046 -0.972923577 0.141058013
vn 0.0657765046 -0.972923577 0.141058013
vn -0.00128445262 -0.999995232 -0.00275465939
vn -0.00151955022 -0.999995351 -0.00263236137
vn 0.0778209642 -0.972923696 0.13478975
vn 0.0778209642 -0.972923696 0.13478975
vn -0.00151955022 -0.999995351 -0.00263236137
vn -0.00174296834 -0.999995232 -0.00249005691
vn 0.0892717093 -0.972923636 0.127492949
vn 0.0892717093 -0.972923636 0.127492949
vn -0.00174296834 -0.999995232 -0.00249005691
vn -0.00195311848 -0.999995232 -0.00232881331
vn 0.100044131 -0.972923696 0.119226992
vn 0.100044131 -0.972923696 0.119226992
vn -0.00195311848 -0.999995232 -0.00232881331
vn -0.0021484741 -0.999995351 -0.00214974815
vn 0.110055864 -0.972923696 0.110055022
vn 0.110055864 -0.972923696 0.110055022
vn -0.0021484741 -0.999995351 -0.00214974815
vn -0.00232755207 -0.999995232 -0.00195407588
vn 0.119227767 -0.972923636 0.100043498
vn 0.119227767 -0.972923636 0.100043498
vn -0.00232755207 -0.999995232 -0.00195407588
vn -0.00248903921 -0.999995291 -0.00174339756
vn 0.127493501 -0.972923696 0.0892714486
vn 0.127493501 -0.972923696 0.0892714486
vn -0.00248903921 -0.999995291 -0.00174339756
vn -0.00263166521 -0.999995351 -0.00151941052
vn 0.134790003 -0.972923756 0.0778211728
vn 0.134790003 -0.972923756 0.0778211728
vn -0.00263166521 -0.999995351 -0.00151941052
vn -0.00275423517 -0.999995351 -0.00128386181
vn 0.141058043 -0.972923815 0.0657770932
vn 0.141058043 -0.972923815 0.0657770932
vn -0.00275423517 -0.999995351 -0.00128386181
vn -0.00285585294 -0.999995291 -0.00103870034
vn 0.146254018 -0.972923636 0.0532327481
vn 0.146254018 -0.972923636 0.0532327481
vn -0.00285585294 -0.999995291 -0.00103870034
vn -0.00293570035 -0.999995351 -0.00078592205
vn 0.150338352 -0.972923696 0.0402837507
vn 0.150338352 -0.972923696 0.0402837507
vn -0.00293570035 -0.999995351 -0.00078592205
vn -0.00299305469 -0.999995232 -0.000527481374
vn 0.153275684 -0.972923696 0.027027091
vn 0.153275684 -0.972923696 0.027027091
vn -0.00299305469 -0.999995232 -0.000527481374
vn -0.00302759092 -0.999995291 -0.000265155162
vn 0.155048102 -0.972923696 0.0135646351
vn 0.155048102 -0.972923696 0.0135646351
vn -0.00302759092 -0.999995291 -0.000265155162
vn -0.00303907925 -0.999995291 -6.75761839e-07
vn 0.155641943 -0.972923696 -5.36900188e-07
g 
f 1/1/1 73/2/2 74/3/3 2/4/4
f 2/4/5 74/3/6 75/5/7 3/6/8
f 3/6/9 75/5/10 76/7/11 4/1/12
f 4/1/13 76/7/14 77/8/15 5/9/16
f 5/9/17 77/8/18 78/10/19 6/1/20
f 6/1/21 78/10/22 79/11/23 7/12/24
f 7/12/25 79/11/26 80/13/27 8/14/28
f 8/14/29 80/13/30 81/15/31 9/12/32
f 9/12/33 81/15/34 82/16/35 10/1/36
f 10/1/37 82/16/38 83/17/39 11/9/40
f 11/9/41 83/17/42 84/18/43 12/9/44
f 12/9/45 84/18/46 85/19/47 13/1/48
f 13/1/49 85/19/50 86/20/51 14/1/52
f 14/1/53 86/20/54 87/21/55 15/1/56
f 15/1/57 87/21/58 88/22/59 16/1/60
f 16/1/61 88/22/62 89/23/63 17/14/64
f 17/14/65 89/23/66 90/24/67 18/1/68
f 18/1/69 90/24/70 91/25/71 19/1/72
f 19/1/73 91/25/74 92/26/75 20/9/76
f 20/9/77 92/26/78 93/27/79 21/1/80
f 21/1/81 93/27/82 94/22/83 22/1/84
f 22/1/85 94/22/86 95/28/87 23/1/88
f 23/1/89 95/28/90 96/29/91 24/1/92
f 24/1/93 96/29/94 97/30/95 25/1/96
f 25/1/97 97/30/98 98/31/99 26/32/100
f 26/32/101 98/31/102 99/33/103 27/1/104
f 27/1/105 99/33/106 100/34/107 28/1/108
f 28/1/109 100/34/110 101/15/111 29/9/112
f 29/9/113 101/15/114 102/35/115 30/1/116
f 30/1/117 102/35/118 103/36/119 31/1/120
f 31/1/121 103/36/122 104/37/123 32/1/124
f 32/1/125 104/37/126 105/38/127 33/1/128
f 33/1/129 105/38/130 106/39/131 34/1/132
f 34/1/133 106/39/134 107/5/135 35/32/136
f 35/32/137 107/5/138 108/40/139 36/1/140
f 36/1/141 108/40/142 109/41/143 37/1/144
f 37/1/145 109/41/146 110/42/147 38/9/148
f 38/9/149 110/42/150 111/43/151 39/1/152
f 39/1/153 111/43/154 112/44/155 40/1/156
f 40/1/157 112/44/158 113/45/159 41/32/160
f 41/32/161 113/45/162 114/46/163 42/47/164
f 42/47/165 114/46/166 115/48/167 43/6/168
f 43/6/169 115/48/170 116/49/171 44/32/172
f 44/32/173 116/49/174 117/50/175 45/1/176
f 45/1/177 117/50/178 118/51/179 46/1/180
f 46/1/181 118/51/182 119/52/183 47/9/184
f 47/9/185 119/52/186 120/53/187 48/1/188
f 48/1/189 120/53/190 121/54/191 49/1/192
f 49/1/193 121/54/194 122/55/195 50/32/196
f 50/32/197 122/55/198 123/56/199 51/47/200
f 51/47/201 123/56/202 124/57/203 52/6/204
f 52/6/205 124/57/206 125/58/207 53/32/208
f 53/32/209 125/58/210 126/59/211 54/1/212
f 54/1/213 126/59/214 127/60/215 55/1/216
f 55/1/217 127/60/218 128/61/219 56/9/220
f 56/9/221 128/61/222 129/62/223 57/1/224
f 57/1/225 129/62/226 130/63/227 58/1/228
f 58/1/229 130/63/230 131/64/231 59/32/232
f 59/32/233 131/64/234 132/65/235 60/47/236
f 60/47/237 132/65/238 133/66/239 61/6/240
f 61/6/241 133/66/242 134/67/243 62/32/244
f 62/32/245 134/67/246 135/68/247 63/1/248
f 63/1/249 135/68/250 136/69/251 64/1/252
f 64/1/253 136/69/254 137/70/255 65/9/256
f 65/9/257 137/70/258 138/71/259 66/1/260
f 66/1/261 138/71/262 139/72/263 67/1/264
f 67/1/265 139/72/266 140/73/267 68/32/268
f 68/32/269 140/73/270 141/74/271 69/47/272
f 69/47/273 141/74/274 142/75/275 70/6/276
f 70/6/277 142/75/278 143/76/279 71/32/280
f 71/32/281 143/76/282 144/77/283 72/1/284
f 72/1/285 144/77/286 73/2/287 1/1/288
f 73/2/289 145/78/290 146/79/291 74/3/292
f 74/3/293 146/79/294 147/80/295 75/5/296
f 75/5/297 147/80/298 148/81/299 76/7/300
f 76/7/301 148/81/302 149/82/303 77/8/304
f 77/8/305 149/82/306 150/83/307 78/10/308
f 78/10/309 150/83/310 151/84/311 79/11/312
f 79/11/313 151/84/314 152/85/315 80/13/316
f 80/13/317 152/85/318 153/86/319 81/15/320
f 81/15/321 153/86/322 154/87/323 82/16/324
f 82/16/325 154/87/326 155/88/327 83/17/328
f 83/17/329 155/88/330 156/89/331 84/18/332
f 84/18/333 156/89/334 157/90/335 85/19/336
f 85/19/337 157/90/338 158/91/339 86/20/340
f 86/20/341 158/91/342 159/92/343 87/21/344
f 87/21/345 159/92/346 160/93/347 88/22/348
f 88/22/349 160/93/350 161/94/351 89/23/352
f 89/23/353 161/94/354 162/95/355 90/24/356
f 90/24/357 162/95/358 163/96/359 91/25/360
f 91/25/361 163/96/362 164/97/363 92/26/364
f 92/26/365 164/97/366 165/94/367 93/27/368
f 93/27/369 165/94/370 166/98/371 94/22/372
f 94/22/373 166/98/374 167/99/375 95/28/376
f 95/28/377 167/99/378 168/100/379 96/29/380
f 96/29/381 168/100/382 169/101/383 97/30/384
f 97/30/385 169/101/386 170/102/387 98/31/388
f 98/31/389 170/102/390 171/103/391 99/33/392
f 99/33/393 171/103/394 172/87/395 100/34/396
f 100/34/397 172/87/398 173/104/399 101/15/400
f 101/15/401 173/104/402 174/105/403 102/35/404
f 102/35/405 174/105/406 175/106/407 103/36/408
f 103/36/409 175/106/410 176/107/411 104/37/412
f 104/37/413 176/107/414 177/108/415 105/38/416
f 105/38/417 177/108/418 178/109/419 106/39/420
f 106/39/421 178/109/422 179/110/423 107/5/424
f 107/5/425 179/110/426 180/111/427 108/40/428
f 108/40/429 180/111/430 181/112/431 109/41/432
f 109/41/433 181/112/434 182/113/435 110/42/436
f 110/42/437 182/113/438 183/114/439 111/43/440
f 111/43/441 183/114/442 184/115/443 112/44/444
f 112/44/445 184/115/446 185/116/447 113/45/448
f 113/45/449 185/116/450 186/117/451 114/46/452
f 114/46/453 186/117/454 187/118/455 115/48/456
f 115/48/457 187/118/458 188/119/459 116/49/460
f 116/49/461 188/119/462 189/120/463 117/50/464
f 117/50/465 189/120/466 190/121/467 118/51/468
f 118/51/469 190/121/470 191/122/471 119/52/472
f 119/52/473 191/122/474 192/123/475 120/53/476
f 120/53/477 192/123/478 193/124/479 121/54/480
f 121/54/481 193/124/482 194/125/483 122/55/484
f 122/55/485 194/125/486 195/126/487 123/56/488
f 123/56/489 195/126/490 196/127/491 124/57/492
f 124/57/493 196/127/494 197/128/495 125/58/496
f 125/58/497 197/128/498 198/129/499 126/59/500
f 126/59/501 198/129/502 199/130/503 127/60/504
f 127/60/505 199/130/506 200/131/507 128/61/508
f 128/61/509 200/131/510 201/132/511 129/62/512
f 129/62/513 201/132/514 202/133/515 130/63/516
f 130/63/517 202/133/518 203/134/519 131/64/520
f 131/64/521 203/134/522 204/135/523 132/65/524
f 132/65/525 204/135/526 205/136/527 133/66/528
f 133/66/529 205/136/530 206/137/531 134/67/532
f 134/67/533 206/137/534 207/138/535 135/68/536
f 135/68/537 207/138/538 208/139/539 136/69/540
f 136/69/541 208/139/542 209/140/543 137/70/544
f 137/70/545 209/140/546 210/141/547 138/71/548
f 138/71/549 210/141/550 211/142/551 139/72/552
f 139/72/553 211/142/554 212/143/555 140/73/556
f 140/73/557 212/143/558 213/144/559 141/74/560
f 141/74/561 213/144/562 214/145/563 142/75/564
f 142/75/565 214/145/566 215/146/567 143/76/568
f 143/76/569 215/146/570 216/147/571 144/77/572
f 144/77/573 216/147/574 145/78/575 73/2/576
f 145/78/577 217/148/578 218/149/579 146/79/580
f 146/79/581 218/149/582 219/150/583 147/80/584
f 147/80/585 219/150/586 220/151/587 148/81/588
f 148/81/589 220/151/590 221/152/591 149/82/592
f 149/82/593 221/152/594 222/153/595 150/83/596
f 150/83/597 222/153/598 223/154/599 151/84/600
f 151/84/601 223/154/602 224/155/603 152/85/604
f 152/85/605 224/155/606 225/156/607 153/86/608
f 153/86/609 225/156/610 226/157/611 154/87/612
f 154/87/613 226/157/614 227/158/615 155/88/616
f 155/88/617 227/158/618 228/159/619 156/89/620
f 156/89/621 228/159/622 229/160/623 157/90/624
f 157/90/625 229/160/626 230/161/627 158/91/628
f 158/91/629 230/161/630 231/162/631 159/92/632
f 159/92/633 231/162/634 232/163/635 160/93/636
f 160/93/637 232/163/638 233/164/639 161/94/640
f 161/94/641 233/164/642 234/165/643 162/95/644
f 162/95/645 234/165/646 235/166/647 163/96/648
f 163/96/649 235/166/650 236/167/651 164/97/652
f 164/97/653 236/167/654 237/168/655 165/94/656
f 165/94/657 237/168/658 238/169/659 166/98/660
f 166/98/661 238/169/662 239/162/663 167/99/664
f 167/99/665 239/162/666 240/170/667 168/100/668
f 168/100/669 240/170/670 241/171/671 169/101/672
f 169/101/673 241/171/674 242/172/675 170/102/676
f 170/102/677 242/172/678 243/173/679 171/103/680
f 171/103/681 243/173/682 244/174/683 172/87/684
f 172/87/685 244/174/686 245/175/687 173/104/688
f 173/104/689 245/175/690 246/176/691 174/105/692
f 174/105/693 246/176/694 247/177/695 175/106/696
f 175/106/697 247/177/698 248/153/699 176/107/700
f 176/107/701 248/153/702 249/178/703 177/108/704
f 177/108/705 249/178/706 250/179/707 178/109/708
f 178/109/709 250/179/710 251/180/711 179/110/712
f 179/110/713 251/180/714 252/181/715 180/111/716
f 180/111/717 252/181/718 253/182/719 181/112/720
f 181/112/721 253/182/722 254/183/723 182/113/724
f 182/113/725 254/183/726 255/184/727 183/114/728
f 183/114/729 255/184/730 256/185/731 184/115/732
f 184/115/733 256/185/734 257/186/735 185/116/736
f 185/116/737 257/186/738 258/187/739 186/117/740
f 186/117/741 258/187/742 259/188/743 187/118/744
f 187/118/745 259/188/746 260/189/747 188/119/748
f 188/119/749 260/189/750 261/190/751 189/120/752
f 189/120/753 261/190/754 262/191/755 190/121/756
f 190/121/757 262/191/758 263/192/759 191/122/760
f 191/122/761 263/192/762 264/193/763 192/123/764
f 192/123/765 264/193/766 265/194/767 193/124/768
f 193/124/769 265/194/770 266/195/771 194/125/772
f 194/125/773 266/195/774 267/196/775 195/126/776
f 195/126/777 267/196/778 268/197/779 196/127/780
f 196/127/781 268/197/782 269/198/783 197/128/784
f 197/128/785 269/198/786 270/199/787 198/129/788
f 198/129/789 270/199/790 271/200/791 199/130/792
f 199/130/793 271/200/794 272/201/795 200/131/796
f 200/131/797 272/201/798 273/202/799 201/132/800
f 201/132/801 273/202/802 274/203/803 202/133/804
f 202/133/805 274/203/806 275/204/807 203/134/808
f 203/134/809 275/204/810 276/205/811 204/135/812
f 204/135/813 276/205/814 277/206/815 205/136/816
f 205/136/817 277/206/818 278/207/819 206/137/820
f 206/137/821 278/207/822 279/208/823 207/138/824
f 207/138/825 279/208/826 280/209/827 208/139/828
f 208/139/829 280/209/830 281/210/831 209/140/832
f 209/140/833 281/210/834 282/211/835 210/141/836
f 210/141/837 282/211/838 283/212/839 211/142/840
f 211/142/841 283/212/842 284/213/843 212/143/844
f 212/143/845 284/213/846 285/214/847 213/144/848
f 213/144/849 285/214/850 286/215/851 214/145/852
f 214/145/853 286/215/854 287/216/855 215/146/856
f 215/146/857 287/216/858 288/217/859 216/147/860
f 216/147/861 288/217/862 217/148/863 145/78/864
f 217/148/865 289/218/866 290/219/867 218/149/868
f 218/149/869 290/219/870 291/220/871 219/150/872
f 219/150/873 291/220/874 292/221/875 220/151/876
f 220/151/877 292/221/878 293/222/879 221/152/880
f 221/152/881 293/222/882 294/223/883 222/153/884
f 222/153/885 294/223/886 295/224/887 223/154/888
f 223/154/889 295/224/890 296/225/891 224/155/892
f 224/155/893 296/225/894 297/226/895 225/156/896
f 225/156/897 297/226/898 298/227/899 226/157/900
f 226/157/901 298/227/902 299/228/903 227/158/904
f 227/158/905 299/228/906 300/229/907 228/159/908
f 228/159/909 300/229/910 301/230/911 229/160/912
f 229/160/913 301/230/914 302/231/915 230/161/916
f 230/161/917 302/231/918 303/232/919 231/162/920
f 231/162/921 303/232/922 304/233/923 232/163/924
f 232/163/925 304/233/926 305/234/927 233/164/928
f 233/164/929 305/234/930 306/235/931 234/165/932
f 234/165/933 306/235/934 307/236/935 235/166/936
f 235/166/937 307/236/938 308/237/939 236/167/940
f 236/167/941 308/237/942 309/238/943 237/168/944
f 237/168/945 309/238/946 310/233/947 238/169/948
f 238/169/949 310/233/950 311/239/951 239/162/952
f 239/162/953 311/239/954 312/240/955 240/170/956
f 240/170/957 312/240/958 313/241/959 241/171/960
f 241/171/961 313/241/962 314/242/963 242/172/964
f 242/172/965 314/242/966 315/243/967 243/173/968
f 243/173/969 315/243/970 316/227/971 244/174/972
f 244/174/973 316/227/974 317/244/975 245/175/976
f 245/175/977 317/244/978 318/245/979 246/176/980
f 246/176/981 318/245/982 319/246/983 247/177/984
f 247/177/985 319/246/986 320/247/987 248/153/988
f 248/153/989 320/247/990 321/248/991 249/178/992
f 249/178/993 321/248/994 322/249/995 250/179/996
f 250/179/997 322/249/998 323/250/999 251/180/1000
f 251/180/1001 323/250/1002 324/251/1003 252/181/1004
f 252/181/1005 324/251/1006 325/252/1007 253/182/1008
f 253/182/1009 325/252/1010 326/253/1011 254/183/1012
f 254/183/1013 326/253/1014 327/254/1015 255/184/1016
f 255/184/1017 327/254/1018 328/255/1019 256/185/1020
f 256/185/1021 328/255/1022 329/256/1023 257/186/1024
f 257/186/1025 329/256/1026 330/257/1027 258/187/1028
f 258/187/1029 330/257/1030 331/258/1031 259/188/1032
f 259/188/1033 331/258/1034 332/259/1035 260/189/1036
f 260/189/1037 332/259/1038 333/260/1039 261/190/1040
f 261/190/1041 333/260/1042 334/261/1043 262/191/1044
f 262/191/1045 334/261/1046 335/262/1047 263/192/1048
f 263/192/1049 335/262/1050 336/263/1051 264/193/1052
f 264/193/1053 336/263/1054 337/264/1055 265/194/1056
f 265/194/1057 337/264/1058 338/265/1059 266/195/1060
f 266/195/1061 338/265/1062 339/266/1063 267/196/1064
f 267/196/1065 339/266/1066 340/267/1067 268/197/1068
f 268/197/1069 340/267/1070 341/268/1071 269/198/1072
f 269/198/1073 341/268/1074 342/269/1075 270/199/1076
f 270/199/1077 342/269/1078 343/270/1079 271/200/1080
f 271/200/1081 343/270/1082 344/271/1083 272/201/1084
f 272/201/1085 344/271/1086 345/272/1087 273/202/1088
f 273/202/1089 345/272/1090 346/273/1091 274/203/1092
f 274/203/1093 346/273/1094 347/274/1095 275/204/1096
f 275/204/1097 347/274/1098 348/275/1099 276/205/1100
f 276/205/1101 348/275/1102 349/276/1103 277/206/1104
f 277/206/1105 349/276/1106 350/277/1107 278/207/1108
f 278/207/1109 350/277/1110 351/278/1111 279/208/1112
f 279/208/1113 351/278/1114 352/279/1115 280/209/1116
f 280/209/1117 352/279/1118 353/280/1119 281/210/1120
f 281/210/1121 353/280/1122 354/281/1123 282/211/1124
f 282/211/1125 354/281/1126 355/282/1127 283/212/1128
f 283/212/1129 355/282/1130 356/283/1131 284/213/1132
f 284/213/1133 356/283/1134 357/284/1135 285/214/1136
f 285/214/1137 357/284/1138 358/285/1139 286/215/1140
f 286/215/1141 358/285/1142 359/286/1143 287/216/1144
f 287/216/1145 359/286/1146 360/287/1147 288/217/1148
f 288/217/1149 360/287/1150 289/218/1151 217/148/1152
f 289/218/1153 361/288/1154 362/289/1155 290/219/1156
f 290/219/1157 362/289/1158 363/290/1159 291/220/1160
f 291/220/1161 363/290/1162 364/291/1163 292/221/1164
f 292/221/1165 364/291/1166 365/292/1167 293/222/1168
f 293/222/1169 365/292/1170 366/293/1171 294/223/1172
f 294/223/1173 366/293/1174 367/294/1175 295/224/1176
f 295/224/1177 367/294/1178 368/295/1179 296/225/1180
f 296/225/1181 368/295/1182 369/296/1183 297/226/1184
f 297/226/1185 369/296/1186 370/297/1187 298/227/1188
f 298/227/1189 370/297/1190 371/298/1191 299/228/1192
f 299/228/1193 371/298/1194 372/299/1195 300/229/1196
f 300/229/1197 372/299/1198 373/300/1199 301/230/1200
f 301/230/1201 373/300/1202 374/301/1203 302/231/1204
f 302/231/1205 374/301/1206 375/302/1207 303/232/1208
f 303/232/1209 375/302/1210 376/303/1211 304/233/1212
f 304/233/1213 376/303/1214 377/304/1215 305/234/1216
f 305/234/1217 377/304/1218 378/305/1219 306/235/1220
f 306/235/1221 378/305/1222 379/306/1223 307/236/1224
f 307/236/1225 379/306/1226 380/307/1227 308/237/1228
f 308/237/1229 380/307/1230 381/308/1231 309/238/1232
f 309/238/1233 381/308/1234 382/309/1235 310/233/1236
f 310/233/1237 382/309/1238 383/310/1239 311/239/1240
f 311/239/1241 383/310/1242 384/311/1243 312/240/1244
f 312/240/1245 384/311/1246 385/300/1247 313/241/1248
f 313/241/1249 385/300/1250 386/312/1251 314/242/1252
f 314/242/1253 386/312/1254 387/313/1255 315/243/1256
f 315/243/1257 387/313/1258 388/314/1259 316/227/1260
f 316/227/1261 388/314/1262 389/315/1263 317/244/1264
f 317/244/1265 389/315/1266 390/316/1267 318/245/1268
f 318/245/1269 390/316/1270 391/317/1271 319/246/1272
f 319/246/1273 391/317/1274 392/318/1275 320/247/1276
f 320/247/1277 392/318/1278 393/319/1279 321/248/1280
f 321/248/1281 393/319/1282 394/291/1283 322/249/1284
f 322/249/1285 394/291/1286 395/320/1287 323/250/1288
f 323/250/1289 395/320/1290 396/321/1291 324/251/1292
f 324/251/1293 396/321/1294 397/322/1295 325/252/1296
f 325/252/1297 397/322/1298 398/323/1299 326/253/1300
f 326/253/1301 398/323/1302 399/324/1303 327/254/1304
f 327/254/1305 399/324/1306 400/325/1307 328/255/1308
f 328/255/1309 400/325/1310 401/326/1311 329/256/1312
f 329/256/1313 401/326/1314 402/327/1315 330/257/1316
f 330/257/1317 402/327/1318 403/328/1319 331/258/1320
f 331/258/1321 403/328/1322 404/329/1323 332/259/1324
f 332/259/1325 404/329/1326 405/330/1327 333/260/1328
f 333/260/1329 405/330/1330 406/331/1331 334/261/1332
f 334/261/1333 406/331/1334 407/332/1335 335/262/1336
f 335/262/1337 407/332/1338 408/333/1339 336/263/1340
f 336/263/1341 408/333/1342 409/334/1343 337/264/1344
f 337/264/1345 409/334/1346 410/335/1347 338/265/1348
f 338/265/1349 410/335/1350 411/336/1351 339/266/1352
f 339/266/1353 411/336/1354 412/337/1355 340/267/1356
f 340/267/1357 412/337/1358 413/338/1359 341/268/1360
f 341/268/1361 413/338/1362 414/339/1363 342/269/1364
f 342/269/1365 414/339/1366 415/340/1367 343/270/1368
f 343/270/1369 415/340/1370 416/341/1371 344/271/1372
f 344/271/1373 416/341/1374 417/342/1375 345/272/1376
f 345/272/1377 417/342/1378 418/343/1379 346/273/1380
f 346/273/1381 418/343/1382 419/344/1383 347/274/1384
f 347/274/1385 419/344/1386 420/345/1387 348/275/1388
f 348/275/1389 420/345/1390 421/346/1391 349/276/1392
f 349/276/1393 421/346/1394 422/347/1395 350/277/1396
f 350/277/1397 422/347/1398 423/348/1399 351/278/1400
f 351/278/1401 423/348/1402 424/349/1403 352/279/1404
f 352/279/1405 424/349/1406 425/350/1407 353/280/1408
f 353/280/1409 425/350/1410 426/351/1411 354/281/1412
f 354/281/1413 426/351/1414 427/352/1415 355/282/1416
f 355/282/1417 427/352/1418 428/353/1419 356/283/1420
f 356/283/1421 428/353/1422 429/354/1423 357/284/1424
f 357/284/1425 429/354/1426 430/355/1427 358/285/1428
f 358/285/1429 430/355/1430 431/356/1431 359/286/1432
f 359/286/1433 431/356/1434 432/357/1435 360/287/1436
f 360/287/1437 432/357/1438 361/288/1439 289/218/1440
f 361/288/1441 433/358/1442 434/359/1443 362/289/1444
f 362/289/1445 434/359/1446 435/360/1447 363/290/1448
f 363/290/1449 435/360/1450 436/361/1451 364/291/1452
f 364/291/1453 436/361/1454 437/362/1455 365/292/1456
f 365/292/1457 437/362/1458 438/363/1459 366/293/1460
f 366/293/1461 438/363/1462 439/364/1463 367/294/1464
f 367/294/1465 439/364/1466 440/365/1467 368/295/1468
f 368/295/1469 440/365/1470 441/366/1471 369/296/1472
f 369/296/1473 441/366/1474 442/367/1475 370/297/1476
f 370/297/1477 442/367/1478 443/368/1479 371/298/1480
f 371/298/1481 443/368/1482 444/369/1483 372/299/1484
f 372/299/1485 444/369/1486 445/370/1487 373/300/1488
f 373/300/1489 445/370/1490 446/371/1491 374/301/1492
f 374/301/1493 446/371/1494 447/372/1495 375/302/1496
f 375/302/1497 447/372/1498 448/373/1499 376/303/1500
f 376/303/1501 448/373/1502 449/374/1503 377/304/1504
f 377/304/1505 449/374/1506 450/375/1507 378/305/1508
f 378/305/1509 450/375/1510 451/376/1511 379/306/1512
f 379/306/1513 451/376/1514 452/377/1515 380/307/1516
f 380/307/1517 452/377/1518 453/378/1519 381/308/1520
f 381/308/1521 453/378/1522 454/373/1523 382/309/1524
f 382/309/1525 454/373/1526 455/372/1527 383/310/1528
f 383/310/1529 455/372/1530 456/371/1531 384/311/1532
f 384/311/1533 456/371/1534 457/379/1535 385/300/1536
f 385/300/1537 457/379/1538 458/380/1539 386/312/1540
f 386/312/1541 458/380/1542 459/381/1543 387/313/1544
f 387/313/1545 459/381/1546 460/367/1547 388/314/1548
f 388/314/1549 460/367/1550 461/382/1551 389/315/1552
f 389/315/1553 461/382/1554 462/383/1555 390/316/1556
f 390/316/1557 462/383/1558 463/384/1559 391/317/1560
f 391/317/1561 463/384/1562 464/385/1563 392/318/1564
f 392/318/1565 464/385/1566 465/386/1567 393/319/1568
f 393/319/1569 465/386/1570 466/387/1571 394/291/1572
f 394/291/1573 466/387/1574 467/388/1575 395/320/1576
f 395/320/1577 467/388/1578 468/389/1579 396/321/1580
f 396/321/1581 468/389/1582 469/390/1583 397/322/1584
f 397/322/1585 469/390/1586 470/391/1587 398/323/1588
f 398/323/1589 470/391/1590 471/392/1591 399/324/1592
f 399/324/1593 471/392/1594 472/393/1595 400/325/1596
f 400/325/1597 472/393/1598 473/394/1599 401/326/1600
f 401/326/1601 473/394/1602 474/395/1603 402/327/1604
f 402/327/1605 474/395/1606 475/396/1607 403/328/1608
f 403/328/1609 475/396/1610 476/397/1611 404/329/1612
f 404/329/1613 476/397/1614 477/398/1615 405/330/1616
f 405/330/1617 477/398/1618 478/399/1619 406/331/1620
f 406/331/1621 478/399/1622 479/400/1623 407/332/1624
f 407/332/1625 479/400/1626 480/401/1627 408/333/1628
f 408/333/1629 480/401/1630 481/402/1631 409/334/1632
f 409/334/1633 481/402/1634 482/403/1635 410/335/1636
f 410/335/1637 482/403/1638 483/404/1639 411/336/1640
f 411/336/1641 483/404/1642 484/405/1643 412/337/1644
f 412/337/1645 484/405/1646 485/406/1647 413/338/1648
f 413/338/1649 485/406/1650 486/407/1651 414/339/1652
f 414/339/1653 486/407/1654 487/408/1655 415/340/1656
f 415/340/1657 487/408/1658 488/409/1659 416/341/1660
f 416/341/1661 488/409/1662 489/410/1663 417/342/1664
f 417/342/1665 489/410/1666 490/411/1667 418/343/1668
f 418/343/1669 490/411/1670 491/412/1671 419/344/1672
f 419/344/1673 491/412/1674 492/413/1675 420/345/1676
f 420/345/1677 492/413/1678 493/414/1679 421/346/1680
f 421/346/1681 493/414/1682 494/415/1683 422/347/1684
f 422/347/1685 494/415/1686 495/416/1687 423/348/1688
f 423/348/1689 495/416/1690 496/417/1691 424/349/1692
f 424/349/1693 496/417/1694 497/418/1695 425/350/1696
f 425/350/1697 497/418/1698 498/419/1699 426/351/1700
f 426/351/1701 498/419/1702 499/420/1703 427/352/1704
f 427/352/1705 499/420/1706 500/421/1707 428/353/1708
f 428/353/1709 500/421/1710 501/422/1711 429/354/1712
f 429/354/1713 501/422/1714 502/423/1715 430/355/1716
f 430/355/1717 502/423/1718 503/424/1719 431/356/1720
f 431/356/1721 503/424/1722 504/425/1723 432/357/1724
f 432/357/1725 504/425/1726 433/358/1727 361/288/1728
f 433/358/1729 505/426/1730 506/427/1731 434/359/1732
f 434/359/1733 506/427/1734 507/428/1735 435/360/1736
f 435/360/1737 507/428/1738 508/429/1739 436/361/1740
f 436/361/1741 508/429/1742 509/430/1743 437/362/1744
f 437/362/1745 509/430/1746 510/431/1747 438/363/1748
f 438/363/1749 510/431/1750 511/432/1751 439/364/1752
f 439/364/1753 511/432/1754 512/433/1755 440/365/1756
f 440/365/1757 512/433/1758 513/434/1759 441/366/1760
f 441/366/1761 513/434/1762 514/435/1763 442/367/1764
f 442/367/1765 514/435/1766 515/436/1767 443/368/1768
f 443/368/1769 515/436/1770 516/437/1771 444/369/1772
f 444/369/1773 516/437/1774 517/438/1775 445/370/1776
f 445/370/1777 517/438/1778 518/439/1779 446/371/1780
f 446/371/1781 518/439/1782 519/440/1783 447/372/1784
f 447/372/1785 519/440/1786 520/441/1787 448/373/1788
f 448/373/1789 520/441/1790 521/442/1791 449/374/1792
f 449/374/1793 521/442/1794 522/443/1795 450/375/1796
f 450/375/1797 522/443/1798 523/444/1799 451/376/1800
f 451/376/1801 523/444/1802 524/445/1803 452/377/1804
f 452/377/1805 524/445/1806 525/446/1807 453/378/1808
f 453/378/1809 525/446/1810 526/447/1811 454/373/1812
f 454/373/1813 526/447/1814 527/448/1815 455/372/1816
f 455/372/1817 527/448/1818 528/449/1819 456/371/1820
f 456/371/1821 528/449/1822 529/450/1823 457/379/1824
f 457/379/1825 529/450/1826 530/451/1827 458/380/1828
f 458/380/1829 530/451/1830 531/452/1831 459/381/1832
f 459/381/1833 531/452/1834 532/453/1835 460/367/1836
f 460/367/1837 532/453/1838 533/454/1839 461/382/1840
f 461/382/1841 533/454/1842 534/455/1843 462/383/1844
f 462/383/1845 534/455/1846 535/456/1847 463/384/1848
f 463/384/1849 535/456/1850 536/457/1851 464/385/1852
f 464/385/1853 536/457/1854 537/458/1855 465/386/1856
f 465/386/1857 537/458/1858 538/459/1859 466/387/1860
f 466/387/1861 538/459/1862 539/460/1863 467/388/1864
f 467/388/1865 539/460/1866 540/461/1867 468/389/1868
f 468/389/1869 540/461/1870 541/462/1871 469/390/1872
f 469/390/1873 541/462/1874 542/463/1875 470/391/1876
f 470/391/1877 542/463/1878 543/464/1879 471/392/1880
f 471/392/1881 543/464/1882 544/465/1883 472/393/1884
f 472/393/1885 544/465/1886 545/466/1887 473/394/1888
f 473/394/1889 545/466/1890 546/467/1891 474/395/1892
f 474/395/1893 546/467/1894 547/468/1895 475/396/1896
f 475/396/1897 547/468/1898 548/469/1899 476/397/1900
f 476/397/1901 548/469/1902 549/470/1903 477/398/1904
f 477/398/1905 549/470/1906 550/471/1907 478/399/1908
f 478/399/1909 550/471/1910 551/472/1911 479/400/1912
f 479/400/1913 551/472/1914 552/473/1915 480/401/1916
f 480/401/1917 552/473/1918 553/474/1919 481/402/1920
f 481/402/1921 553/474/1922 554/475/1923 482/403/1924
f 482/403/1925 554/475/1926 555/476/1927 483/404/1928
f 483/404/1929 555/476/1930 556/477/1931 484/405/1932
f 484/405/1933 556/477/1934 557/478/1935 485/406/1936
f 485/406/1937 557/478/1938 558/479/1939 486/407/1940
f 486/407/1941 558/479/1942 559/480/1943 487/408/1944
f 487/408/1945 559/480/1946 560/481/1947 488/409/1948
f 488/409/1949 560/481/1950 561/482/1951 489/410/1952
f 489/410/1953 561/482/1954 562/483/1955 490/411/1956
f 490/411/1957 562/483/1958 563/484/1959 491/412/1960
f 491/412/1961 563/484/1962 564/485/1963 492/413/1964
f 492/413/1965 564/485/1966 565/486/1967 493/414/1968
f 493/414/1969 565/486/1970 566/487/1971 494/415/1972
f 494/415/1973 566/487/1974 567/488/1975 495/416/1976
f 495/416/1977 567/488/1978 568/489/1979 496/417/1980
f 496/417/1981 568/489/1982 569/490/1983 497/418/1984
f 497/418/1985 569/490/1986 570/491/1987 498/419/1988
f 498/419/1989 570/491/1990 571/492/1991 499/420/1992
f 499/420/1993 571/492/1994 572/493/1995 500/421/1996
f 500/421/1997 572/493/1998 573/494/1999 501/422/2000
f 501/422/2001 573/494/2002 574/495/2003 502/423/2004
f 502/423/2005 574/495/2006 575/496/2007 503/424/2008
f 503/424/2009 575/496/2010 576/497/2011 504/425/2012
f 504/425/2013 576/497/2014 505/426/2015 433/358/2016
f 505/426/2017 577/498/2018 578/499/2019 506/427/2020
f 506/427/2021 578/499/2022 579/500/2023 507/428/2024
f 507/428/2025 579/500/2026 580/501/2027 508/429/2028
f 508/429/2029 580/501/2030 581/502/2031 509/430/2032
f 509/430/2033 581/502/2034 582/503/2035 510/431/2036
f 510/431/2037 582/503/2038 583/504/2039 511/432/2040
f 511/432/2041 583/504/2042 584/505/2043 512/433/2044
f 512/433/2045 584/505/2046 585/506/2047 513/434/2048
f 513/434/2049 585/506/2050 586/507/2051 514/435/2052
f 514/435/2053 586/507/2054 587/508/2055 515/436/2056
f 515/436/2057 587/508/2058 588/509/2059 516/437/2060
f 516/437/2061 588/509/2062 589/510/2063 517/438/2064
f 517/438/2065 589/510/2066 590/511/2067 518/439/2068
f 518/439/2069 590/511/2070 591/512/2071 519/440/2072
f 519/440/2073 591/512/2074 592/513/2075 520/441/2076
f 520/441/2077 592/513/2078 593/514/2079 521/442/2080
f 521/442/2081 593/514/2082 594/515/2083 522/443/2084
f 522/443/2085 594/515/2086 595/516/2087 523/444/2088
f 523/444/2089 595/516/2090 596/517/2091 524/445/2092
f 524/445/2093 596/517/2094 597/518/2095 525/446/2096
f 525/446/2097 597/518/2098 598/513/2099 526/447/2100
f 526/447/2101 598/513/2102 599/512/2103 527/448/2104
f 527/448/2105 599/512/2106 600/519/2107 528/449/2108
f 528/449/2109 600/519/2110 601/520/2111 529/450/2112
f 529/450/2113 601/520/2114 602/521/2115 530/451/2116
f 530/451/2117 602/521/2118 603/522/2119 531/452/2120
f 531/452/2121 603/522/2122 604/523/2123 532/453/2124
f 532/453/2125 604/523/2126 605/524/2127 533/454/2128
f 533/454/2129 605/524/2130 606/525/2131 534/455/2132
f 534/455/2133 606/525/2134 607/526/2135 535/456/2136
f 535/456/2137 607/526/2138 608/527/2139 536/457/2140
f 536/457/2141 608/527/2142 609/528/2143 537/458/2144
f 537/458/2145 609/528/2146 610/529/2147 538/459/2148
f 538/459/2149 610/529/2150 611/530/2151 539/460/2152
f 539/460/2153 611/530/2154 612/531/2155 540/461/2156
f 540/461/2157 612/531/2158 613/532/2159 541/462/2160
f 541/462/2161 613/532/2162 614/533/2163 542/463/2164
f 542/463/2165 614/533/2166 615/534/2167 543/464/2168
f 543/464/2169 615/534/2170 616/535/2171 544/465/2172
f 544/465/2173 616/535/2174 617/536/2175 545/466/2176
f 545/466/2177 617/536/2178 618/537/2179 546/467/2180
f 546/467/2181 618/537/2182 619/538/2183 547/468/2184
f 547/468/2185 619/538/2186 620/539/2187 548/469/2188
f 548/469/2189 620/539/2190 621/540/2191 549/470/2192
f 549/470/2193 621/540/2194 622/541/2195 550/471/2196
f 550/471/2197 622/541/2198 623/542/2199 551/472/2200
f 551/472/2201 623/542/2202 624/543/2203 552/473/2204
f 552/473/2205 624/543/2206 625/544/2207 553/474/2208
f 553/474/2209 625/544/2210 626/545/2211 554/475/2212
f 554/475/2213 626/545/2214 627/546/2215 555/476/2216
f 555/476/2217 627/546/2218 628/547/2219 556/477/2220
f 556/477/2221 628/547/2222 629/548/2223 557/478/2224
f 557/478/2225 629/548/2226 630/549/2227 558/479/2228
f 558/479/2229 630/549/2230 631/550/2231 559/480/2232
f 559/480/2233 631/550/2234 632/551/2235 560/481/2236
f 560/481/2237 632/551/2238 633/552/2239 561/482/2240
f 561/482/2241 633/552/2242 634/553/2243 562/483/2244
f 562/483/2245 634/553/2246 635/554/2247 563/484/2248
f 563/484/2249 635/554/2250 636/555/2251 564/485/2252
f 564/485/2253 636/555/2254 637/556/2255 565/486/2256
f 565/486/2257 637/556/2258 638/557/2259 566/487/2260
f 566/487/2261 638/557/2262 639/558/2263 567/488/2264
f 567/488/2265 639/558/2266 640/559/2267 568/489/2268
f 568/489/2269 640/559/2270 641/560/2271 569/490/2272
f 569/490/2273 641/560/2274 642/561/2275 570/491/2276
f 570/491/2277 642/561/2278 643/562/2279 571/492/2280
f 571/492/2281 643/562/2282 644/563/2283 572/493/2284
f 572/493/2285 644/563/2286 645/564/2287 573/494/2288
f 573/494/2289 645/564/2290 646/565/2291 574/495/2292
f 574/495/2293 646/565/2294 647/566/2295 575/496/2296
f 575/496/2297 647/566/2298 648/567/2299 576/497/2300
f 576/497/2301 648/567/2302 577/498/2303 505/426/2304
f 577/498/2305 649/568/2306 650/569/2307 578/499/2308
f 578/499/2309 650/569/2310 651/570/2311 579/500/2312
f 579/500/2313 651/570/2314 652/571/2315 580/501/2316
f 580/501/2317 652/571/2318 653/572/2319 581/502/2320
f 581/502/2321 653/572/2322 654/573/2323 582/503/2324
f 582/503/2325 654/573/2326 655/574/2327 583/504/2328
f 583/504/2329 655/574/2330 656/575/2331 584/505/2332
f 584/505/2333 656/575/2334 657/576/2335 585/506/2336
f 585/506/2337 657/576/2338 658/577/2339 586/507/2340
f 586/507/2341 658/577/2342 659/578/2343 587/508/2344
f 587/508/2345 659/578/2346 660/579/2347 588/509/2348
f 588/509/2349 660/579/2350 661/580/2351 589/510/2352
f 589/510/2353 661/580/2354 662/581/2355 590/511/2356
f 590/511/2357 662/581/2358 663/582/2359 591/512/2360
f 591/512/2361 663/582/2362 664/583/2363 592/513/2364
f 592/513/2365 664/583/2366 665/584/2367 593/514/2368
f 593/514/2369 665/584/2370 666/585/2371 594/515/2372
f 594/515/2373 666/585/2374 667/586/2375 595/516/2376
f 595/516/2377 667/586/2378 668/587/2379 596/517/2380
f 596/517/2381 668/587/2382 669/588/2383 597/518/2384
f 597/518/2385 669/588/2386 670/589/2387 598/513/2388
f 598/513/2389 670/589/2390 671/590/2391 599/512/2392
f 599/512/2393 671/590/2394 672/581/2395 600/519/2396
f 600/519/2397 672/581/2398 673/591/2399 601/520/2400
f 601/520/2401 673/591/2402 674/592/2403 602/521/2404
f 602/521/2405 674/592/2406 675/593/2407 603/522/2408
f 603/522/2409 675/593/2410 676/594/2411 604/523/2412
f 604/523/2413 676/594/2414 677/595/2415 605/524/2416
f 605/524/2417 677/595/2418 678/596/2419 606/525/2420
f 606/525/2421 678/596/2422 679/597/2423 607/526/2424
f 607/526/2425 679/597/2426 680/598/2427 608/527/2428
f 608/527/2429 680/598/2430 681/599/2431 609/528/2432
f 609/528/2433 681/599/2434 682/600/2435 610/529/2436
f 610/529/2437 682/600/2438 683/601/2439 611/530/2440
f 611/530/2441 683/601/2442 684/602/2443 612/531/2444
f 612/531/2445 684/602/2446 685/603/2447 613/532/2448
f 613/532/2449 685/603/2450 686/604/2451 614/533/2452
f 614/533/2453 686/604/2454 687/605/2455 615/534/2456
f 615/534/2457 687/605/2458 688/606/2459 616/535/2460
f 616/535/2461 688/606/2462 689/607/2463 617/536/2464
f 617/536/2465 689/607/2466 690/608/2467 618/537/2468
f 618/537/2469 690/608/2470 691/609/2471 619/538/2472
f 619/538/2473 691/609/2474 692/610/2475 620/539/2476
f 620/539/2477 692/610/2478 693/611/2479 621/540/2480
f 621/540/2481 693/611/2482 694/612/2483 622/541/2484
f 622/541/2485 694/612/2486 695/613/2487 623/542/2488
f 623/542/2489 695/613/2490 696/614/2491 624/543/2492
f 624/543/2493 696/614/2494 697/615/2495 625/544/2496
f 625/544/2497 697/615/2498 698/616/2499 626/545/2500
f 626/545/2501 698/616/2502 699/617/2503 627/546/2504
f 627/546/2505 699/617/2506 700/618/2507 628/547/2508
f 628/547/2509 700/618/2510 701/619/2511 629/548/2512
f 629/548/2513 701/619/2514 702/620/2515 630/549/2516
f 630/549/2517 702/620/2518 703/621/2519 631/550/2520
f 631/550/2521 703/621/2522 704/622/2523 632/551/2524
f 632/551/2525 704/622/2526 705/623/2527 633/552/2528
f 633/552/2529 705/623/2530 706/624/2531 634/553/2532
f 634/553/2533 706/624/2534 707/625/2535 635/554/2536
f 635/554/2537 707/625/2538 708/626/2539 636/555/2540
f 636/555/2541 708/626/2542 709/627/2543 637/556/2544
f 637/556/2545 709/627/2546 710/628/2547 638/557/2548
f 638/557/2549 710/628/2550 711/629/2551 639/558/2552
f 639/558/2553 711/629/2554 712/630/2555 640/559/2556
f 640/559/2557 712/630/2558 713/631/2559 641/560/2560
f 641/560/2561 713/631/2562 714/632/2563 642/561/2564
f 642/561/2565 714/632/2566 715/633/2567 643/562/2568
f 643/562/2569 715/633/2570 716/634/2571 644/563/2572
f 644/563/2573 716/634/2574 717/635/2575 645/564/2576
f 645/564/2577 717/635/2578 718/636/2579 646/565/2580
f 646/565/2581 718/636/2582 719/637/2583 647/566/2584
f 647/566/2585 719/637/2586 720/638/2587 648/567/2588
f 648/567/2589 720/638/2590 649/568/2591 577/498/2592
f 649/568/2593 721/639/2594 722/640/2595 650/569/2596
f 650/569/2597 722/640/2598 723/641/2599 651/570/2600
f 651/570/2601 723/641/2602 724/642/2603 652/571/2604
f 652/571/2605 724/642/2606 725/643/2607 653/572/2608
f 653/572/2609 725/643/2610 726/644/2611 654/573/2612
f 654/573/2613 726/644/2614 727/645/2615 655/574/2616
f 655/574/2617 727/645/2618 728/646/2619 656/575/2620
f 656/575/2621 728/646/2622 729/647/2623 657/576/2624
f 657/576/2625 729/647/2626 730/648/2627 658/577/2628
f 658/577/2629 730/648/2630 731/649/2631 659/578/2632
f 659/578/2633 731/649/2634 732/650/2635 660/579/2636
f 660/579/2637 732/650/2638 733/651/2639 661/580/2640
f 661/580/2641 733/651/2642 734/652/2643 662/581/2644
f 662/581/2645 734/652/2646 735/653/2647 663/582/2648
f 663/582/2649 735/653/2650 736/654/2651 664/583/2652
f 664/583/2653 736/654/2654 737/655/2655 665/584/2656
f 665/584/2657 737/655/2658 738/656/2659 666/585/2660
f 666/585/2661 738/656/2662 739/657/2663 667/586/2664
f 667/586/2665 739/657/2666 740/658/2667 668/587/2668
f 668/587/2669 740/658/2670 741/659/2671 669/588/2672
f 669/588/2673 741/659/2674 742/660/2675 670/589/2676
f 670/589/2677 742/660/2678 743/653/2679 671/590/2680
f 671/590/2681 743/653/2682 744/661/2683 672/581/2684
f 672/581/2685 744/661/2686 745/651/2687 673/591/2688
f 673/591/2689 745/651/2690 746/650/2691 674/592/2692
f 674/592/2693 746/650/2694 747/662/2695 675/593/2696
f 675/593/2697 747/662/2698 748/648/2699 676/594/2700
f 676/594/2701 748/648/2702 749/663/2703 677/595/2704
f 677/595/2705 749/663/2706 750/664/2707 678/596/2708
f 678/596/2709 750/664/2710 751/665/2711 679/597/2712
f 679/597/2713 751/665/2714 752/666/2715 680/598/2716
f 680/598/2717 752/666/2718 753/667/2719 681/599/2720
f 681/599/2721 753/667/2722 754/668/2723 682/600/2724
f 682/600/2725 754/668/2726 755/669/2727 683/601/2728
f 683/601/2729 755/669/2730 756/670/2731 684/602/2732
f 684/602/2733 756/670/2734 757/671/2735 685/603/2736
f 685/603/2737 757/671/2738 758/672/2739 686/604/2740
f 686/604/2741 758/672/2742 759/673/2743 687/605/2744
f 687/605/2745 759/673/2746 760/674/2747 688/606/2748
f 688/606/2749 760/674/2750 761/675/2751 689/607/2752
f 689/607/2753 761/675/2754 762/676/2755 690/608/2756
f 690/608/2757 762/676/2758 763/677/2759 691/609/2760
f 691/609/2761 763/677/2762 764/678/2763 692/610/2764
f 692/610/2765 764/678/2766 765/679/2767 693/611/2768
f 693/611/2769 765/679/2770 766/680/2771 694/612/2772
f 694/612/2773 766/680/2774 767/681/2775 695/613/2776
f 695/613/2777 767/681/2778 768/682/2779 696/614/2780
f 696/614/2781 768/682/2782 769/683/2783 697/615/2784
f 697/615/2785 769/683/2786 770/684/2787 698/616/2788
f 698/616/2789 770/684/2790 771/685/2791 699/617/2792
f 699/617/2793 771/685/2794 772/686/2795 700/618/2796
f 700/618/2797 772/686/2798 773/687/2799 701/619/2800
f 701/619/2801 773/687/2802 774/688/2803 702/620/2804
f 702/620/2805 774/688/2806 775/689/2807 703/621/2808
f 703/621/2809 775/689/2810 776/690/2811 704/622/2812
f 704/622/2813 776/690/2814 777/691/2815 705/623/2816
f 705/623/2817 777/691/2818 778/692/2819 706/624/2820
f 706/624/2821 778/692/2822 779/693/2823 707/625/2824
f 707/625/2825 779/693/2826 780/694/2827 708/626/2828
f 708/626/2829 780/694/2830 781/695/2831 709/627/2832
f 709/627/2833 781/695/2834 782/696/2835 710/628/2836
f 710/628/2837 782/696/2838 783/697/2839 711/629/2840
f 711/629/2841 783/697/2842 784/698/2843 712/630/2844
f 712/630/2845 784/698/2846 785/699/2847 713/631/2848
f 713/631/2849 785/699/2850 786/700/2851 714/632/2852
f 714/632/2853 786/700/2854 787/701/2855 715/633/2856
f 715/633/2857 787/701/2858 788/702/2859 716/634/2860
f 716/634/2861 788/702/2862 789/703/2863 717/635/2864
f 717/635/2865 789/703/2866 790/704/2867 718/636/2868
f 718/636/2869 790/704/2870 791/705/2871 719/637/2872
f 719/637/2873 791/705/2874 792/706/2875 720/638/2876
f 720/638/2877 792/706/2878 721/639/2879 649/568/2880
f 721/639/2881 793/707/2882 794/708/2883 722/640/2884
f 722/640/2885 794/708/2886 795/709/2887 723/641/2888
f 723/641/2889 795/709/2890 796/710/2891 724/642/2892
f 724/642/2893 796/710/2894 797/711/2895 725/643/2896
f 725/643/2897 797/711/2898 798/712/2899 726/644/2900
f 726/644/2901 798/712/2902 799/713/2903 727/645/2904
f 727/645/2905 799/713/2906 800/714/2907 728/646/2908
f 728/646/2909 800/714/2910 801/715/2911 729/647/2912
f 729/647/2913 801/715/2914 802/716/2915 730/648/2916
f 730/648/2917 802/716/2918 803/717/2919 731/649/2920
f 731/649/2921 803/717/2922 804/718/2923 732/650/2924
f 732/650/2925 804/718/2926 805/719/2927 733/651/2928
f 733/651/2929 805/719/2930 806/720/2931 734/652/2932
f 734/652/2933 806/720/2934 807/721/2935 735/653/2936
f 735/653/2937 807/721/2938 808/722/2939 736/654/2940
f 736/654/2941 808/722/2942 809/723/2943 737/655/2944
f 737/655/2945 809/723/2946 810/724/2947 738/656/2948
f 738/656/2949 810/724/2950 811/725/2951 739/657/2952
f 739/657/2953 811/725/2954 812/726/2955 740/658/2956
f 740/658/2957 812/726/2958 813/723/2959 741/659/2960
f 741/659/2961 813/723/2962 814/727/2963 742/660/2964
f 742/660/2965 814/727/2966 815/728/2967 743/653/2968
f 743/653/2969 815/728/2970 816/729/2971 744/661/2972
f 744/661/2973 816/729/2974 817/730/2975 745/651/2976
f 745/651/2977 817/730/2978 818/718/2979 746/650/2980
f 746/650/2981 818/718/2982 819/731/2983 747/662/2984
f 747/662/2985 819/731/2986 820/732/2987 748/648/2988
f 748/648/2989 820/732/2990 821/733/2991 749/663/2992
f 749/663/2993 821/733/2994 822/714/2995 750/664/2996
f 750/664/2997 822/714/2998 823/734/2999 751/665/3000
f 751/665/3001 823/734/3002 824/735/3003 752/666/3004
f 752/666/3005 824/735/3006 825/736/3007 753/667/3008
f 753/667/3009 825/736/3010 826/737/3011 754/668/3012
f 754/668/3013 826/737/3014 827/738/3015 755/669/3016
f 755/669/3017 827/738/3018 828/739/3019 756/670/3020
f 756/670/3021 828/739/3022 829/740/3023 757/671/3024
f 757/671/3025 829/740/3026 830/741/3027 758/672/3028
f 758/672/3029 830/741/3030 831/742/3031 759/673/3032
f 759/673/3033 831/742/3034 832/743/3035 760/674/3036
f 760/674/3037 832/743/3038 833/744/3039 761/675/3040
f 761/675/3041 833/744/3042 834/745/3043 762/676/3044
f 762/676/3045 834/745/3046 835/746/3047 763/677/3048
f 763/677/3049 835/746/3050 836/747/3051 764/678/3052
f 764/678/3053 836/747/3054 837/748/3055 765/679/3056
f 765/679/3057 837/748/3058 838/749/3059 766/680/3060
f 766/680/3061 838/749/3062 839/750/3063 767/681/3064
f 767/681/3065 839/750/3066 840/751/3067 768/682/3068
f 768/682/3069 840/751/3070 841/752/3071 769/683/3072
f 769/683/3073 841/752/3074 842/753/3075 770/684/3076
f 770/684/3077 842/753/3078 843/754/3079 771/685/3080
f 771/685/3081 843/754/3082 844/755/3083 772/686/3084
f 772/686/3085 844/755/3086 845/756/3087 773/687/3088
f 773/687/3089 845/756/3090 846/757/3091 774/688/3092
f 774/688/3093 846/757/3094 847/758/3095 775/689/3096
f 775/689/3097 847/758/3098 848/759/3099 776/690/3100
f 776/690/3101 848/759/3102 849/760/3103 777/691/3104
f 777/691/3105 849/760/3106 850/761/3107 778/692/3108
f 778/692/3109 850/761/3110 851/762/3111 779/693/3112
f 779/693/3113 851/762/3114 852/763/3115 780/694/3116
f 780/694/3117 852/763/3118 853/764/3119 781/695/3120
f 781/695/3121 853/764/3122 854/765/3123 782/696/3124
f 782/696/3125 854/765/3126 855/766/3127 783/697/3128
f 783/697/3129 855/766/3130 856/767/3131 784/698/3132
f 784/698/3133 856/767/3134 857/768/3135 785/699/3136
f 785/699/3137 857/768/3138 858/769/3139 786/700/3140
f 786/700/3141 858/769/3142 859/770/3143 787/701/3144
f 787/701/3145 859/770/3146 860/771/3147 788/702/3148
f 788/702/3149 860/771/3150 861/772/3151 789/703/3152
f 789/703/3153 861/772/3154 862/773/3155 790/704/3156
f 790/704/3157 862/773/3158 863/774/3159 791/705/3160
f 791/705/3161 863/774/3162 864/775/3163 792/706/3164
f 792/706/3165 864/775/3166 793/707/3167 721/639/3168
f 793/707/3169 865/776/3170 866/777/3171 794/708/3172
f 794/708/3173 866/777/3174 867/778/3175 795/709/3176
f 795/709/3177 867/778/3178 868/779/3179 796/710/3180
f 796/710/3181 868/779/3182 869/780/3183 797/711/3184
f 797/711/3185 869/780/3186 870/781/3187 798/712/3188
f 798/712/3189 870/781/3190 871/782/3191 799/713/3192
f 799/713/3193 871/782/3194 872/783/3195 800/714/3196
f 800/714/3197 872/783/3198 873/784/3199 801/715/3200
f 801/715/3201 873/784/3202 874/785/3203 802/716/3204
f 802/716/3205 874/785/3206 875/786/3207 803/717/3208
f 803/717/3209 875/786/3210 876/787/3211 804/718/3212
f 804/718/3213 876/787/3214 877/788/3215 805/719/3216
f 805/719/3217 877/788/3218 878/789/3219 806/720/3220
f 806/720/3221 878/789/3222 879/790/3223 807/721/3224
f 807/721/3225 879/790/3226 880/791/3227 808/722/3228
f 808/722/3229 880/791/3230 881/792/3231 809/723/3232
f 809/723/3233 881/792/3234 882/793/3235 810/724/3236
f 810/724/3237 882/793/3238 883/794/3239 811/725/3240
f 811/725/3241 883/794/3242 884/795/3243 812/726/3244
f 812/726/3245 884/795/3246 885/796/3247 813/723/3248
f 813/723/3249 885/796/3250 886/797/3251 814/727/3252
f 814/727/3253 886/797/3254 887/798/3255 815/728/3256
f 815/728/3257 887/798/3258 888/799/3259 816/729/3260
f 816/729/3261 888/799/3262 889/800/3263 817/730/3264
f 817/730/3265 889/800/3266 890/801/3267 818/718/3268
f 818/718/3269 890/801/3270 891/802/3271 819/731/3272
f 819/731/3273 891/802/3274 892/803/3275 820/732/3276
f 820/732/3277 892/803/3278 893/804/3279 821/733/3280
f 821/733/3281 893/804/3282 894/805/3283 822/714/3284
f 822/714/3285 894/805/3286 895/806/3287 823/734/3288
f 823/734/3289 895/806/3290 896/807/3291 824/735/3292
f 824/735/3293 896/807/3294 897/808/3295 825/736/3296
f 825/736/3297 897/808/3298 898/809/3299 826/737/3300
f 826/737/3301 898/809/3302 899/810/3303 827/738/3304
f 827/738/3305 899/810/3306 900/811/3307 828/739/3308
f 828/739/3309 900/811/3310 901/812/3311 829/740/3312
f 829/740/3313 901/812/3314 902/813/3315 830/741/3316
f 830/741/3317 902/813/3318 903/814/3319 831/742/3320
f 831/742/3321 903/814/3322 904/815/3323 832/743/3324
f 832/743/3325 904/815/3326 905/816/3327 833/744/3328
f 833/744/3329 905/816/3330 906/817/3331 834/745/3332
f 834/745/3333 906/817/3334 907/818/3335 835/746/3336
f 835/746/3337 907/818/3338 908/819/3339 836/747/3340
f 836/747/3341 908/819/3342 909/820/3343 837/748/3344
f 837/748/3345 909/820/3346 910/821/3347 838/749/3348
f 838/749/3349 910/821/3350 911/822/3351 839/750/3352
f 839/750/3353 911/822/3354 912/823/3355 840/751/3356
f 840/751/3357 912/823/3358 913/824/3359 841/752/3360
f 841/752/3361 913/824/3362 914/825/3363 842/753/3364
f 842/753/3365 914/825/3366 915/826/3367 843/754/3368
f 843/754/3369 915/826/3370 916/827/3371 844/755/3372
f 844/755/3373 916/827/3374 917/828/3375 845/756/3376
f 845/756/3377 917/828/3378 918/829/3379 846/757/3380
f 846/757/3381 918/829/3382 919/830/3383 847/758/3384
f 847/758/3385 919/830/3386 920/831/3387 848/759/3388
f 848/759/3389 920/831/3390 921/832/3391 849/760/3392
f 849/760/3393 921/832/3394 922/833/3395 850/761/3396
f 850/761/3397 922/833/3398 923/834/3399 851/762/3400
f 851/762/3401 923/834/3402 924/835/3403 852/763/3404
f 852/763/3405 924/835/3406 925/836/3407 853/764/3408
f 853/764/3409 925/836/3410 926/837/3411 854/765/3412
f 854/765/3413 926/837/3414 927/838/3415 855/766/3416
f 855/766/3417 927/838/3418 928/839/3419 856/767/3420
f 856/767/3421 928/839/3422 929/840/3423 857/768/3424
f 857/768/3425 929/840/3426 930/841/3427 858/769/3428
f 858/769/3429 930/841/3430 931/842/3431 859/770/3432
f 859/770/3433 931/842/3434 932/843/3435 860/771/3436
f 860/771/3437 932/843/3438 933/844/3439 861/772/3440
f 861/772/3441 933/844/3442 934/845/3443 862/773/3444
f 862/773/3445 934/845/3446 935/846/3447 863/774/3448
f 863/774/3449 935/846/3450 936/847/3451 864/775/3452
f 864/775/3453 936/847/3454 865/776/3455 793/707/3456
f 865/776/3457 937/848/3458 938/849/3459 866/777/3460
f 866/777/3461 938/849/3462 939/850/3463 867/778/3464
f 867/778/3465 939/850/3466 940/851/3467 868/779/3468
f 868/779/3469 940/851/3470 941/852/3471 869/780/3472
f 869/780/3473 941/852/3474 942/853/3475 870/781/3476
f 870/781/3477 942/853/3478 943/854/3479 871/782/3480
f 871/782/3481 943/854/3482 944/855/3483 872/783/3484
f 872/783/3485 944/855/3486 945/856/3487 873/784/3488
f 873/784/3489 945/856/3490 946/857/3491 874/785/3492
f 874/785/3493 946/857/3494 947/858/3495 875/786/3496
f 875/786/3497 947/858/3498 948/859/3499 876/787/3500
f 876/787/3501 948/859/3502 949/860/3503 877/788/3504
f 877/788/3505 949/860/3506 950/861/3507 878/789/3508
f 878/789/3509 950/861/3510 951/862/3511 879/790/3512
f 879/790/3513 951/862/3514 952/863/3515 880/791/3516
f 880/791/3517 952/863/3518 953/864/3519 881/792/3520
f 881/792/3521 953/864/3522 954/865/3523 882/793/3524
f 882/793/3525 954/865/3526 955/866/3527 883/794/3528
f 883/794/3529 955/866/3530 956/867/3531 884/795/3532
f 884/795/3533 956/867/3534 957/868/3535 885/796/3536
f 885/796/3537 957/868/3538 958/869/3539 886/797/3540
f 886/797/3541 958/869/3542 959/870/3543 887/798/3544
f 887/798/3545 959/870/3546 960/871/3547 888/799/3548
f 888/799/3549 960/871/3550 961/872/3551 889/800/3552
f 889/800/3553 961/872/3554 962/873/3555 890/801/3556
f 890/801/3557 962/873/3558 963/874/3559 891/802/3560
f 891/802/3561 963/874/3562 964/875/3563 892/803/3564
f 892/803/3565 964/875/3566 965/876/3567 893/804/3568
f 893/804/3569 965/876/3570 966/877/3571 894/805/3572
f 894/805/3573 966/877/3574 967/878/3575 895/806/3576
f 895/806/3577 967/878/3578 968/879/3579 896/807/3580
f 896/807/3581 968/879/3582 969/880/3583 897/808/3584
f 897/808/3585 969/880/3586 970/881/3587 898/809/3588
f 898/809/3589 970/881/3590 971/882/3591 899/810/3592
f 899/810/3593 971/882/3594 972/883/3595 900/811/3596
f 900/811/3597 972/883/3598 973/884/3599 901/812/3600
f 901/812/3601 973/884/3602 974/885/3603 902/813/3604
f 902/813/3605 974/885/3606 975/886/3607 903/814/3608
f 903/814/3609 975/886/3610 976/887/3611 904/815/3612
f 904/815/3613 976/887/3614 977/888/3615 905/816/3616
f 905/816/3617 977/888/3618 978/889/3619 906/817/3620
f 906/817/3621 978/889/3622 979/890/3623 907/818/3624
f 907/818/3625 979/890/3626 980/891/3627 908/819/3628
f 908/819/3629 980/891/3630 981/892/3631 909/820/3632
f 909/820/3633 981/892/3634 982/893/3635 910/821/3636
f 910/821/3637 982/893/3638 983/894/3639 911/822/3640
f 911/822/3641 983/894/3642 984/895/3643 912/823/3644
f 912/823/3645 984/895/3646 985/896/3647 913/824/3648
f 913/824/3649 985/896/3650 986/897/3651 914/825/3652
f 914/825/3653 986/897/3654 987/898/3655 915/826/3656
f 915/826/3657 987/898/3658 988/899/3659 916/827/3660
f 916/827/3661 988/899/3662 989/900/3663 917/828/3664
f 917/828/3665 989/900/3666 990/901/3667 918/829/3668
f 918/829/3669 990/901/3670 991/902/3671 919/830/3672
f 919/830/3673 991/902/3674 992/903/3675 920/831/3676
f 920/831/3677 992/903/3678 993/904/3679 921/832/3680
f 921/832/3681 993/904/3682 994/905/3683 922/833/3684
f 922/833/3685 994/905/3686 995/906/3687 923/834/3688
f 923/834/3689 995/906/3690 996/907/3691 924/835/3692
f 924/835/3693 996/907/3694 997/908/3695 925/836/3696
f 925/836/3697 997/908/3698 998/909/3699 926/837/3700
f 926/837/3701 998/909/3702 999/910/3703 927/838/3704
f 927/838/3705 999/910/3706 1000/911/3707 928/839/3708
f 928/839/3709 1000/911/3710 1001/912/3711 929/840/3712
f 929/840/3713 1001/912/3714 1002/913/3715 930/841/3716
f 930/841/3717 1002/913/3718 1003/914/3719 931/842/3720
f 931/842/3721 1003/914/3722 1004/915/3723 932/843/3724
f 932/843/3725 1004/915/3726 1005/916/3727 933/844/3728
f 933/844/3729 1005/916/3730 1006/917/3731 934/845/3732
f 934/845/3733 1006/917/3734 1007/918/3735 935/846/3736
f 935/846/3737 1007/918/3738 1008/919/3739 936/847/3740
f 936/847/3741 1008/919/3742 937/848/3743 865/776/3744
f 937/848/3745 1009/920/3746 1010/921/3747 938/849/3748
f 938/849/3749 1010/921/3750 1011/922/3751 939/850/3752
f 939/850/3753 1011/922/3754 1012/923/3755 940/851/3756
f 940/851/3757 1012/923/3758 1013/924/3759 941/852/3760
f 941/852/3761 1013/924/3762 1014/925/3763 942/853/3764
f 942/853/3765 1014/925/3766 1015/926/3767 943/854/3768
f 943/854/3769 1015/926/3770 1016/927/3771 944/855/3772
f 944/855/3773 1016/927/3774 1017/928/3775 945/856/3776
f 945/856/3777 1017/928/3778 1018/929/3779 946/857/3780
f 946/857/3781 1018/929/3782 1019/930/3783 947/858/3784
f 947/858/3785 1019/930/3786 1020/931/3787 948/859/3788
f 948/859/3789 1020/931/3790 1021/932/3791 949/860/3792
f 949/860/3793 1021/932/3794 1022/933/3795 950/861/3796
f 950/861/3797 1022/933/3798 1023/934/3799 951/862/3800
f 951/862/3801 1023/934/3802 1024/935/3803 952/863/3804
f 952/863/3805 1024/935/3806 1025/936/3807 953/864/3808
f 953/864/3809 1025/936/3810 1026/937/3811 954/865/3812
f 954/865/3813 1026/937/3814 1027/938/3815 955/866/3816
f 955/866/3817 1027/938/3818 1028/939/3819 956/867/3820
f 956/867/3821 1028/939/3822 1029/940/3823 957/868/3824
f 957/868/3825 1029/940/3826 1030/935/3827 958/869/3828
f 958/869/3829 1030/935/3830 1031/934/3831 959/870/3832
f 959/870/3833 1031/934/3834 1032/933/3835 960/871/3836
f 960/871/3837 1032/933/3838 1033/932/3839 961/872/3840
f 961/872/3841 1033/932/3842 1034/931/3843 962/873/3844
f 962/873/3845 1034/931/3846 1035/941/3847 963/874/3848
f 963/874/3849 1035/941/3850 1036/942/3851 964/875/3852
f 964/875/3853 1036/942/3854 1037/928/3855 965/876/3856
f 965/876/3857 1037/928/3858 1038/943/3859 966/877/3860
f 966/877/3861 1038/943/3862 1039/944/3863 967/878/3864
f 967/878/3865 1039/944/3866 1040/925/3867 968/879/3868
f 968/879/3869 1040/925/3870 1041/945/3871 969/880/3872
f 969/880/3873 1041/945/3874 1042/946/3875 970/881/3876
f 970/881/3877 1042/946/3878 1043/947/3879 971/882/3880
f 971/882/3881 1043/947/3882 1044/948/3883 972/883/3884
f 972/883/3885 1044/948/3886 1045/949/3887 973/884/3888
f 973/884/3889 1045/949/3890 1046/950/3891 974/885/3892
f 974/885/3893 1046/950/3894 1047/951/3895 975/886/3896
f 975/886/3897 1047/951/3898 1048/952/3899 976/887/3900
f 976/887/3901 1048/952/3902 1049/953/3903 977/888/3904
f 977/888/3905 1049/953/3906 1050/954/3907 978/889/3908
f 978/889/3909 1050/954/3910 1051/955/3911 979/890/3912
f 979/890/3913 1051/955/3914 1052/956/3915 980/891/3916
f 980/891/3917 1052/956/3918 1053/957/3919 981/892/3920
f 981/892/3921 1053/957/3922 1054/958/3923 982/893/3924
f 982/893/3925 1054/958/3926 1055/959/3927 983/894/3928
f 983/894/3929 1055/959/3930 1056/960/3931 984/895/3932
f 984/895/3933 1056/960/3934 1057/961/3935 985/896/3936
f 985/896/3937 1057/961/3938 1058/962/3939 986/897/3940
f 986/897/3941 1058/962/3942 1059/963/3943 987/898/3944
f 987/898/3945 1059/963/3946 1060/964/3947 988/899/3948
f 988/899/3949 1060/964/3950 1061/965/3951 989/900/3952
f 989/900/3953 1061/965/3954 1062/966/3955 990/901/3956
f 990/901/3957 1062/966/3958 1063/967/3959 991/902/3960
f 991/902/3961 1063/967/3962 1064/968/3963 992/903/3964
f 992/903/3965 1064/968/3966 1065/969/3967 993/904/3968
f 993/904/3969 1065/969/3970 1066/970/3971 994/905/3972
f 994/905/3973 1066/970/3974 1067/971/3975 995/906/3976
f 995/906/3977 1067/971/3978 1068/972/3979 996/907/3980
f 996/907/3981 1068/972/3982 1069/973/3983 997/908/3984
f 997/908/3985 1069/973/3986 1070/974/3987 998/909/3988
f 998/909/3989 1070/974/3990 1071/975/3991 999/910/3992
f 999/910/3993 1071/975/3994 1072/976/3995 1000/911/3996
f 1000/911/3997 1072/976/3998 1073/977/3999 1001/912/4000
f 1001/912/4001 1073/977/4002 1074/978/4003 1002/913/4004
f 1002/913/4005 1074/978/4006 1075/979/4007 1003/914/4008
f 1003/914/4009 1075/979/4010 1076/980/4011 1004/915/4012
f 1004/915/4013 1076/980/4014 1077/981/4015 1005/916/4016
f 1005/916/4017 1077/981/4018 1078/982/4019 1006/917/4020
f 1006/917/4021 1078/982/4022 1079/983/4023 1007/918/4024
f 1007/918/4025 1079/983/4026 1080/984/4027 1008/919/4028
f 1008/919/4029 1080/984/4030 1009/920/4031 937/848/4032
f 1009/920/4033 1081/985/4034 1082/986/4035 1010/921/4036
f 1010/921/4037 1082/986/4038 1083/987/4039 1011/922/4040
f 1011/922/4041 1083/987/4042 1084/988/4043 1012/923/4044
f 1012/923/4045 1084/988/4046 1085/989/4047 1013/924/4048
f 1013/924/4049 1085/989/4050 1086/990/4051 1014/925/4052
f 1014/925/4053 1086/990/4054 1087/991/4055 1015/926/4056
f 1015/926/4057 1087/991/4058 1088/992/4059 1016/927/4060
f 1016/927/4061 1088/992/4062 1089/993/4063 1017/928/4064
f 1017/928/4065 1089/993/4066 1090/994/4067 1018/929/4068
f 1018/929/4069 1090/994/4070 1091/995/4071 1019/930/4072
f 1019/930/4073 1091/995/4074 1092/996/4075 1020/931/4076
f 1020/931/4077 1092/996/4078 1093/997/4079 1021/932/4080
f 1021/932/4081 1093/997/4082 1094/998/4083 1022/933/4084
f 1022/933/4085 1094/998/4086 1095/999/4087 1023/934/4088
f 1023/934/4089 1095/999/4090 1096/1000/4091 1024/935/4092
f 1024/935/4093 1096/1000/4094 1097/1001/4095 1025/936/4096
f 1025/936/4097 1097/1001/4098 1098/1002/4099 1026/937/4100
f 1026/937/4101 1098/1002/4102 1099/1003/4103 1027/938/4104
f 1027/938/4105 1099/1003/4106 1100/1004/4107 1028/939/4108
f 1028/939/4109 1100/1004/4110 1101/1005/4111 1029/940/4112
f 1029/940/4113 1101/1005/4114 1102/1006/4115 1030/935/4116
f 1030/935/4117 1102/1006/4118 1103/999/4119 1031/934/4120
f 1031/934/4121 1103/999/4122 1104/998/4123 1032/933/4124
f 1032/933/4125 1104/998/4126 1105/1007/4127 1033/932/4128
f 1033/932/4129 1105/1007/4130 1106/1008/4131 1034/931/4132
f 1034/931/4133 1106/1008/4134 1107/1009/4135 1035/941/4136
f 1035/941/4137 1107/1009/4138 1108/994/4139 1036/942/4140
f 1036/942/4141 1108/994/4142 1109/1010/4143 1037/928/4144
f 1037/928/4145 1109/1010/4146 1110/992/4147 1038/943/4148
f 1038/943/4149 1110/992/4150 1111/1011/4151 1039/944/4152
f 1039/944/4153 1111/1011/4154 1112/1012/4155 1040/925/4156
f 1040/925/4157 1112/1012/4158 1113/1013/4159 1041/945/4160
f 1041/945/4161 1113/1013/4162 1114/1014/4163 1042/946/4164
f 1042/946/4165 1114/1014/4166 1115/1015/4167 1043/947/4168
f 1043/947/4169 1115/1015/4170 1116/1016/4171 1044/948/4172
f 1044/948/4173 1116/1016/4174 1117/1017/4175 1045/949/4176
f 1045/949/4177 1117/1017/4178 1118/1018/4179 1046/950/4180
f 1046/950/4181 1118/1018/4182 1119/1019/4183 1047/951/4184
f 1047/951/4185 1119/1019/4186 1120/1020/4187 1048/952/4188
f 1048/952/4189 1120/1020/4190 1121/1021/4191 1049/953/4192
f 1049/953/4193 1121/1021/4194 1122/1022/4195 1050/954/4196
f 1050/954/4197 1122/1022/4198 1123/1023/4199 1051/955/4200
f 1051/955/4201 1123/1023/4202 1124/1024/4203 1052/956/4204
f 1052/956/4205 1124/1024/4206 1125/1025/4207 1053/957/4208
f 1053/957/4209 1125/1025/4210 1126/1026/4211 1054/958/4212
f 1054/958/4213 1126/1026/4214 1127/1027/4215 1055/959/4216
f 1055/959/4217 1127/1027/4218 1128/1028/4219 1056/960/4220
f 1056/960/4221 1128/1028/4222 1129/1029/4223 1057/961/4224
f 1057/961/4225 1129/1029/4226 1130/1030/4227 1058/962/4228
f 1058/962/4229 1130/1030/4230 1131/1031/4231 1059/963/4232
f 1059/963/4233 1131/1031/4234 1132/1032/4235 1060/964/4236
f 1060/964/4237 1132/1032/4238 1133/1033/4239 1061/965/4240
f 1061/965/4241 1133/1033/4242 1134/1034/4243 1062/966/4244
f 1062/966/4245 1134/1034/4246 1135/1035/4247 1063/967/4248
f 1063/967/4249 1135/1035/4250 1136/1036/4251 1064/968/4252
f 1064/968/4253 1136/1036/4254 1137/1037/4255 1065/969/4256
f 1065/969/4257 1137/1037/4258 1138/1038/4259 1066/970/4260
f 1066/970/4261 1138/1038/4262 1139/1039/4263 1067/971/4264
f 1067/971/4265 1139/1039/4266 1140/1040/4267 1068/972/4268
f 1068/972/4269 1140/1040/4270 1141/1041/4271 1069/973/4272
f 1069/973/4273 1141/1041/4274 1142/1042/4275 1070/974/4276
f 1070/974/4277 1142/1042/4278 1143/1043/4279 1071/975/4280
f 1071/975/4281 1143/1043/4282 1144/1044/4283 1072/976/4284
f 1072/976/4285 1144/1044/4286 1145/1045/4287 1073/977/4288
f 1073/977/4289 1145/1045/4290 1146/1046/4291 1074/978/4292
f 1074/978/4293 1146/1046/4294 1147/1047/4295 1075/979/4296
f 1075/979/4297 1147/1047/4298 1148/1048/4299 1076/980/4300
f 1076/980/4301 1148/1048/4302 1149/1049/4303 1077/981/4304
f 1077/981/4305 1149/1049/4306 1150/1050/4307 1078/982/4308
f 1078/982/4309 1150/1050/4310 1151/1051/4311 1079/983/4312
f 1079/983/4313 1151/1051/4314 1152/1052/4315 1080/984/4316
f 1080/984/4317 1152/1052/4318 1081/985/4319 1009/920/4320
f 1081/985/4321 1153/1053/4322 1154/1054/4323 1082/986/4324
f 1082/986/4325 1154/1054/4326 1155/1055/4327 1083/987/4328
f 1083/987/4329 1155/1055/4330 1156/1056/4331 1084/988/4332
f 1084/988/4333 1156/1056/4334 1157/1057/4335 1085/989/4336
f 1085/989/4337 1157/1057/4338 1158/1058/4339 1086/990/4340
f 1086/990/4341 1158/1058/4342 1159/1059/4343 1087/991/4344
f 1087/991/4345 1159/1059/4346 1160/1060/4347 1088/992/4348
f 1088/992/4349 1160/1060/4350 1161/1061/4351 1089/993/4352
f 1089/993/4353 1161/1061/4354 1162/1062/4355 1090/994/4356
f 1090/994/4357 1162/1062/4358 1163/1063/4359 1091/995/4360
f 1091/995/4361 1163/1063/4362 1164/1064/4363 1092/996/4364
f 1092/996/4365 1164/1064/4366 1165/1065/4367 1093/997/4368
f 1093/997/4369 1165/1065/4370 1166/1066/4371 1094/998/4372
f 1094/998/4373 1166/1066/4374 1167/1067/4375 1095/999/4376
f 1095/999/4377 1167/1067/4378 1168/1068/4379 1096/1000/4380
f 1096/1000/4381 1168/1068/4382 1169/1069/4383 1097/1001/4384
f 1097/1001/4385 1169/1069/4386 1170/1070/4387 1098/1002/4388
f 1098/1002/4389 1170/1070/4390 1171/1071/4391 1099/1003/4392
f 1099/1003/4393 1171/1071/4394 1172/1072/4395 1100/1004/4396
f 1100/1004/4397 1172/1072/4398 1173/1073/4399 1101/1005/4400
f 1101/1005/4401 1173/1073/4402 1174/1074/4403 1102/1006/4404
f 1102/1006/4405 1174/1074/4406 1175/1075/4407 1103/999/4408
f 1103/999/4409 1175/1075/4410 1176/1076/4411 1104/998/4412
f 1104/998/4413 1176/1076/4414 1177/1077/4415 1105/1007/4416
f 1105/1007/4417 1177/1077/4418 1178/1078/4419 1106/1008/4420
f 1106/1008/4421 1178/1078/4422 1179/1079/4423 1107/1009/4424
f 1107/1009/4425 1179/1079/4426 1180/1080/4427 1108/994/4428
f 1108/994/4429 1180/1080/4430 1181/1061/4431 1109/1010/4432
f 1109/1010/4433 1181/1061/4434 1182/1081/4435 1110/992/4436
f 1110/992/4437 1182/1081/4438 1183/1082/4439 1111/1011/4440
f 1111/1011/4441 1183/1082/4442 1184/1083/4443 1112/1012/4444
f 1112/1012/4445 1184/1083/4446 1185/1084/4447 1113/1013/4448
f 1113/1013/4449 1185/1084/4450 1186/1085/4451 1114/1014/4452
f 1114/1014/4453 1186/1085/4454 1187/1086/4455 1115/1015/4456
f 1115/1015/4457 1187/1086/4458 1188/1087/4459 1116/1016/4460
f 1116/1016/4461 1188/1087/4462 1189/1088/4463 1117/1017/4464
f 1117/1017/4465 1189/1088/4466 1190/1089/4467 1118/1018/4468
f 1118/1018/4469 1190/1089/4470 1191/1090/4471 1119/1019/4472
f 1119/1019/4473 1191/1090/4474 1192/1091/4475 1120/1020/4476
f 1120/1020/4477 1192/1091/4478 1193/1092/4479 1121/1021/4480
f 1121/1021/4481 1193/1092/4482 1194/1093/4483 1122/1022/4484
f 1122/1022/4485 1194/1093/4486 1195/1094/4487 1123/1023/4488
f 1123/1023/4489 1195/1094/4490 1196/1095/4491 1124/1024/4492
f 1124/1024/4493 1196/1095/4494 1197/1096/4495 1125/1025/4496
f 1125/1025/4497 1197/1096/4498 1198/1097/4499 1126/1026/4500
f 1126/1026/4501 1198/1097/4502 1199/1098/4503 1127/1027/4504
f 1127/1027/4505 1199/1098/4506 1200/1099/4507 1128/1028/4508
f 1128/1028/4509 1200/1099/4510 1201/1100/4511 1129/1029/4512
f 1129/1029/4513 1201/1100/4514 1202/1101/4515 1130/1030/4516
f 1130/1030/4517 1202/1101/4518 1203/1102/4519 1131/1031/4520
f 1131/1031/4521 1203/1102/4522 1204/1103/4523 1132/1032/4524
f 1132/1032/4525 1204/1103/4526 1205/1104/4527 1133/1033/4528
f 1133/1033/4529 1205/1104/4530 1206/1105/4531 1134/1034/4532
f 1134/1034/4533 1206/1105/4534 1207/1106/4535 1135/1035/4536
f 1135/1035/4537 1207/1106/4538 1208/1107/4539 1136/1036/4540
f 1136/1036/4541 1208/1107/4542 1209/1108/4543 1137/1037/4544
f 1137/1037/4545 1209/1108/4546 1210/1109/4547 1138/1038/4548
f 1138/1038/4549 1210/1109/4550 1211/1110/4551 1139/1039/4552
f 1139/1039/4553 1211/1110/4554 1212/1111/4555 1140/1040/4556
f 1140/1040/4557 1212/1111/4558 1213/1112/4559 1141/1041/4560
f 1141/1041/4561 1213/1112/4562 1214/1113/4563 1142/1042/4564
f 1142/1042/4565 1214/1113/4566 1215/1114/4567 1143/1043/4568
f 1143/1043/4569 1215/1114/4570 1216/1115/4571 1144/1044/4572
f 1144/1044/4573 1216/1115/4574 1217/1116/4575 1145/1045/4576
f 1145/1045/4577 1217/1116/4578 1218/1117/4579 1146/1046/4580
f 1146/1046/4581 1218/1117/4582 1219/1118/4583 1147/1047/4584
f 1147/1047/4585 1219/1118/4586 1220/1119/4587 1148/1048/4588
f 1148/1048/4589 1220/1119/4590 1221/1120/4591 1149/1049/4592
f 1149/1049/4593 1221/1120/4594 1222/1121/4595 1150/1050/4596
f 1150/1050/4597 1222/1121/4598 1223/1122/4599 1151/1051/4600
f 1151/1051/4601 1223/1122/4602 1224/1123/4603 1152/1052/4604
f 1152/1052/4605 1224/1123/4606 1153/1053/4607 1081/985/4608
f 1153/1053/4609 1225/1124/4610 1226/1125/4611 1154/1054/4612
f 1154/1054/4613 1226/1125/4614 1227/1126/4615 1155/1055/4616
f 1155/1055/4617 1227/1126/4618 1228/1127/4619 1156/1056/4620
f 1156/1056/4621 1228/1127/4622 1229/1128/4623 1157/1057/4624
f 1157/1057/4625 1229/1128/4626 1230/1129/4627 1158/1058/4628
f 1158/1058/4629 1230/1129/4630 1231/1130/4631 1159/1059/4632
f 1159/1059/4633 1231/1130/4634 1232/1131/4635 1160/1060/4636
f 1160/1060/4637 1232/1131/4638 1233/1132/4639 1161/1061/4640
f 1161/1061/4641 1233/1132/4642 1234/1133/4643 1162/1062/4644
f 1162/1062/4645 1234/1133/4646 1235/1134/4647 1163/1063/4648
f 1163/1063/4649 1235/1134/4650 1236/1135/4651 1164/1064/4652
f 1164/1064/4653 1236/1135/4654 1237/1136/4655 1165/1065/4656
f 1165/1065/4657 1237/1136/4658 1238/1137/4659 1166/1066/4660
f 1166/1066/4661 1238/1137/4662 1239/1138/4663 1167/1067/4664
f 1167/1067/4665 1239/1138/4666 1240/1139/4667 1168/1068/4668
f 1168/1068/4669 1240/1139/4670 1241/1140/4671 1169/1069/4672
f 1169/1069/4673 1241/1140/4674 1242/1141/4675 1170/1070/4676
f 1170/1070/4677 1242/1141/4678 1243/1142/4679 1171/1071/4680
f 1171/1071/4681 1243/1142/4682 1244/1143/4683 1172/1072/4684
f 1172/1072/4685 1244/1143/4686 1245/1144/4687 1173/1073/4688
f 1173/1073/4689 1245/1144/4690 1246/1145/4691 1174/1074/4692
f 1174/1074/4693 1246/1145/4694 1247/1146/4695 1175/1075/4696
f 1175/1075/4697 1247/1146/4698 1248/1147/4699 1176/1076/4700
f 1176/1076/4701 1248/1147/4702 1249/1148/4703 1177/1077/4704
f 1177/1077/4705 1249/1148/4706 1250/1149/4707 1178/1078/4708
f 1178/1078/4709 1250/1149/4710 1251/1150/4711 1179/1079/4712
f 1179/1079/4713 1251/1150/4714 1252/1151/4715 1180/1080/4716
f 1180/1080/4717 1252/1151/4718 1253/1132/4719 1181/1061/4720
f 1181/1061/4721 1253/1132/4722 1254/1152/4723 1182/1081/4724
f 1182/1081/4725 1254/1152/4726 1255/1153/4727 1183/1082/4728
f 1183/1082/4729 1255/1153/4730 1256/1154/4731 1184/1083/4732
f 1184/1083/4733 1256/1154/4734 1257/1155/4735 1185/1084/4736
f 1185/1084/4737 1257/1155/4738 1258/1156/4739 1186/1085/4740
f 1186/1085/4741 1258/1156/4742 1259/1157/4743 1187/1086/4744
f 1187/1086/4745 1259/1157/4746 1260/1158/4747 1188/1087/4748
f 1188/1087/4749 1260/1158/4750 1261/1159/4751 1189/1088/4752
f 1189/1088/4753 1261/1159/4754 1262/1160/4755 1190/1089/4756
f 1190/1089/4757 1262/1160/4758 1263/1161/4759 1191/1090/4760
f 1191/1090/4761 1263/1161/4762 1264/1162/4763 1192/1091/4764
f 1192/1091/4765 1264/1162/4766 1265/1163/4767 1193/1092/4768
f 1193/1092/4769 1265/1163/4770 1266/1164/4771 1194/1093/4772
f 1194/1093/4773 1266/1164/4774 1267/1165/4775 1195/1094/4776
f 1195/1094/4777 1267/1165/4778 1268/1166/4779 1196/1095/4780
f 1196/1095/4781 1268/1166/4782 1269/1167/4783 1197/1096/4784
f 1197/1096/4785 1269/1167/4786 1270/1168/4787 1198/1097/4788
f 1198/1097/4789 1270/1168/4790 1271/1169/4791 1199/1098/4792
f 1199/1098/4793 1271/1169/4794 1272/1170/4795 1200/1099/4796
f 1200/1099/4797 1272/1170/4798 1273/1171/4799 1201/1100/4800
f 1201/1100/4801 1273/1171/4802 1274/1172/4803 1202/1101/4804
f 1202/1101/4805 1274/1172/4806 1275/1173/4807 1203/1102/4808
f 1203/1102/4809 1275/1173/4810 1276/1174/4811 1204/1103/4812
f 1204/1103/4813 1276/1174/4814 1277/1175/4815 1205/1104/4816
f 1205/1104/4817 1277/1175/4818 1278/1176/4819 1206/1105/4820
f 1206/1105/4821 1278/1176/4822 1279/1177/4823 1207/1106/4824
f 1207/1106/4825 1279/1177/4826 1280/1178/4827 1208/1107/4828
f 1208/1107/4829 1280/1178/4830 1281/1179/4831 1209/1108/4832
f 1209/1108/4833 1281/1179/4834 1282/1180/4835 1210/1109/4836
f 1210/1109/4837 1282/1180/4838 1283/1181/4839 1211/1110/4840
f 1211/1110/4841 1283/1181/4842 1284/1182/4843 1212/1111/4844
f 1212/1111/4845 1284/1182/4846 1285/1183/4847 1213/1112/4848
f 1213/1112/4849 1285/1183/4850 1286/1184/4851 1214/1113/4852
f 1214/1113/4853 1286/1184/4854 1287/1185/4855 1215/1114/4856
f 1215/1114/4857 1287/1185/4858 1288/1186/4859 1216/1115/4860
f 1216/1115/4861 1288/1186/4862 1289/1187/4863 1217/1116/4864
f 1217/1116/4865 1289/1187/4866 1290/1188/4867 1218/1117/4868
f 1218/1117/4869 1290/1188/4870 1291/1189/4871 1219/1118/4872
f 1219/1118/4873 1291/1189/4874 1292/1190/4875 1220/1119/4876
f 1220/1119/4877 1292/1190/4878 1293/1191/4879 1221/1120/4880
f 1221/1120/4881 1293/1191/4882 1294/1192/4883 1222/1121/4884
f 1222/1121/4885 1294/1192/4886 1295/1193/4887 1223/1122/4888
f 1223/1122/4889 1295/1193/4890 1296/1194/4891 1224/1123/4892
f 1224/1123/4893 1296/1194/4894 1225/1124/4895 1153/1053/4896
f 1225/1124/4897 1297/1195/4898 1298/1196/4899 1226/1125/4900
f 1226/1125/4901 1298/1196/4902 1299/1197/4903 1227/1126/4904
f 1227/1126/4905 1299/1197/4906 1300/1198/4907 1228/1127/4908
f 1228/1127/4909 1300/1198/4910 1301/1199/4911 1229/1128/4912
f 1229/1128/4913 1301/1199/4914 1302/1200/4915 1230/1129/4916
f 1230/1129/4917 1302/1200/4918 1303/1201/4919 1231/1130/4920
f 1231/1130/4921 1303/1201/4922 1304/1202/4923 1232/1131/4924
f 1232/1131/4925 1304/1202/4926 1305/1203/4927 1233/1132/4928
f 1233/1132/4929 1305/1203/4930 1306/1204/4931 1234/1133/4932
f 1234/1133/4933 1306/1204/4934 1307/1205/4935 1235/1134/4936
f 1235/1134/4937 1307/1205/4938 1308/1206/4939 1236/1135/4940
f 1236/1135/4941 1308/1206/4942 1309/1207/4943 1237/1136/4944
f 1237/1136/4945 1309/1207/4946 1310/1208/4947 1238/1137/4948
f 1238/1137/4949 1310/1208/4950 1311/1209/4951 1239/1138/4952
f 1239/1138/4953 1311/1209/4954 1312/1210/4955 1240/1139/4956
f 1240/1139/4957 1312/1210/4958 1313/1211/4959 1241/1140/4960
f 1241/1140/4961 1313/1211/4962 1314/1212/4963 1242/1141/4964
f 1242/1141/4965 1314/1212/4966 1315/1213/4967 1243/1142/4968
f 1243/1142/4969 1315/1213/4970 1316/1214/4971 1244/1143/4972
f 1244/1143/4973 1316/1214/4974 1317/1215/4975 1245/1144/4976
f 1245/1144/4977 1317/1215/4978 1318/1216/4979 1246/1145/4980
f 1246/1145/4981 1318/1216/4982 1319/1217/4983 1247/1146/4984
f 1247/1146/4985 1319/1217/4986 1320/1218/4987 1248/1147/4988
f 1248/1147/4989 1320/1218/4990 1321/1219/4991 1249/1148/4992
f 1249/1148/4993 1321/1219/4994 1322/1220/4995 1250/1149/4996
f 1250/1149/4997 1322/1220/4998 1323/1221/4999 1251/1150/5000
f 1251/1150/5001 1323/1221/5002 1324/1222/5003 1252/1151/5004
f 1252/1151/5005 1324/1222/5006 1325/1223/5007 1253/1132/5008
f 1253/1132/5009 1325/1223/5010 1326/1224/5011 1254/1152/5012
f 1254/1152/5013 1326/1224/5014 1327/1225/5015 1255/1153/5016
f 1255/1153/5017 1327/1225/5018 1328/1226/5019 1256/1154/5020
f 1256/1154/5021 1328/1226/5022 1329/1227/5023 1257/1155/5024
f 1257/1155/5025 1329/1227/5026 1330/1228/5027 1258/1156/5028
f 1258/1156/5029 1330/1228/5030 1331/1229/5031 1259/1157/5032
f 1259/1157/5033 1331/1229/5034 1332/1230/5035 1260/1158/5036
f 1260/1158/5037 1332/1230/5038 1333/1231/5039 1261/1159/5040
f 1261/1159/5041 1333/1231/5042 1334/1232/5043 1262/1160/5044
f 1262/1160/5045 1334/1232/5046 1335/1233/5047 1263/1161/5048
f 1263/1161/5049 1335/1233/5050 1336/1234/5051 1264/1162/5052
f 1264/1162/5053 1336/1234/5054 1337/1235/5055 1265/1163/5056
f 1265/1163/5057 1337/1235/5058 1338/1236/5059 1266/1164/5060
f 1266/1164/5061 1338/1236/5062 1339/1237/5063 1267/1165/5064
f 1267/1165/5065 1339/1237/5066 1340/1238/5067 1268/1166/5068
f 1268/1166/5069 1340/1238/5070 1341/1239/5071 1269/1167/5072
f 1269/1167/5073 1341/1239/5074 1342/1240/5075 1270/1168/5076
f 1270/1168/5077 1342/1240/5078 1343/1241/5079 1271/1169/5080
f 1271/1169/5081 1343/1241/5082 1344/1242/5083 1272/1170/5084
f 1272/1170/5085 1344/1242/5086 1345/1243/5087 1273/1171/5088
f 1273/1171/5089 1345/1243/5090 1346/1244/5091 1274/1172/5092
f 1274/1172/5093 1346/1244/5094 1347/1245/5095 1275/1173/5096
f 1275/1173/5097 1347/1245/5098 1348/1246/5099 1276/1174/5100
f 1276/1174/5101 1348/1246/5102 1349/1247/5103 1277/1175/5104
f 1277/1175/5105 1349/1247/5106 1350/1248/5107 1278/1176/5108
f 1278/1176/5109 1350/1248/5110 1351/1249/5111 1279/1177/5112
f 1279/1177/5113 1351/1249/5114 1352/1250/5115 1280/1178/5116
f 1280/1178/5117 1352/1250/5118 1353/1251/5119 1281/1179/5120
f 1281/1179/5121 1353/1251/5122 1354/1252/5123 1282/1180/5124
f 1282/1180/5125 1354/1252/5126 1355/1253/5127 1283/1181/5128
f 1283/1181/5129 1355/1253/5130 1356/1254/5131 1284/1182/5132
f 1284/1182/5133 1356/1254/5134 1357/1255/5135 1285/1183/5136
f 1285/1183/5137 1357/1255/5138 1358/1256/5139 1286/1184/5140
f 1286/1184/5141 1358/1256/5142 1359/1257/5143 1287/1185/5144
f 1287/1185/5145 1359/1257/5146 1360/1258/5147 1288/1186/5148
f 1288/1186/5149 1360/1258/5150 1361/1259/5151 1289/1187/5152
f 1289/1187/5153 1361/1259/5154 1362/1260/5155 1290/1188/5156
f 1290/1188/5157 1362/1260/5158 1363/1261/5159 1291/1189/5160
f 1291/1189/5161 1363/1261/5162 1364/1262/5163 1292/1190/5164
f 1292/1190/5165 1364/1262/5166 1365/1263/5167 1293/1191/5168
f 1293/1191/5169 1365/1263/5170 1366/1264/5171 1294/1192/5172
f 1294/1192/5173 1366/1264/5174 1367/1265/5175 1295/1193/5176
f 1295/1193/5177 1367/1265/5178 1368/1266/5179 1296/1194/5180
f 1296/1194/5181 1368/1266/5182 1297/1195/5183 1225/1124/5184
f 1297/1195/5185 1369/1267/5186 1370/1268/5187 1298/1196/5188
f 1298/1196/5189 1370/1268/5190 1371/1269/5191 1299/1197/5192
f 1299/1197/5193 1371/1269/5194 1372/1270/5195 1300/1198/5196
f 1300/1198/5197 1372/1270/5198 1373/1271/5199 1301/1199/5200
f 1301/1199/5201 1373/1271/5202 1374/1272/5203 1302/1200/5204
f 1302/1200/5205 1374/1272/5206 1375/1273/5207 1303/1201/5208
f 1303/1201/5209 1375/1273/5210 1376/1274/5211 1304/1202/5212
f 1304/1202/5213 1376/1274/5214 1377/1275/5215 1305/1203/5216
f 1305/1203/5217 1377/1275/5218 1378/1276/5219 1306/1204/5220
f 1306/1204/5221 1378/1276/5222 1379/1277/5223 1307/1205/5224
f 1307/1205/5225 1379/1277/5226 1380/1278/5227 1308/1206/5228
f 1308/1206/5229 1380/1278/5230 1381/1279/5231 1309/1207/5232
f 1309/1207/5233 1381/1279/5234 1382/1280/5235 1310/1208/5236
f 1310/1208/5237 1382/1280/5238 1383/1281/5239 1311/1209/5240
f 1311/1209/5241 1383/1281/5242 1384/1282/5243 1312/1210/5244
f 1312/1210/5245 1384/1282/5246 1385/1283/5247 1313/1211/5248
f 1313/1211/5249 1385/1283/5250 1386/1284/5251 1314/1212/5252
f 1314/1212/5253 1386/1284/5254 1387/1285/5255 1315/1213/5256
f 1315/1213/5257 1387/1285/5258 1388/1286/5259 1316/1214/5260
f 1316/1214/5261 1388/1286/5262 1389/1287/5263 1317/1215/5264
f 1317/1215/5265 1389/1287/5266 1390/1288/5267 1318/1216/5268
f 1318/1216/5269 1390/1288/5270 1391/1289/5271 1319/1217/5272
f 1319/1217/5273 1391/1289/5274 1392/1290/5275 1320/1218/5276
f 1320/1218/5277 1392/1290/5278 1393/1279/5279 1321/1219/5280
f 1321/1219/5281 1393/1279/5282 1394/1291/5283 1322/1220/5284
f 1322/1220/5285 1394/1291/5286 1395/1292/5287 1323/1221/5288
f 1323/1221/5289 1395/1292/5290 1396/1293/5291 1324/1222/5292
f 1324/1222/5293 1396/1293/5294 1397/1294/5295 1325/1223/5296
f 1325/1223/5297 1397/1294/5298 1398/1295/5299 1326/1224/5300
f 1326/1224/5301 1398/1295/5302 1399/1296/5303 1327/1225/5304
f 1327/1225/5305 1399/1296/5306 1400/1297/5307 1328/1226/5308
f 1328/1226/5309 1400/1297/5310 1401/1298/5311 1329/1227/5312
f 1329/1227/5313 1401/1298/5314 1402/1299/5315 1330/1228/5316
f 1330/1228/5317 1402/1299/5318 1403/1300/5319 1331/1229/5320
f 1331/1229/5321 1403/1300/5322 1404/1301/5323 1332/1230/5324
f 1332/1230/5325 1404/1301/5326 1405/1302/5327 1333/1231/5328
f 1333/1231/5329 1405/1302/5330 1406/1303/5331 1334/1232/5332
f 1334/1232/5333 1406/1303/5334 1407/1304/5335 1335/1233/5336
f 1335/1233/5337 1407/1304/5338 1408/1305/5339 1336/1234/5340
f 1336/1234/5341 1408/1305/5342 1409/1306/5343 1337/1235/5344
f 1337/1235/5345 1409/1306/5346 1410/1307/5347 1338/1236/5348
f 1338/1236/5349 1410/1307/5350 1411/1308/5351 1339/1237/5352
f 1339/1237/5353 1411/1308/5354 1412/1309/5355 1340/1238/5356
f 1340/1238/5357 1412/1309/5358 1413/1310/5359 1341/1239/5360
f 1341/1239/5361 1413/1310/5362 1414/1311/5363 1342/1240/5364
f 1342/1240/5365 1414/1311/5366 1415/1312/5367 1343/1241/5368
f 1343/1241/5369 1415/1312/5370 1416/1313/5371 1344/1242/5372
f 1344/1242/5373 1416/1313/5374 1417/1314/5375 1345/1243/5376
f 1345/1243/5377 1417/1314/5378 1418/1315/5379 1346/1244/5380
f 1346/1244/5381 1418/1315/5382 1419/1316/5383 1347/1245/5384
f 1347/1245/5385 1419/1316/5386 1420/1317/5387 1348/1246/5388
f 1348/1246/5389 1420/1317/5390 1421/1318/5391 1349/1247/5392
f 1349/1247/5393 1421/1318/5394 1422/1319/5395 1350/1248/5396
f 1350/1248/5397 1422/1319/5398 1423/1320/5399 1351/1249/5400
f 1351/1249/5401 1423/1320/5402 1424/1321/5403 1352/1250/5404
f 1352/1250/5405 1424/1321/5406 1425/1322/5407 1353/1251/5408
f 1353/1251/5409 1425/1322/5410 1426/1323/5411 1354/1252/5412
f 1354/1252/5413 1426/1323/5414 1427/1324/5415 1355/1253/5416
f 1355/1253/5417 1427/1324/5418 1428/1325/5419 1356/1254/5420
f 1356/1254/5421 1428/1325/5422 1429/1326/5423 1357/1255/5424
f 1357/1255/5425 1429/1326/5426 1430/1327/5427 1358/1256/5428
f 1358/1256/5429 1430/1327/5430 1431/1328/5431 1359/1257/5432
f 1359/1257/5433 1431/1328/5434 1432/1329/5435 1360/1258/5436
f 1360/1258/5437 1432/1329/5438 1433/1330/5439 1361/1259/5440
f 1361/1259/5441 1433/1330/5442 1434/1331/5443 1362/1260/5444
f 1362/1260/5445 1434/1331/5446 1435/1332/5447 1363/1261/5448
f 1363/1261/5449 1435/1332/5450 1436/1333/5451 1364/1262/5452
f 1364/1262/5453 1436/1333/5454 1437/1334/5455 1365/1263/5456
f 1365/1263/5457 1437/1334/5458 1438/1335/5459 1366/1264/5460
f 1366/1264/5461 1438/1335/5462 1439/1336/5463 1367/1265/5464
f 1367/1265/5465 1439/1336/5466 1440/1337/5467 1368/1266/5468
f 1368/1266/5469 1440/1337/5470 1369/1267/5471 1297/1195/5472
f 1369/1267/5473 1441/1338/5474 1442/1339/5475 1370/1268/5476
f 1370/1268/5477 1442/1339/5478 1443/1340/5479 1371/1269/5480
f 1371/1269/5481 1443/1340/5482 1444/1341/5483 1372/1270/5484
f 1372/1270/5485 1444/1341/5486 1445/1342/5487 1373/1271/5488
f 1373/1271/5489 1445/1342/5490 1446/1343/5491 1374/1272/5492
f 1374/1272/5493 1446/1343/5494 1447/1344/5495 1375/1273/5496
f 1375/1273/5497 1447/1344/5498 1448/1345/5499 1376/1274/5500
f 1376/1274/5501 1448/1345/5502 1449/1346/5503 1377/1275/5504
f 1377/1275/5505 1449/1346/5506 1450/1347/5507 1378/1276/5508
f 1378/1276/5509 1450/1347/5510 1451/1348/5511 1379/1277/5512
f 1379/1277/5513 1451/1348/5514 1452/1349/5515 1380/1278/5516
f 1380/1278/5517 1452/1349/5518 1453/1350/5519 1381/1279/5520
f 1381/1279/5521 1453/1350/5522 1454/1351/5523 1382/1280/5524
f 1382/1280/5525 1454/1351/5526 1455/1352/5527 1383/1281/5528
f 1383/1281/5529 1455/1352/5530 1456/1353/5531 1384/1282/5532
f 1384/1282/5533 1456/1353/5534 1457/1354/5535 1385/1283/5536
f 1385/1283/5537 1457/1354/5538 1458/1355/5539 1386/1284/5540
f 1386/1284/5541 1458/1355/5542 1459/1356/5543 1387/1285/5544
f 1387/1285/5545 1459/1356/5546 1460/1357/5547 1388/1286/5548
f 1388/1286/5549 1460/1357/5550 1461/1358/5551 1389/1287/5552
f 1389/1287/5553 1461/1358/5554 1462/1359/5555 1390/1288/5556
f 1390/1288/5557 1462/1359/5558 1463/1352/5559 1391/1289/5560
f 1391/1289/5561 1463/1352/5562 1464/1360/5563 1392/1290/5564
f 1392/1290/5565 1464/1360/5566 1465/1361/5567 1393/1279/5568
f 1393/1279/5569 1465/1361/5570 1466/1362/5571 1394/1291/5572
f 1394/1291/5573 1466/1362/5574 1467/1363/5575 1395/1292/5576
f 1395/1292/5577 1467/1363/5578 1468/1347/5579 1396/1293/5580
f 1396/1293/5581 1468/1347/5582 1469/1364/5583 1397/1294/5584
f 1397/1294/5585 1469/1364/5586 1470/1365/5587 1398/1295/5588
f 1398/1295/5589 1470/1365/5590 1471/1366/5591 1399/1296/5592
f 1399/1296/5593 1471/1366/5594 1472/1367/5595 1400/1297/5596
f 1400/1297/5597 1472/1367/5598 1473/1368/5599 1401/1298/5600
f 1401/1298/5601 1473/1368/5602 1474/1369/5603 1402/1299/5604
f 1402/1299/5605 1474/1369/5606 1475/1370/5607 1403/1300/5608
f 1403/1300/5609 1475/1370/5610 1476/1371/5611 1404/1301/5612
f 1404/1301/5613 1476/1371/5614 1477/1372/5615 1405/1302/5616
f 1405/1302/5617 1477/1372/5618 1478/1373/5619 1406/1303/5620
f 1406/1303/5621 1478/1373/5622 1479/1374/5623 1407/1304/5624
f 1407/1304/5625 1479/1374/5626 1480/1375/5627 1408/1305/5628
f 1408/1305/5629 1480/1375/5630 1481/1376/5631 1409/1306/5632
f 1409/1306/5633 1481/1376/5634 1482/1377/5635 1410/1307/5636
f 1410/1307/5637 1482/1377/5638 1483/1378/5639 1411/1308/5640
f 1411/1308/5641 1483/1378/5642 1484/1379/5643 1412/1309/5644
f 1412/1309/5645 1484/1379/5646 1485/1380/5647 1413/1310/5648
f 1413/1310/5649 1485/1380/5650 1486/1381/5651 1414/1311/5652
f 1414/1311/5653 1486/1381/5654 1487/1382/5655 1415/1312/5656
f 1415/1312/5657 1487/1382/5658 1488/1383/5659 1416/1313/5660
f 1416/1313/5661 1488/1383/5662 1489/1384/5663 1417/1314/5664
f 1417/1314/5665 1489/1384/5666 1490/1385/5667 1418/1315/5668
f 1418/1315/5669 1490/1385/5670 1491/1386/5671 1419/1316/5672
f 1419/1316/5673 1491/1386/5674 1492/1387/5675 1420/1317/5676
f 1420/1317/5677 1492/1387/5678 1493/1388/5679 1421/1318/5680
f 1421/1318/5681 1493/1388/5682 1494/1389/5683 1422/1319/5684
f 1422/1319/5685 1494/1389/5686 1495/1390/5687 1423/1320/5688
f 1423/1320/5689 1495/1390/5690 1496/1391/5691 1424/1321/5692
f 1424/1321/5693 1496/1391/5694 1497/1392/5695 1425/1322/5696
f 1425/1322/5697 1497/1392/5698 1498/1393/5699 1426/1323/5700
f 1426/1323/5701 1498/1393/5702 1499/1394/5703 1427/1324/5704
f 1427/1324/5705 1499/1394/5706 1500/1395/5707 1428/1325/5708
f 1428/1325/5709 1500/1395/5710 1501/1396/5711 1429/1326/5712
f 1429/1326/5713 1501/1396/5714 1502/1397/5715 1430/1327/5716
f 1430/1327/5717 1502/1397/5718 1503/1398/5719 1431/1328/5720
f 1431/1328/5721 1503/1398/5722 1504/1399/5723 1432/1329/5724
f 1432/1329/5725 1504/1399/5726 1505/1400/5727 1433/1330/5728
f 1433/1330/5729 1505/1400/5730 1506/1401/5731 1434/1331/5732
f 1434/1331/5733 1506/1401/5734 1507/1402/5735 1435/1332/5736
f 1435/1332/5737 1507/1402/5738 1508/1403/5739 1436/1333/5740
f 1436/1333/5741 1508/1403/5742 1509/1404/5743 1437/1334/5744
f 1437/1334/5745 1509/1404/5746 1510/1405/5747 1438/1335/5748
f 1438/1335/5749 1510/1405/5750 1511/1406/5751 1439/1336/5752
f 1439/1336/5753 1511/1406/5754 1512/1407/5755 1440/1337/5756
f 1440/1337/5757 1512/1407/5758 1441/1338/5759 1369/1267/5760
f 1441/1338/5761 1513/1408/5762 1514/1409/5763 1442/1339/5764
f 1442/1339/5765 1514/1409/5766 1515/1410/5767 1443/1340/5768
f 1443/1340/5769 1515/1410/5770 1516/1411/5771 1444/1341/5772
f 1444/1341/5773 1516/1411/5774 1517/1412/5775 1445/1342/5776
f 1445/1342/5777 1517/1412/5778 1518/1413/5779 1446/1343/5780
f 1446/1343/5781 1518/1413/5782 1519/1414/5783 1447/1344/5784
f 1447/1344/5785 1519/1414/5786 1520/1415/5787 1448/1345/5788
f 1448/1345/5789 1520/1415/5790 1521/1416/5791 1449/1346/5792
f 1449/1346/5793 1521/1416/5794 1522/1417/5795 1450/1347/5796
f 1450/1347/5797 1522/1417/5798 1523/1418/5799 1451/1348/5800
f 1451/1348/5801 1523/1418/5802 1524/1419/5803 1452/1349/5804
f 1452/1349/5805 1524/1419/5806 1525/1420/5807 1453/1350/5808
f 1453/1350/5809 1525/1420/5810 1526/1421/5811 1454/1351/5812
f 1454/1351/5813 1526/1421/5814 1527/1422/5815 1455/1352/5816
f 1455/1352/5817 1527/1422/5818 1528/1423/5819 1456/1353/5820
f 1456/1353/5821 1528/1423/5822 1529/1424/5823 1457/1354/5824
f 1457/1354/5825 1529/1424/5826 1530/1425/5827 1458/1355/5828
f 1458/1355/5829 1530/1425/5830 1531/1426/5831 1459/1356/5832
f 1459/1356/5833 1531/1426/5834 1532/1427/5835 1460/1357/5836
f 1460/1357/5837 1532/1427/5838 1533/1428/5839 1461/1358/5840
f 1461/1358/5841 1533/1428/5842 1534/1429/5843 1462/1359/5844
f 1462/1359/5845 1534/1429/5846 1535/1422/5847 1463/1352/5848
f 1463/1352/5849 1535/1422/5850 1536/1421/5851 1464/1360/5852
f 1464/1360/5853 1536/1421/5854 1537/1430/5855 1465/1361/5856
f 1465/1361/5857 1537/1430/5858 1538/1431/5859 1466/1362/5860
f 1466/1362/5861 1538/1431/5862 1539/1432/5863 1467/1363/5864
f 1467/1363/5865 1539/1432/5866 1540/1433/5867 1468/1347/5868
f 1468/1347/5869 1540/1433/5870 1541/1434/5871 1469/1364/5872
f 1469/1364/5873 1541/1434/5874 1542/1435/5875 1470/1365/5876
f 1470/1365/5877 1542/1435/5878 1543/1436/5879 1471/1366/5880
f 1471/1366/5881 1543/1436/5882 1544/1437/5883 1472/1367/5884
f 1472/1367/5885 1544/1437/5886 1545/1438/5887 1473/1368/5888
f 1473/1368/5889 1545/1438/5890 1546/1439/5891 1474/1369/5892
f 1474/1369/5893 1546/1439/5894 1547/1440/5895 1475/1370/5896
f 1475/1370/5897 1547/1440/5898 1548/1441/5899 1476/1371/5900
f 1476/1371/5901 1548/1441/5902 1549/1442/5903 1477/1372/5904
f 1477/1372/5905 1549/1442/5906 1550/1443/5907 1478/1373/5908
f 1478/1373/5909 1550/1443/5910 1551/1444/5911 1479/1374/5912
f 1479/1374/5913 1551/1444/5914 1552/1445/5915 1480/1375/5916
f 1480/1375/5917 1552/1445/5918 1553/1446/5919 1481/1376/5920
f 1481/1376/5921 1553/1446/5922 1554/1447/5923 1482/1377/5924
f 1482/1377/5925 1554/1447/5926 1555/1448/5927 1483/1378/5928
f 1483/1378/5929 1555/1448/5930 1556/1449/5931 1484/1379/5932
f 1484/1379/5933 1556/1449/5934 1557/1450/5935 1485/1380/5936
f 1485/1380/5937 1557/1450/5938 1558/1451/5939 1486/1381/5940
f 1486/1381/5941 1558/1451/5942 1559/1452/5943 1487/1382/5944
f 1487/1382/5945 1559/1452/5946 1560/1453/5947 1488/1383/5948
f 1488/1383/5949 1560/1453/5950 1561/1454/5951 1489/1384/5952
f 1489/1384/5953 1561/1454/5954 1562/1455/5955 1490/1385/5956
f 1490/1385/5957 1562/1455/5958 1563/1456/5959 1491/1386/5960
f 1491/1386/5961 1563/1456/5962 1564/1457/5963 1492/1387/5964
f 1492/1387/5965 1564/1457/5966 1565/1458/5967 1493/1388/5968
f 1493/1388/5969 1565/1458/5970 1566/1459/5971 1494/1389/5972
f 1494/1389/5973 1566/1459/5974 1567/1460/5975 1495/1390/5976
f 1495/1390/5977 1567/1460/5978 1568/1461/5979 1496/1391/5980
f 1496/1391/5981 1568/1461/5982 1569/1462/5983 1497/1392/5984
f 1497/1392/5985 1569/1462/5986 1570/1463/5987 1498/1393/5988
f 1498/1393/5989 1570/1463/5990 1571/1464/5991 1499/1394/5992
f 1499/1394/5993 1571/1464/5994 1572/1465/5995 1500/1395/5996
f 1500/1395/5997 1572/1465/5998 1573/1466/5999 1501/1396/6000
f 1501/1396/6001 1573/1466/6002 1574/1467/6003 1502/1397/6004
f 1502/1397/6005 1574/1467/6006 1575/1468/6007 1503/1398/6008
f 1503/1398/6009 1575/1468/6010 1576/1469/6011 1504/1399/6012
f 1504/1399/6013 1576/1469/6014 1577/1470/6015 1505/1400/6016
f 1505/1400/6017 1577/1470/6018 1578/1471/6019 1506/1401/6020
f 1506/1401/6021 1578/1471/6022 1579/1472/6023 1507/1402/6024
f 1507/1402/6025 1579/1472/6026 1580/1473/6027 1508/1403/6028
f 1508/1403/6029 1580/1473/6030 1581/1474/6031 1509/1404/6032
f 1509/1404/6033 1581/1474/6034 1582/1475/6035 1510/1405/6036
f 1510/1405/6037 1582/1475/6038 1583/1476/6039 1511/1406/6040
f 1511/1406/6041 1583/1476/6042 1584/1477/6043 1512/1407/6044
f 1512/1407/6045 1584/1477/6046 1513/1408/6047 1441/1338/6048
f 1513/1408/6049 1585/1478/6050 1586/1479/6051 1514/1409/6052
f 1514/1409/6053 1586/1479/6054 1587/1480/6055 1515/1410/6056
f 1515/1410/6057 1587/1480/6058 1588/1481/6059 1516/1411/6060
f 1516/1411/6061 1588/1481/6062 1589/1482/6063 1517/1412/6064
f 1517/1412/6065 1589/1482/6066 1590/1483/6067 1518/1413/6068
f 1518/1413/6069 1590/1483/6070 1591/1484/6071 1519/1414/6072
f 1519/1414/6073 1591/1484/6074 1592/1485/6075 1520/1415/6076
f 1520/1415/6077 1592/1485/6078 1593/1486/6079 1521/1416/6080
f 1521/1416/6081 1593/1486/6082 1594/1487/6083 1522/1417/6084
f 1522/1417/6085 1594/1487/6086 1595/1488/6087 1523/1418/6088
f 1523/1418/6089 1595/1488/6090 1596/1489/6091 1524/1419/6092
f 1524/1419/6093 1596/1489/6094 1597/1490/6095 1525/1420/6096
f 1525/1420/6097 1597/1490/6098 1598/1491/6099 1526/1421/6100
f 1526/1421/6101 1598/1491/6102 1599/1492/6103 1527/1422/6104
f 1527/1422/6105 1599/1492/6106 1600/1493/6107 1528/1423/6108
f 1528/1423/6109 1600/1493/6110 1601/1494/6111 1529/1424/6112
f 1529/1424/6113 1601/1494/6114 1602/1495/6115 1530/1425/6116
f 1530/1425/6117 1602/1495/6118 1603/1496/6119 1531/1426/6120
f 1531/1426/6121 1603/1496/6122 1604/1497/6123 1532/1427/6124
f 1532/1427/6125 1604/1497/6126 1605/1498/6127 1533/1428/6128
f 1533/1428/6129 1605/1498/6130 1606/1499/6131 1534/1429/6132
f 1534/1429/6133 1606/1499/6134 1607/1500/6135 1535/1422/6136
f 1535/1422/6137 1607/1500/6138 1608/1501/6139 1536/1421/6140
f 1536/1421/6141 1608/1501/6142 1609/1490/6143 1537/1430/6144
f 1537/1430/6145 1609/1490/6146 1610/1502/6147 1538/1431/6148
f 1538/1431/6149 1610/1502/6150 1611/1503/6151 1539/1432/6152
f 1539/1432/6153 1611/1503/6154 1612/1504/6155 1540/1433/6156
f 1540/1433/6157 1612/1504/6158 1613/1505/6159 1541/1434/6160
f 1541/1434/6161 1613/1505/6162 1614/1485/6163 1542/1435/6164
f 1542/1435/6165 1614/1485/6166 1615/1506/6167 1543/1436/6168
f 1543/1436/6169 1615/1506/6170 1616/1507/6171 1544/1437/6172
f 1544/1437/6173 1616/1507/6174 1617/1508/6175 1545/1438/6176
f 1545/1438/6177 1617/1508/6178 1618/1509/6179 1546/1439/6180
f 1546/1439/6181 1618/1509/6182 1619/1510/6183 1547/1440/6184
f 1547/1440/6185 1619/1510/6186 1620/1511/6187 1548/1441/6188
f 1548/1441/6189 1620/1511/6190 1621/1512/6191 1549/1442/6192
f 1549/1442/6193 1621/1512/6194 1622/1513/6195 1550/1443/6196
f 1550/1443/6197 1622/1513/6198 1623/1514/6199 1551/1444/6200
f 1551/1444/6201 1623/1514/6202 1624/1515/6203 1552/1445/6204
f 1552/1445/6205 1624/1515/6206 1625/1516/6207 1553/1446/6208
f 1553/1446/6209 1625/1516/6210 1626/1517/6211 1554/1447/6212
f 1554/1447/6213 1626/1517/6214 1627/1518/6215 1555/1448/6216
f 1555/1448/6217 1627/1518/6218 1628/1519/6219 1556/1449/6220
f 1556/1449/6221 1628/1519/6222 1629/1520/6223 1557/1450/6224
f 1557/1450/6225 1629/1520/6226 1630/1521/6227 1558/1451/6228
f 1558/1451/6229 1630/1521/6230 1631/1522/6231 1559/1452/6232
f 1559/1452/6233 1631/1522/6234 1632/1523/6235 1560/1453/6236
f 1560/1453/6237 1632/1523/6238 1633/1524/6239 1561/1454/6240
f 1561/1454/6241 1633/1524/6242 1634/1525/6243 1562/1455/6244
f 1562/1455/6245 1634/1525/6246 1635/1526/6247 1563/1456/6248
f 1563/1456/6249 1635/1526/6250 1636/1527/6251 1564/1457/6252
f 1564/1457/6253 1636/1527/6254 1637/1528/6255 1565/1458/6256
f 1565/1458/6257 1637/1528/6258 1638/1529/6259 1566/1459/6260
f 1566/1459/6261 1638/1529/6262 1639/1530/6263 1567/1460/6264
f 1567/1460/6265 1639/1530/6266 1640/1531/6267 1568/1461/6268
f 1568/1461/6269 1640/1531/6270 1641/1532/6271 1569/1462/6272
f 1569/1462/6273 1641/1532/6274 1642/1533/6275 1570/1463/6276
f 1570/1463/6277 1642/1533/6278 1643/1534/6279 1571/1464/6280
f 1571/1464/6281 1643/1534/6282 1644/1535/6283 1572/1465/6284
f 1572/1465/6285 1644/1535/6286 1645/1536/6287 1573/1466/6288
f 1573/1466/6289 1645/1536/6290 1646/1537/6291 1574/1467/6292
f 1574/1467/6293 1646/1537/6294 1647/1538/6295 1575/1468/6296
f 1575/1468/6297 1647/1538/6298 1648/1539/6299 1576/1469/6300
f 1576/1469/6301 1648/1539/6302 1649/1540/6303 1577/1470/6304
f 1577/1470/6305 1649/1540/6306 1650/1541/6307 1578/1471/6308
f 1578/1471/6309 1650/1541/6310 1651/1542/6311 1579/1472/6312
f 1579/1472/6313 1651/1542/6314 1652/1543/6315 1580/1473/6316
f 1580/1473/6317 1652/1543/6318 1653/1544/6319 1581/1474/6320
f 1581/1474/6321 1653/1544/6322 1654/1545/6323 1582/1475/6324
f 1582/1475/6325 1654/1545/6326 1655/1546/6327 1583/1476/6328
f 1583/1476/6329 1655/1546/6330 1656/1547/6331 1584/1477/6332
f 1584/1477/6333 1656/1547/6334 1585/1478/6335 1513/1408/6336
f 1585/1478/6337 1657/1548/6338 1658/1549/6339 1586/1479/6340
f 1586/1479/6341 1658/1549/6342 1659/1550/6343 1587/1480/6344
f 1587/1480/6345 1659/1550/6346 1660/1551/6347 1588/1481/6348
f 1588/1481/6349 1660/1551/6350 1661/1552/6351 1589/1482/6352
f 1589/1482/6353 1661/1552/6354 1662/1553/6355 1590/1483/6356
f 1590/1483/6357 1662/1553/6358 1663/1554/6359 1591/1484/6360
f 1591/1484/6361 1663/1554/6362 1664/1555/6363 1592/1485/6364
f 1592/1485/6365 1664/1555/6366 1665/1556/6367 1593/1486/6368
f 1593/1486/6369 1665/1556/6370 1666/1557/6371 1594/1487/6372
f 1594/1487/6373 1666/1557/6374 1667/1558/6375 1595/1488/6376
f 1595/1488/6377 1667/1558/6378 1668/1559/6379 1596/1489/6380
f 1596/1489/6381 1668/1559/6382 1669/1560/6383 1597/1490/6384
f 1597/1490/6385 1669/1560/6386 1670/1561/6387 1598/1491/6388
f 1598/1491/6389 1670/1561/6390 1671/1562/6391 1599/1492/6392
f 1599/1492/6393 1671/1562/6394 1672/1563/6395 1600/1493/6396
f 1600/1493/6397 1672/1563/6398 1673/1564/6399 1601/1494/6400
f 1601/1494/6401 1673/1564/6402 1674/1565/6403 1602/1495/6404
f 1602/1495/6405 1674/1565/6406 1675/1566/6407 1603/1496/6408
f 1603/1496/6409 1675/1566/6410 1676/1567/6411 1604/1497/6412
f 1604/1497/6413 1676/1567/6414 1677/1568/6415 1605/1498/6416
f 1605/1498/6417 1677/1568/6418 1678/1569/6419 1606/1499/6420
f 1606/1499/6421 1678/1569/6422 1679/1562/6423 1607/1500/6424
f 1607/1500/6425 1679/1562/6426 1680/1570/6427 1608/1501/6428
f 1608/1501/6429 1680/1570/6430 1681/1571/6431 1609/1490/6432
f 1609/1490/6433 1681/1571/6434 1682/1572/6435 1610/1502/6436
f 1610/1502/6437 1682/1572/6438 1683/1573/6439 1611/1503/6440
f 1611/1503/6441 1683/1573/6442 1684/1574/6443 1612/1504/6444
f 1612/1504/6445 1684/1574/6446 1685/1575/6447 1613/1505/6448
f 1613/1505/6449 1685/1575/6450 1686/1576/6451 1614/1485/6452
f 1614/1485/6453 1686/1576/6454 1687/1577/6455 1615/1506/6456
f 1615/1506/6457 1687/1577/6458 1688/1578/6459 1616/1507/6460
f 1616/1507/6461 1688/1578/6462 1689/1579/6463 1617/1508/6464
f 1617/1508/6465 1689/1579/6466 1690/1580/6467 1618/1509/6468
f 1618/1509/6469 1690/1580/6470 1691/1581/6471 1619/1510/6472
f 1619/1510/6473 1691/1581/6474 1692/1582/6475 1620/1511/6476
f 1620/1511/6477 1692/1582/6478 1693/1583/6479 1621/1512/6480
f 1621/1512/6481 1693/1583/6482 1694/1584/6483 1622/1513/6484
f 1622/1513/6485 1694/1584/6486 1695/1585/6487 1623/1514/6488
f 1623/1514/6489 1695/1585/6490 1696/1586/6491 1624/1515/6492
f 1624/1515/6493 1696/1586/6494 1697/1587/6495 1625/1516/6496
f 1625/1516/6497 1697/1587/6498 1698/1588/6499 1626/1517/6500
f 1626/1517/6501 1698/1588/6502 1699/1589/6503 1627/1518/6504
f 1627/1518/6505 1699/1589/6506 1700/1590/6507 1628/1519/6508
f 1628/1519/6509 1700/1590/6510 1701/1591/6511 1629/1520/6512
f 1629/1520/6513 1701/1591/6514 1702/1592/6515 1630/1521/6516
f 1630/1521/6517 1702/1592/6518 1703/1593/6519 1631/1522/6520
f 1631/1522/6521 1703/1593/6522 1704/1594/6523 1632/1523/6524
f 1632/1523/6525 1704/1594/6526 1705/1595/6527 1633/1524/6528
f 1633/1524/6529 1705/1595/6530 1706/1596/6531 1634/1525/6532
f 1634/1525/6533 1706/1596/6534 1707/1597/6535 1635/1526/6536
f 1635/1526/6537 1707/1597/6538 1708/1598/6539 1636/1527/6540
f 1636/1527/6541 1708/1598/6542 1709/1599/6543 1637/1528/6544
f 1637/1528/6545 1709/1599/6546 1710/1600/6547 1638/1529/6548
f 1638/1529/6549 1710/1600/6550 1711/1601/6551 1639/1530/6552
f 1639/1530/6553 1711/1601/6554 1712/1602/6555 1640/1531/6556
f 1640/1531/6557 1712/1602/6558 1713/1603/6559 1641/1532/6560
f 1641/1532/6561 1713/1603/6562 1714/1604/6563 1642/1533/6564
f 1642/1533/6565 1714/1604/6566 1715/1605/6567 1643/1534/6568
f 1643/1534/6569 1715/1605/6570 1716/1606/6571 1644/1535/6572
f 1644/1535/6573 1716/1606/6574 1717/1607/6575 1645/1536/6576
f 1645/1536/6577 1717/1607/6578 1718/1608/6579 1646/1537/6580
f 1646/1537/6581 1718/1608/6582 1719/1609/6583 1647/1538/6584
f 1647/1538/6585 1719/1609/6586 1720/1610/6587 1648/1539/6588
f 1648/1539/6589 1720/1610/6590 1721/1611/6591 1649/1540/6592
f 1649/1540/6593 1721/1611/6594 1722/1612/6595 1650/1541/6596
f 1650/1541/6597 1722/1612/6598 1723/1613/6599 1651/1542/6600
f 1651/1542/6601 1723/1613/6602 1724/1614/6603 1652/1543/6604
f 1652/1543/6605 1724/1614/6606 1725/1615/6607 1653/1544/6608
f 1653/1544/6609 1725/1615/6610 1726/1616/6611 1654/1545/6612
f 1654/1545/6613 1726/1616/6614 1727/1617/6615 1655/1546/6616
f 1655/1546/6617 1727/1617/6618 1728/1618/6619 1656/1547/6620
f 1656/1547/6621 1728/1618/6622 1657/1548/6623 1585/1478/6624
f 1657/1548/6625 1729/1619/6626 1730/1620/6627 1658/1549/6628
f 1658/1549/6629 1730/1620/6630 1731/1621/6631 1659/1550/6632
f 1659/1550/6633 1731/1621/6634 1732/1622/6635 1660/1551/6636
f 1660/1551/6637 1732/1622/6638 1733/1623/6639 1661/1552/6640
f 1661/1552/6641 1733/1623/6642 1734/1624/6643 1662/1553/6644
f 1662/1553/6645 1734/1624/6646 1735/1625/6647 1663/1554/6648
f 1663/1554/6649 1735/1625/6650 1736/1626/6651 1664/1555/6652
f 1664/1555/6653 1736/1626/6654 1737/1627/6655 1665/1556/6656
f 1665/1556/6657 1737/1627/6658 1738/1628/6659 1666/1557/6660
f 1666/1557/6661 1738/1628/6662 1739/1629/6663 1667/1558/6664
f 1667/1558/6665 1739/1629/6666 1740/1630/6667 1668/1559/6668
f 1668/1559/6669 1740/1630/6670 1741/1631/6671 1669/1560/6672
f 1669/1560/6673 1741/1631/6674 1742/1632/6675 1670/1561/6676
f 1670/1561/6677 1742/1632/6678 1743/1633/6679 1671/1562/6680
f 1671/1562/6681 1743/1633/6682 1744/1634/6683 1672/1563/6684
f 1672/1563/6685 1744/1634/6686 1745/1635/6687 1673/1564/6688
f 1673/1564/6689 1745/1635/6690 1746/1636/6691 1674/1565/6692
f 1674/1565/6693 1746/1636/6694 1747/1637/6695 1675/1566/6696
f 1675/1566/6697 1747/1637/6698 1748/1638/6699 1676/1567/6700
f 1676/1567/6701 1748/1638/6702 1749/1639/6703 1677/1568/6704
f 1677/1568/6705 1749/1639/6706 1750/1640/6707 1678/1569/6708
f 1678/1569/6709 1750/1640/6710 1751/1633/6711 1679/1562/6712
f 1679/1562/6713 1751/1633/6714 1752/1641/6715 1680/1570/6716
f 1680/1570/6717 1752/1641/6718 1753/1642/6719 1681/1571/6720
f 1681/1571/6721 1753/1642/6722 1754/1643/6723 1682/1572/6724
f 1682/1572/6725 1754/1643/6726 1755/1644/6727 1683/1573/6728
f 1683/1573/6729 1755/1644/6730 1756/1645/6731 1684/1574/6732
f 1684/1574/6733 1756/1645/6734 1757/1646/6735 1685/1575/6736
f 1685/1575/6737 1757/1646/6738 1758/1647/6739 1686/1576/6740
f 1686/1576/6741 1758/1647/6742 1759/1648/6743 1687/1577/6744
f 1687/1577/6745 1759/1648/6746 1760/1649/6747 1688/1578/6748
f 1688/1578/6749 1760/1649/6750 1761/1650/6751 1689/1579/6752
f 1689/1579/6753 1761/1650/6754 1762/1651/6755 1690/1580/6756
f 1690/1580/6757 1762/1651/6758 1763/1652/6759 1691/1581/6760
f 1691/1581/6761 1763/1652/6762 1764/1653/6763 1692/1582/6764
f 1692/1582/6765 1764/1653/6766 1765/1654/6767 1693/1583/6768
f 1693/1583/6769 1765/1654/6770 1766/1655/6771 1694/1584/6772
f 1694/1584/6773 1766/1655/6774 1767/1656/6775 1695/1585/6776
f 1695/1585/6777 1767/1656/6778 1768/1657/6779 1696/1586/6780
f 1696/1586/6781 1768/1657/6782 1769/1658/6783 1697/1587/6784
f 1697/1587/6785 1769/1658/6786 1770/1659/6787 1698/1588/6788
f 1698/1588/6789 1770/1659/6790 1771/1660/6791 1699/1589/6792
f 1699/1589/6793 1771/1660/6794 1772/1661/6795 1700/1590/6796
f 1700/1590/6797 1772/1661/6798 1773/1662/6799 1701/1591/6800
f 1701/1591/6801 1773/1662/6802 1774/1663/6803 1702/1592/6804
f 1702/1592/6805 1774/1663/6806 1775/1664/6807 1703/1593/6808
f 1703/1593/6809 1775/1664/6810 1776/1665/6811 1704/1594/6812
f 1704/1594/6813 1776/1665/6814 1777/1666/6815 1705/1595/6816
f 1705/1595/6817 1777/1666/6818 1778/1667/6819 1706/1596/6820
f 1706/1596/6821 1778/1667/6822 1779/1668/6823 1707/1597/6824
f 1707/1597/6825 1779/1668/6826 1780/1669/6827 1708/1598/6828
f 1708/1598/6829 1780/1669/6830 1781/1670/6831 1709/1599/6832
f 1709/1599/6833 1781/1670/6834 1782/1671/6835 1710/1600/6836
f 1710/1600/6837 1782/1671/6838 1783/1672/6839 1711/1601/6840
f 1711/1601/6841 1783/1672/6842 1784/1673/6843 1712/1602/6844
f 1712/1602/6845 1784/1673/6846 1785/1674/6847 1713/1603/6848
f 1713/1603/6849 1785/1674/6850 1786/1675/6851 1714/1604/6852
f 1714/1604/6853 1786/1675/6854 1787/1676/6855 1715/1605/6856
f 1715/1605/6857 1787/1676/6858 1788/1677/6859 1716/1606/6860
f 1716/1606/6861 1788/1677/6862 1789/1678/6863 1717/1607/6864
f 1717/1607/6865 1789/1678/6866 1790/1679/6867 1718/1608/6868
f 1718/1608/6869 1790/1679/6870 1791/1680/6871 1719/1609/6872
f 1719/1609/6873 1791/1680/6874 1792/1681/6875 1720/1610/6876
f 1720/1610/6877 1792/1681/6878 1793/1682/6879 1721/1611/6880
f 1721/1611/6881 1793/1682/6882 1794/1683/6883 1722/1612/6884
f 1722/1612/6885 1794/1683/6886 1795/1684/6887 1723/1613/6888
f 1723/1613/6889 1795/1684/6890 1796/1685/6891 1724/1614/6892
f 1724/1614/6893 1796/1685/6894 1797/1686/6895 1725/1615/6896
f 1725/1615/6897 1797/1686/6898 1798/1687/6899 1726/1616/6900
f 1726/1616/6901 1798/1687/6902 1799/1688/6903 1727/1617/6904
f 1727/1617/6905 1799/1688/6906 1800/1689/6907 1728/1618/6908
f 1728/1618/6909 1800/1689/6910 1729/1619/6911 1657/1548/6912
f 1729/1619/6913 1801/1690/6914 1802/1691/6915 1730/1620/6916
f 1730/1620/6917 1802/1691/6918 1803/1692/6919 1731/1621/6920
f 1731/1621/6921 1803/1692/6922 1804/1693/6923 1732/1622/6924
f 1732/1622/6925 1804/1693/6926 1805/1694/6927 1733/1623/6928
f 1733/1623/6929 1805/1694/6930 1806/1695/6931 1734/1624/6932
f 1734/1624/6933 1806/1695/6934 1807/1696/6935 1735/1625/6936
f 1735/1625/6937 1807/1696/6938 1808/1697/6939 1736/1626/6940
f 1736/1626/6941 1808/1697/6942 1809/1698/6943 1737/1627/6944
f 1737/1627/6945 1809/1698/6946 1810/1699/6947 1738/1628/6948
f 1738/1628/6949 1810/1699/6950 1811/1700/6951 1739/1629/6952
f 1739/1629/6953 1811/1700/6954 1812/1701/6955 1740/1630/6956
f 1740/1630/6957 1812/1701/6958 1813/1702/6959 1741/1631/6960
f 1741/1631/6961 1813/1702/6962 1814/1703/6963 1742/1632/6964
f 1742/1632/6965 1814/1703/6966 1815/1704/6967 1743/1633/6968
f 1743/1633/6969 1815/1704/6970 1816/1705/6971 1744/1634/6972
f 1744/1634/6973 1816/1705/6974 1817/1706/6975 1745/1635/6976
f 1745/1635/6977 1817/1706/6978 1818/1707/6979 1746/1636/6980
f 1746/1636/6981 1818/1707/6982 1819/1708/6983 1747/1637/6984
f 1747/1637/6985 1819/1708/6986 1820/1709/6987 1748/1638/6988
f 1748/1638/6989 1820/1709/6990 1821/1706/6991 1749/1639/6992
f 1749/1639/6993 1821/1706/6994 1822/1710/6995 1750/1640/6996
f 1750/1640/6997 1822/1710/6998 1823/1704/6999 1751/1633/7000
f 1751/1633/7001 1823/1704/7002 1824/1703/7003 1752/1641/7004
f 1752/1641/7005 1824/1703/7006 1825/1711/7007 1753/1642/7008
f 1753/1642/7009 1825/1711/7010 1826/1712/7011 1754/1643/7012
f 1754/1643/7013 1826/1712/7014 1827/1713/7015 1755/1644/7016
f 1755/1644/7017 1827/1713/7018 1828/1714/7019 1756/1645/7020
f 1756/1645/7021 1828/1714/7022 1829/1698/7023 1757/1646/7024
f 1757/1646/7025 1829/1698/7026 1830/1715/7027 1758/1647/7028
f 1758/1647/7029 1830/1715/7030 1831/1716/7031 1759/1648/7032
f 1759/1648/7033 1831/1716/7034 1832/1717/7035 1760/1649/7036
f 1760/1649/7037 1832/1717/7038 1833/1718/7039 1761/1650/7040
f 1761/1650/7041 1833/1718/7042 1834/1719/7043 1762/1651/7044
f 1762/1651/7045 1834/1719/7046 1835/1720/7047 1763/1652/7048
f 1763/1652/7049 1835/1720/7050 1836/1721/7051 1764/1653/7052
f 1764/1653/7053 1836/1721/7054 1837/1722/7055 1765/1654/7056
f 1765/1654/7057 1837/1722/7058 1838/1723/7059 1766/1655/7060
f 1766/1655/7061 1838/1723/7062 1839/1724/7063 1767/1656/7064
f 1767/1656/7065 1839/1724/7066 1840/1725/7067 1768/1657/7068
f 1768/1657/7069 1840/1725/7070 1841/1726/7071 1769/1658/7072
f 1769/1658/7073 1841/1726/7074 1842/1727/7075 1770/1659/7076
f 1770/1659/7077 1842/1727/7078 1843/1728/7079 1771/1660/7080
f 1771/1660/7081 1843/1728/7082 1844/1729/7083 1772/1661/7084
f 1772/1661/7085 1844/1729/7086 1845/1730/7087 1773/1662/7088
f 1773/1662/7089 1845/1730/7090 1846/1731/7091 1774/1663/7092
f 1774/1663/7093 1846/1731/7094 1847/1732/7095 1775/1664/7096
f 1775/1664/7097 1847/1732/7098 1848/1733/7099 1776/1665/7100
f 1776/1665/7101 1848/1733/7102 1849/1734/7103 1777/1666/7104
f 1777/1666/7105 1849/1734/7106 1850/1735/7107 1778/1667/7108
f 1778/1667/7109 1850/1735/7110 1851/1736/7111 1779/1668/7112
f 1779/1668/7113 1851/1736/7114 1852/1737/7115 1780/1669/7116
f 1780/1669/7117 1852/1737/7118 1853/1738/7119 1781/1670/7120
f 1781/1670/7121 1853/1738/7122 1854/1739/7123 1782/1671/7124
f 1782/1671/7125 1854/1739/7126 1855/1740/7127 1783/1672/7128
f 1783/1672/7129 1855/1740/7130 1856/1741/7131 1784/1673/7132
f 1784/1673/7133 1856/1741/7134 1857/1742/7135 1785/1674/7136
f 1785/1674/7137 1857/1742/7138 1858/1743/7139 1786/1675/7140
f 1786/1675/7141 1858/1743/7142 1859/1744/7143 1787/1676/7144
f 1787/1676/7145 1859/1744/7146 1860/1745/7147 1788/1677/7148
f 1788/1677/7149 1860/1745/7150 1861/1746/7151 1789/1678/7152
f 1789/1678/7153 1861/1746/7154 1862/1747/7155 1790/1679/7156
f 1790/1679/7157 1862/1747/7158 1863/1748/7159 1791/1680/7160
f 1791/1680/7161 1863/1748/7162 1864/1749/7163 1792/1681/7164
f 1792/1681/7165 1864/1749/7166 1865/1750/7167 1793/1682/7168
f 1793/1682/7169 1865/1750/7170 1866/1751/7171 1794/1683/7172
f 1794/1683/7173 1866/1751/7174 1867/1752/7175 1795/1684/7176
f 1795/1684/7177 1867/1752/7178 1868/1753/7179 1796/1685/7180
f 1796/1685/7181 1868/1753/7182 1869/1754/7183 1797/1686/7184
f 1797/1686/7185 1869/1754/7186 1870/1755/7187 1798/1687/7188
f 1798/1687/7189 1870/1755/7190 1871/1756/7191 1799/1688/7192
f 1799/1688/7193 1871/1756/7194 1872/1757/7195 1800/1689/7196
f 1800/1689/7197 1872/1757/7198 1801/1690/7199 1729/1619/7200
f 1801/1690/7201 1873/1758/7202 1874/1759/7203 1802/1691/7204
f 1802/1691/7205 1874/1759/7206 1875/1760/7207 1803/1692/7208
f 1803/1692/7209 1875/1760/7210 1876/1761/7211 1804/1693/7212
f 1804/1693/7213 1876/1761/7214 1877/1762/7215 1805/1694/7216
f 1805/1694/7217 1877/1762/7218 1878/1763/7219 1806/1695/7220
f 1806/1695/7221 1878/1763/7222 1879/1764/7223 1807/1696/7224
f 1807/1696/7225 1879/1764/7226 1880/1765/7227 1808/1697/7228
f 1808/1697/7229 1880/1765/7230 1881/1766/7231 1809/1698/7232
f 1809/1698/7233 1881/1766/7234 1882/1767/7235 1810/1699/7236
f 1810/1699/7237 1882/1767/7238 1883/1768/7239 1811/1700/7240
f 1811/1700/7241 1883/1768/7242 1884/1769/7243 1812/1701/7244
f 1812/1701/7245 1884/1769/7246 1885/1770/7247 1813/1702/7248
f 1813/1702/7249 1885/1770/7250 1886/1771/7251 1814/1703/7252
f 1814/1703/7253 1886/1771/7254 1887/1772/7255 1815/1704/7256
f 1815/1704/7257 1887/1772/7258 1888/1773/7259 1816/1705/7260
f 1816/1705/7261 1888/1773/7262 1889/1774/7263 1817/1706/7264
f 1817/1706/7265 1889/1774/7266 1890/1775/7267 1818/1707/7268
f 1818/1707/7269 1890/1775/7270 1891/1776/7271 1819/1708/7272
f 1819/1708/7273 1891/1776/7274 1892/1777/7275 1820/1709/7276
f 1820/1709/7277 1892/1777/7278 1893/1778/7279 1821/1706/7280
f 1821/1706/7281 1893/1778/7282 1894/1779/7283 1822/1710/7284
f 1822/1710/7285 1894/1779/7286 1895/1772/7287 1823/1704/7288
f 1823/1704/7289 1895/1772/7290 1896/1780/7291 1824/1703/7292
f 1824/1703/7293 1896/1780/7294 1897/1781/7295 1825/1711/7296
f 1825/1711/7297 1897/1781/7298 1898/1782/7299 1826/1712/7300
f 1826/1712/7301 1898/1782/7302 1899/1783/7303 1827/1713/7304
f 1827/1713/7305 1899/1783/7306 1900/1784/7307 1828/1714/7308
f 1828/1714/7309 1900/1784/7310 1901/1766/7311 1829/1698/7312
f 1829/1698/7313 1901/1766/7314 1902/1785/7315 1830/1715/7316
f 1830/1715/7317 1902/1785/7318 1903/1786/7319 1831/1716/7320
f 1831/1716/7321 1903/1786/7322 1904/1787/7323 1832/1717/7324
f 1832/1717/7325 1904/1787/7326 1905/1788/7327 1833/1718/7328
f 1833/1718/7329 1905/1788/7330 1906/1789/7331 1834/1719/7332
f 1834/1719/7333 1906/1789/7334 1907/1790/7335 1835/1720/7336
f 1835/1720/7337 1907/1790/7338 1908/1791/7339 1836/1721/7340
f 1836/1721/7341 1908/1791/7342 1909/1792/7343 1837/1722/7344
f 1837/1722/7345 1909/1792/7346 1910/1793/7347 1838/1723/7348
f 1838/1723/7349 1910/1793/7350 1911/1794/7351 1839/1724/7352
f 1839/1724/7353 1911/1794/7354 1912/1795/7355 1840/1725/7356
f 1840/1725/7357 1912/1795/7358 1913/1796/7359 1841/1726/7360
f 1841/1726/7361 1913/1796/7362 1914/1797/7363 1842/1727/7364
f 1842/1727/7365 1914/1797/7366 1915/1798/7367 1843/1728/7368
f 1843/1728/7369 1915/1798/7370 1916/1799/7371 1844/1729/7372
f 1844/1729/7373 1916/1799/7374 1917/1800/7375 1845/1730/7376
f 1845/1730/7377 1917/1800/7378 1918/1801/7379 1846/1731/7380
f 1846/1731/7381 1918/1801/7382 1919/1802/7383 1847/1732/7384
f 1847/1732/7385 1919/1802/7386 1920/1803/7387 1848/1733/7388
f 1848/1733/7389 1920/1803/7390 1921/1804/7391 1849/1734/7392
f 1849/1734/7393 1921/1804/7394 1922/1805/7395 1850/1735/7396
f 1850/1735/7397 1922/1805/7398 1923/1806/7399 1851/1736/7400
f 1851/1736/7401 1923/1806/7402 1924/1807/7403 1852/1737/7404
f 1852/1737/7405 1924/1807/7406 1925/1808/7407 1853/1738/7408
f 1853/1738/7409 1925/1808/7410 1926/1809/7411 1854/1739/7412
f 1854/1739/7413 1926/1809/7414 1927/1810/7415 1855/1740/7416
f 1855/1740/7417 1927/1810/7418 1928/1811/7419 1856/1741/7420
f 1856/1741/7421 1928/1811/7422 1929/1812/7423 1857/1742/7424
f 1857/1742/7425 1929/1812/7426 1930/1813/7427 1858/1743/7428
f 1858/1743/7429 1930/1813/7430 1931/1814/7431 1859/1744/7432
f 1859/1744/7433 1931/1814/7434 1932/1815/7435 1860/1745/7436
f 1860/1745/7437 1932/1815/7438 1933/1816/7439 1861/1746/7440
f 1861/1746/7441 1933/1816/7442 1934/1817/7443 1862/1747/7444
f 1862/1747/7445 1934/1817/7446 1935/1818/7447 1863/1748/7448
f 1863/1748/7449 1935/1818/7450 1936/1819/7451 1864/1749/7452
f 1864/1749/7453 1936/1819/7454 1937/1820/7455 1865/1750/7456
f 1865/1750/7457 1937/1820/7458 1938/1821/7459 1866/1751/7460
f 1866/1751/7461 1938/1821/7462 1939/1822/7463 1867/1752/7464
f 1867/1752/7465 1939/1822/7466 1940/1823/7467 1868/1753/7468
f 1868/1753/7469 1940/1823/7470 1941/1824/7471 1869/1754/7472
f 1869/1754/7473 1941/1824/7474 1942/1825/7475 1870/1755/7476
f 1870/1755/7477 1942/1825/7478 1943/1826/7479 1871/1756/7480
f 1871/1756/7481 1943/1826/7482 1944/1827/7483 1872/1757/7484
f 1872/1757/7485 1944/1827/7486 1873/1758/7487 1801/1690/7488
f 1873/1758/7489 1945/1828/7490 1946/1829/7491 1874/1759/7492
f 1874/1759/7493 1946/1829/7494 1947/1830/7495 1875/1760/7496
f 1875/1760/7497 1947/1830/7498 1948/1831/7499 1876/1761/7500
f 1876/1761/7501 1948/1831/7502 1949/1832/7503 1877/1762/7504
f 1877/1762/7505 1949/1832/7506 1950/1833/7507 1878/1763/7508
f 1878/1763/7509 1950/1833/7510 1951/1834/7511 1879/1764/7512
f 1879/1764/7513 1951/1834/7514 1952/1835/7515 1880/1765/7516
f 1880/1765/7517 1952/1835/7518 1953/1836/7519 1881/1766/7520
f 1881/1766/7521 1953/1836/7522 1954/1837/7523 1882/1767/7524
f 1882/1767/7525 1954/1837/7526 1955/1838/7527 1883/1768/7528
f 1883/1768/7529 1955/1838/7530 1956/1839/7531 1884/1769/7532
f 1884/1769/7533 1956/1839/7534 1957/1840/7535 1885/1770/7536
f 1885/1770/7537 1957/1840/7538 1958/1841/7539 1886/1771/7540
f 1886/1771/7541 1958/1841/7542 1959/1842/7543 1887/1772/7544
f 1887/1772/7545 1959/1842/7546 1960/1843/7547 1888/1773/7548
f 1888/1773/7549 1960/1843/7550 1961/1844/7551 1889/1774/7552
f 1889/1774/7553 1961/1844/7554 1962/1845/7555 1890/1775/7556
f 1890/1775/7557 1962/1845/7558 1963/1846/7559 1891/1776/7560
f 1891/1776/7561 1963/1846/7562 1964/1847/7563 1892/1777/7564
f 1892/1777/7565 1964/1847/7566 1965/1844/7567 1893/1778/7568
f 1893/1778/7569 1965/1844/7570 1966/1848/7571 1894/1779/7572
f 1894/1779/7573 1966/1848/7574 1967/1849/7575 1895/1772/7576
f 1895/1772/7577 1967/1849/7578 1968/1850/7579 1896/1780/7580
f 1896/1780/7581 1968/1850/7582 1969/1851/7583 1897/1781/7584
f 1897/1781/7585 1969/1851/7586 1970/1852/7587 1898/1782/7588
f 1898/1782/7589 1970/1852/7590 1971/1853/7591 1899/1783/7592
f 1899/1783/7593 1971/1853/7594 1972/1854/7595 1900/1784/7596
f 1900/1784/7597 1972/1854/7598 1973/1855/7599 1901/1766/7600
f 1901/1766/7601 1973/1855/7602 1974/1856/7603 1902/1785/7604
f 1902/1785/7605 1974/1856/7606 1975/1857/7607 1903/1786/7608
f 1903/1786/7609 1975/1857/7610 1976/1858/7611 1904/1787/7612
f 1904/1787/7613 1976/1858/7614 1977/1859/7615 1905/1788/7616
f 1905/1788/7617 1977/1859/7618 1978/1860/7619 1906/1789/7620
f 1906/1789/7621 1978/1860/7622 1979/1830/7623 1907/1790/7624
f 1907/1790/7625 1979/1830/7626 1980/1861/7627 1908/1791/7628
f 1908/1791/7629 1980/1861/7630 1981/1862/7631 1909/1792/7632
f 1909/1792/7633 1981/1862/7634 1982/1863/7635 1910/1793/7636
f 1910/1793/7637 1982/1863/7638 1983/1864/7639 1911/1794/7640
f 1911/1794/7641 1983/1864/7642 1984/1865/7643 1912/1795/7644
f 1912/1795/7645 1984/1865/7646 1985/1866/7647 1913/1796/7648
f 1913/1796/7649 1985/1866/7650 1986/1867/7651 1914/1797/7652
f 1914/1797/7653 1986/1867/7654 1987/1868/7655 1915/1798/7656
f 1915/1798/7657 1987/1868/7658 1988/1869/7659 1916/1799/7660
f 1916/1799/7661 1988/1869/7662 1989/1870/7663 1917/1800/7664
f 1917/1800/7665 1989/1870/7666 1990/1871/7667 1918/1801/7668
f 1918/1801/7669 1990/1871/7670 1991/1872/7671 1919/1802/7672
f 1919/1802/7673 1991/1872/7674 1992/1873/7675 1920/1803/7676
f 1920/1803/7677 1992/1873/7678 1993/1874/7679 1921/1804/7680
f 1921/1804/7681 1993/1874/7682 1994/1875/7683 1922/1805/7684
f 1922/1805/7685 1994/1875/7686 1995/1876/7687 1923/1806/7688
f 1923/1806/7689 1995/1876/7690 1996/1877/7691 1924/1807/7692
f 1924/1807/7693 1996/1877/7694 1997/1878/7695 1925/1808/7696
f 1925/1808/7697 1997/1878/7698 1998/1879/7699 1926/1809/7700
f 1926/1809/7701 1998/1879/7702 1999/1880/7703 1927/1810/7704
f 1927/1810/7705 1999/1880/7706 2000/1881/7707 1928/1811/7708
f 1928/1811/7709 2000/1881/7710 2001/1882/7711 1929/1812/7712
f 1929/1812/7713 2001/1882/7714 2002/1883/7715 1930/1813/7716
f 1930/1813/7717 2002/1883/7718 2003/1884/7719 1931/1814/7720
f 1931/1814/7721 2003/1884/7722 2004/1885/7723 1932/1815/7724
f 1932/1815/7725 2004/1885/7726 2005/1886/7727 1933/1816/7728
f 1933/1816/7729 2005/1886/7730 2006/1887/7731 1934/1817/7732
f 1934/1817/7733 2006/1887/7734 2007/1888/7735 1935/1818/7736
f 1935/1818/7737 2007/1888/7738 2008/1889/7739 1936/1819/7740
f 1936/1819/7741 2008/1889/7742 2009/1890/7743 1937/1820/7744
f 1937/1820/7745 2009/1890/7746 2010/1891/7747 1938/1821/7748
f 1938/1821/7749 2010/1891/7750 2011/1892/7751 1939/1822/7752
f 1939/1822/7753 2011/1892/7754 2012/1893/7755 1940/1823/7756
f 1940/1823/7757 2012/1893/7758 2013/1894/7759 1941/1824/7760
f 1941/1824/7761 2013/1894/7762 2014/1895/7763 1942/1825/7764
f 1942/1825/7765 2014/1895/7766 2015/1896/7767 1943/1826/7768
f 1943/1826/7769 2015/1896/7770 2016/1897/7771 1944/1827/7772
f 1944/1827/7773 2016/1897/7774 1945/1828/7775 1873/1758/7776
f 1945/1828/7777 2017/1898/7778 2018/1899/7779 1946/1829/7780
f 1946/1829/7781 2018/1899/7782 2019/1900/7783 1947/1830/7784
f 1947/1830/7785 2019/1900/7786 2020/1901/7787 1948/1831/7788
f 1948/1831/7789 2020/1901/7790 2021/1902/7791 1949/1832/7792
f 1949/1832/7793 2021/1902/7794 2022/1903/7795 1950/1833/7796
f 1950/1833/7797 2022/1903/7798 2023/1904/7799 1951/1834/7800
f 1951/1834/7801 2023/1904/7802 2024/1905/7803 1952/1835/7804
f 1952/1835/7805 2024/1905/7806 2025/1906/7807 1953/1836/7808
f 1953/1836/7809 2025/1906/7810 2026/1907/7811 1954/1837/7812
f 1954/1837/7813 2026/1907/7814 2027/1908/7815 1955/1838/7816
f 1955/1838/7817 2027/1908/7818 2028/1909/7819 1956/1839/7820
f 1956/1839/7821 2028/1909/7822 2029/1910/7823 1957/1840/7824
f 1957/1840/7825 2029/1910/7826 2030/1911/7827 1958/1841/7828
f 1958/1841/7829 2030/1911/7830 2031/1912/7831 1959/1842/7832
f 1959/1842/7833 2031/1912/7834 2032/1913/7835 1960/1843/7836
f 1960/1843/7837 2032/1913/7838 2033/1914/7839 1961/1844/7840
f 1961/1844/7841 2033/1914/7842 2034/1915/7843 1962/1845/7844
f 1962/1845/7845 2034/1915/7846 2035/1916/7847 1963/1846/7848
f 1963/1846/7849 2035/1916/7850 2036/1915/7851 1964/1847/7852
f 1964/1847/7853 2036/1915/7854 2037/1917/7855 1965/1844/7856
f 1965/1844/7857 2037/1917/7858 2038/1918/7859 1966/1848/7860
f 1966/1848/7861 2038/1918/7862 2039/1919/7863 1967/1849/7864
f 1967/1849/7865 2039/1919/7866 2040/1920/7867 1968/1850/7868
f 1968/1850/7869 2040/1920/7870 2041/1921/7871 1969/1851/7872
f 1969/1851/7873 2041/1921/7874 2042/1922/7875 1970/1852/7876
f 1970/1852/7877 2042/1922/7878 2043/1923/7879 1971/1853/7880
f 1971/1853/7881 2043/1923/7882 2044/1924/7883 1972/1854/7884
f 1972/1854/7885 2044/1924/7886 2045/1925/7887 1973/1855/7888
f 1973/1855/7889 2045/1925/7890 2046/1926/7891 1974/1856/7892
f 1974/1856/7893 2046/1926/7894 2047/1927/7895 1975/1857/7896
f 1975/1857/7897 2047/1927/7898 2048/1928/7899 1976/1858/7900
f 1976/1858/7901 2048/1928/7902 2049/1929/7903 1977/1859/7904
f 1977/1859/7905 2049/1929/7906 2050/1930/7907 1978/1860/7908
f 1978/1860/7909 2050/1930/7910 2051/1931/7911 1979/1830/7912
f 1979/1830/7913 2051/1931/7914 2052/1932/7915 1980/1861/7916
f 1980/1861/7917 2052/1932/7918 2053/1933/7919 1981/1862/7920
f 1981/1862/7921 2053/1933/7922 2054/1934/7923 1982/1863/7924
f 1982/1863/7925 2054/1934/7926 2055/1935/7927 1983/1864/7928
f 1983/1864/7929 2055/1935/7930 2056/1936/7931 1984/1865/7932
f 1984/1865/7933 2056/1936/7934 2057/1937/7935 1985/1866/7936
f 1985/1866/7937 2057/1937/7938 2058/1938/7939 1986/1867/7940
f 1986/1867/7941 2058/1938/7942 2059/1939/7943 1987/1868/7944
f 1987/1868/7945 2059/1939/7946 2060/1940/7947 1988/1869/7948
f 1988/1869/7949 2060/1940/7950 2061/1941/7951 1989/1870/7952
f 1989/1870/7953 2061/1941/7954 2062/1942/7955 1990/1871/7956
f 1990/1871/7957 2062/1942/7958 2063/1943/7959 1991/1872/7960
f 1991/1872/7961 2063/1943/7962 2064/1944/7963 1992/1873/7964
f 1992/1873/7965 2064/1944/7966 2065/1945/7967 1993/1874/7968
f 1993/1874/7969 2065/1945/7970 2066/1946/7971 1994/1875/7972
f 1994/1875/7973 2066/1946/7974 2067/1947/7975 1995/1876/7976
f 1995/1876/7977 2067/1947/7978 2068/1948/7979 1996/1877/7980
f 1996/1877/7981 2068/1948/7982 2069/1949/7983 1997/1878/7984
f 1997/1878/7985 2069/1949/7986 2070/1950/7987 1998/1879/7988
f 1998/1879/7989 2070/1950/7990 2071/1951/7991 1999/1880/7992
f 1999/1880/7993 2071/1951/7994 2072/1952/7995 2000/1881/7996
f 2000/1881/7997 2072/1952/7998 2073/1953/7999 2001/1882/8000
f 2001/1882/8001 2073/1953/8002 2074/1948/8003 2002/1883/8004
f 2002/1883/8005 2074/1948/8006 2075/1954/8007 2003/1884/8008
f 2003/1884/8009 2075/1954/8010 2076/1955/8011 2004/1885/8012
f 2004/1885/8013 2076/1955/8014 2077/1956/8015 2005/1886/8016
f 2005/1886/8017 2077/1956/8018 2078/1957/8019 2006/1887/8020
f 2006/1887/8021 2078/1957/8022 2079/1958/8023 2007/1888/8024
f 2007/1888/8025 2079/1958/8026 2080/1959/8027 2008/1889/8028
f 2008/1889/8029 2080/1959/8030 2081/1960/8031 2009/1890/8032
f 2009/1890/8033 2081/1960/8034 2082/1961/8035 2010/1891/8036
f 2010/1891/8037 2082/1961/8038 2083/1962/8039 2011/1892/8040
f 2011/1892/8041 2083/1962/8042 2084/1963/8043 2012/1893/8044
f 2012/1893/8045 2084/1963/8046 2085/1964/8047 2013/1894/8048
f 2013/1894/8049 2085/1964/8050 2086/1965/8051 2014/1895/8052
f 2014/1895/8053 2086/1965/8054 2087/1966/8055 2015/1896/8056
f 2015/1896/8057 2087/1966/8058 2088/1967/8059 2016/1897/8060
f 2016/1897/8061 2088/1967/8062 2017/1898/8063 1945/1828/8064
f 2017/1898/8065 2089/1968/8066 2090/1969/8067 2018/1899/8068
f 2018/1899/8069 2090/1969/8070 2091/1970/8071 2019/1900/8072
f 2019/1900/8073 2091/1970/8074 2092/1971/8075 2020/1901/8076
f 2020/1901/8077 2092/1971/8078 2093/1972/8079 2021/1902/8080
f 2021/1902/8081 2093/1972/8082 2094/1973/8083 2022/1903/8084
f 2022/1903/8085 2094/1973/8086 2095/1974/8087 2023/1904/8088
f 2023/1904/8089 2095/1974/8090 2096/1975/8091 2024/1905/8092
f 2024/1905/8093 2096/1975/8094 2097/1976/8095 2025/1906/8096
f 2025/1906/8097 2097/1976/8098 2098/1977/8099 2026/1907/8100
f 2026/1907/8101 2098/1977/8102 2099/1978/8103 2027/1908/8104
f 2027/1908/8105 2099/1978/8106 2100/1979/8107 2028/1909/8108
f 2028/1909/8109 2100/1979/8110 2101/1980/8111 2029/1910/8112
f 2029/1910/8113 2101/1980/8114 2102/1981/8115 2030/1911/8116
f 2030/1911/8117 2102/1981/8118 2103/1982/8119 2031/1912/8120
f 2031/1912/8121 2103/1982/8122 2104/1983/8123 2032/1913/8124
f 2032/1913/8125 2104/1983/8126 2105/1984/8127 2033/1914/8128
f 2033/1914/8129 2105/1984/8130 2106/1985/8131 2034/1915/8132
f 2034/1915/8133 2106/1985/8134 2107/1986/8135 2035/1916/8136
f 2035/1916/8137 2107/1986/8138 2108/1987/8139 2036/1915/8140
f 2036/1915/8141 2108/1987/8142 2109/1988/8143 2037/1917/8144
f 2037/1917/8145 2109/1988/8146 2110/1989/8147 2038/1918/8148
f 2038/1918/8149 2110/1989/8150 2111/1990/8151 2039/1919/8152
f 2039/1919/8153 2111/1990/8154 2112/1991/8155 2040/1920/8156
f 2040/1920/8157 2112/1991/8158 2113/1992/8159 2041/1921/8160
f 2041/1921/8161 2113/1992/8162 2114/1993/8163 2042/1922/8164
f 2042/1922/8165 2114/1993/8166 2115/1994/8167 2043/1923/8168
f 2043/1923/8169 2115/1994/8170 2116/1995/8171 2044/1924/8172
f 2044/1924/8173 2116/1995/8174 2117/1996/8175 2045/1925/8176
f 2045/1925/8177 2117/1996/8178 2118/1997/8179 2046/1926/8180
f 2046/1926/8181 2118/1997/8182 2119/1998/8183 2047/1927/8184
f 2047/1927/8185 2119/1998/8186 2120/1999/8187 2048/1928/8188
f 2048/1928/8189 2120/1999/8190 2121/2000/8191 2049/1929/8192
f 2049/1929/8193 2121/2000/8194 2122/2001/8195 2050/1930/8196
f 2050/1930/8197 2122/2001/8198 2123/2002/8199 2051/1931/8200
f 2051/1931/8201 2123/2002/8202 2124/2003/8203 2052/1932/8204
f 2052/1932/8205 2124/2003/8206 2125/2004/8207 2053/1933/8208
f 2053/1933/8209 2125/2004/8210 2126/2005/8211 2054/1934/8212
f 2054/1934/8213 2126/2005/8214 2127/2006/8215 2055/1935/8216
f 2055/1935/8217 2127/2006/8218 2128/2007/8219 2056/1936/8220
f 2056/1936/8221 2128/2007/8222 2129/2008/8223 2057/1937/8224
f 2057/1937/8225 2129/2008/8226 2130/2009/8227 2058/1938/8228
f 2058/1938/8229 2130/2009/8230 2131/2010/8231 2059/1939/8232
f 2059/1939/8233 2131/2010/8234 2132/2011/8235 2060/1940/8236
f 2060/1940/8237 2132/2011/8238 2133/2012/8239 2061/1941/8240
f 2061/1941/8241 2133/2012/8242 2134/2013/8243 2062/1942/8244
f 2062/1942/8245 2134/2013/8246 2135/2014/8247 2063/1943/8248
f 2063/1943/8249 2135/2014/8250 2136/2015/8251 2064/1944/8252
f 2064/1944/8253 2136/2015/8254 2137/2016/8255 2065/1945/8256
f 2065/1945/8257 2137/2016/8258 2138/2017/8259 2066/1946/8260
f 2066/1946/8261 2138/2017/8262 2139/2018/8263 2067/1947/8264
f 2067/1947/8265 2139/2018/8266 2140/2019/8267 2068/1948/8268
f 2068/1948/8269 2140/2019/8270 2141/2020/8271 2069/1949/8272
f 2069/1949/8273 2141/2020/8274 2142/2021/8275 2070/1950/8276
f 2070/1950/8277 2142/2021/8278 2143/2022/8279 2071/1951/8280
f 2071/1951/8281 2143/2022/8282 2144/2023/8283 2072/1952/8284
f 2072/1952/8285 2144/2023/8286 2145/2024/8287 2073/1953/8288
f 2073/1953/8289 2145/2024/8290 2146/2025/8291 2074/1948/8292
f 2074/1948/8293 2146/2025/8294 2147/2026/8295 2075/1954/8296
f 2075/1954/8297 2147/2026/8298 2148/2027/8299 2076/1955/8300
f 2076/1955/8301 2148/2027/8302 2149/2028/8303 2077/1956/8304
f 2077/1956/8305 2149/2028/8306 2150/2029/8307 2078/1957/8308
f 2078/1957/8309 2150/2029/8310 2151/2030/8311 2079/1958/8312
f 2079/1958/8313 2151/2030/8314 2152/2031/8315 2080/1959/8316
f 2080/1959/8317 2152/2031/8318 2153/2032/8319 2081/1960/8320
f 2081/1960/8321 2153/2032/8322 2154/2033/8323 2082/1961/8324
f 2082/1961/8325 2154/2033/8326 2155/2034/8327 2083/1962/8328
f 2083/1962/8329 2155/2034/8330 2156/2035/8331 2084/1963/8332
f 2084/1963/8333 2156/2035/8334 2157/2036/8335 2085/1964/8336
f 2085/1964/8337 2157/2036/8338 2158/2037/8339 2086/1965/8340
f 2086/1965/8341 2158/2037/8342 2159/2038/8343 2087/1966/8344
f 2087/1966/8345 2159/2038/8346 2160/2039/8347 2088/1967/8348
f 2088/1967/8349 2160/2039/8350 2089/1968/8351 2017/1898/8352
f 2089/1968/8353 2161/2040/8354 2162/2041/8355 2090/1969/8356
f 2090/1969/8357 2162/2041/8358 2163/2042/8359 2091/1970/8360
f 2091/1970/8361 2163/2042/8362 2164/2043/8363 2092/1971/8364
f 2092/1971/8365 2164/2043/8366 2165/2044/8367 2093/1972/8368
f 2093/1972/8369 2165/2044/8370 2166/2045/8371 2094/1973/8372
f 2094/1973/8373 2166/2045/8374 2167/2046/8375 2095/1974/8376
f 2095/1974/8377 2167/2046/8378 2168/2047/8379 2096/1975/8380
f 2096/1975/8381 2168/2047/8382 2169/2048/8383 2097/1976/8384
f 2097/1976/8385 2169/2048/8386 2170/2043/8387 2098/1977/8388
f 2098/1977/8389 2170/2043/8390 2171/2044/8391 2099/1978/8392
f 2099/1978/8393 2171/2044/8394 2172/2047/8395 2100/1979/8396
f 2100/1979/8397 2172/2047/8398 2173/2049/8399 2101/1980/8400
f 2101/1980/8401 2173/2049/8402 2174/2050/8403 2102/1981/8404
f 2102/1981/8405 2174/2050/8406 2175/2051/8407 2103/1982/8408
f 2103/1982/8409 2175/2051/8410 2176/2052/8411 2104/1983/8412
f 2104/1983/8413 2176/2052/8414 2177/2053/8415 2105/1984/8416
f 2105/1984/8417 2177/2053/8418 2178/2054/8419 2106/1985/8420
f 2106/1985/8421 2178/2054/8422 2179/2055/8423 2107/1986/8424
f 2107/1986/8425 2179/2055/8426 2180/2056/8427 2108/1987/8428
f 2108/1987/8429 2180/2056/8430 2181/2055/8431 2109/1988/8432
f 2109/1988/8433 2181/2055/8434 2182/2055/8435 2110/1989/8436
f 2110/1989/8437 2182/2055/8438 2183/2057/8439 2111/1990/8440
f 2111/1990/8441 2183/2057/8442 2184/2057/8443 2112/1991/8444
f 2112/1991/8445 2184/2057/8446 2185/2058/8447 2113/1992/8448
f 2113/1992/8449 2185/2058/8450 2186/2059/8451 2114/1993/8452
f 2114/1993/8453 2186/2059/8454 2187/2058/8455 2115/1994/8456
f 2115/1994/8457 2187/2058/8458 2188/2055/8459 2116/1995/8460
f 2116/1995/8461 2188/2055/8462 2189/2056/8463 2117/1996/8464
f 2117/1996/8465 2189/2056/8466 2190/2055/8467 2118/1997/8468
f 2118/1997/8469 2190/2055/8470 2191/2055/8471 2119/1998/8472
f 2119/1998/8473 2191/2055/8474 2192/2057/8475 2120/1999/8476
f 2120/1999/8477 2192/2057/8478 2193/2057/8479 2121/2000/8480
f 2121/2000/8481 2193/2057/8482 2194/2058/8483 2122/2001/8484
f 2122/2001/8485 2194/2058/8486 2195/2059/8487 2123/2002/8488
f 2123/2002/8489 2195/2059/8490 2196/2058/8491 2124/2003/8492
f 2124/2003/8493 2196/2058/8494 2197/2055/8495 2125/2004/8496
f 2125/2004/8497 2197/2055/8498 2198/2056/8499 2126/2005/8500
f 2126/2005/8501 2198/2056/8502 2199/2055/8503 2127/2006/8504
f 2127/2006/8505 2199/2055/8506 2200/2055/8507 2128/2007/8508
f 2128/2007/8509 2200/2055/8510 2201/2060/8511 2129/2008/8512
f 2129/2008/8513 2201/2060/8514 2202/2055/8515 2130/2009/8516
f 2130/2009/8517 2202/2055/8518 2203/2055/8519 2131/2010/8520
f 2131/2010/8521 2203/2055/8522 2204/2059/8523 2132/2011/8524
f 2132/2011/8525 2204/2059/8526 2205/2058/8527 2133/2012/8528
f 2133/2012/8529 2205/2058/8530 2206/2055/8531 2134/2013/8532
f 2134/2013/8533 2206/2055/8534 2207/2056/8535 2135/2014/8536
f 2135/2014/8537 2207/2056/8538 2208/2055/8539 2136/2015/8540
f 2136/2015/8541 2208/2055/8542 2209/2055/8543 2137/2016/8544
f 2137/2016/8545 2209/2055/8546 2210/2060/8547 2138/2017/8548
f 2138/2017/8549 2210/2060/8550 2211/2055/8551 2139/2018/8552
f 2139/2018/8553 2211/2055/8554 2212/2055/8555 2140/2019/8556
f 2140/2019/8557 2212/2055/8558 2213/2059/8559 2141/2020/8560
f 2141/2020/8561 2213/2059/8562 2214/2058/8563 2142/2021/8564
f 2142/2021/8565 2214/2058/8566 2215/2055/8567 2143/2022/8568
f 2143/2022/8569 2215/2055/8570 2216/2056/8571 2144/2023/8572
f 2144/2023/8573 2216/2056/8574 2217/2055/8575 2145/2024/8576
f 2145/2024/8577 2217/2055/8578 2218/2055/8579 2146/2025/8580
f 2146/2025/8581 2218/2055/8582 2219/2060/8583 2147/2026/8584
f 2147/2026/8585 2219/2060/8586 2220/2055/8587 2148/2027/8588
f 2148/2027/8589 2220/2055/8590 2221/2055/8591 2149/2028/8592
f 2149/2028/8593 2221/2055/8594 2222/2059/8595 2150/2029/8596
f 2150/2029/8597 2222/2059/8598 2223/2058/8599 2151/2030/8600
f 2151/2030/8601 2223/2058/8602 2224/2055/8603 2152/2031/8604
f 2152/2031/8605 2224/2055/8606 2225/2061/8607 2153/2032/8608
f 2153/2032/8609 2225/2061/8610 2226/2062/8611 2154/2033/8612
f 2154/2033/8613 2226/2062/8614 2227/2052/8615 2155/2034/8616
f 2155/2034/8617 2227/2052/8618 2228/2063/8619 2156/2035/8620
f 2156/2035/8621 2228/2063/8622 2229/2064/8623 2157/2036/8624
f 2157/2036/8625 2229/2064/8626 2230/2040/8627 2158/2037/8628
f 2158/2037/8629 2230/2040/8630 2231/2065/8631 2159/2038/8632
f 2159/2038/8633 2231/2065/8634 2232/2066/8635 2160/2039/8636
f 2160/2039/8637 2232/2066/8638 2161/2040/8639 2089/1968/8640
